path,box_file_id,bytes
Panneaux_G_balises_J/Balises_J/J7.svg,1343852091804,9951
Panneaux_G_balises_J/Balises_J/J5.svg,1343845739743,6502
Panneaux_G_balises_J/Balises_J/J6.svg,1343844609463,8962
Panneaux_G_balises_J/Balises_J/J4ex2.svg,1343843951944,6577
Panneaux_G_balises_J/Balises_J/J4-g.svg,1343842698433,7697
Panneaux_G_balises_J/Balises_J/J15b.svg,1343854350280,27570
Panneaux_G_balises_J/Balises_J/J1_bis.svg,1343851350207,7368
Panneaux_G_balises_J/Balises_J/J3.svg,1343843324560,7848
Panneaux_G_balises_J/Balises_J/J15a.svg,1343843144811,8908
Panneaux_G_balises_J/Balises_J/J4-d.svg,1343839506654,7692
Panneaux_G_balises_J/Balises_J/J16.svg,1343838860655,41631
Panneaux_G_balises_J/Balises_J/J11.svg,1343849622349,8745
Panneaux_G_balises_J/Balises_J/J13.svg,1343848228055,9895
Panneaux_G_balises_J/Balises_J/J14b.svg,1343854530510,16072
Panneaux_G_balises_J/Balises_J/J14a.svg,1343851595593,8842
Panneaux_G_balises_J/Balises_J/J10-g.svg,1343850887028,9726
Panneaux_G_balises_J/Balises_J/J12.svg,1343845350795,8745
Panneaux_G_balises_J/Balises_J/J1.svg,1343858642365,7812
Panneaux_G_balises_J/Balises_J/J10-d.svg,1343848462874,10008
Panneaux_G_balises_J/Signaux_G/G1_bis.svg,1343854489334,19363
Panneaux_G_balises_J/Signaux_G/G3.svg,1343846447711,84930
Panneaux_G_balises_J/Signaux_G/G2.svg,1343842611652,88088
Panneaux_G_balises_J/Signaux_G/G1a_bis.svg,1343851120657,24667
Panneaux_G_balises_J/Signaux_G/G1B.svg,1343850795828,14538
Panneaux_G_balises_J/Signaux_G/G1b_bis.svg,1343849732800,18287
Panneaux_G_balises_J/Signaux_G/G1A.svg,1343846862634,19370
Panneaux_G_balises_J/Signaux_G/G1C.svg,1343846735251,19272
Panneaux_G_balises_J/Signaux_G/G1c_bis.svg,1343839991917,22877
Panneaux_G_balises_J/Signaux_G/G1.svg,1343844301620,14543
panneaux_K/Signaux_KX/KX50.svg,1343848643285,310437
panneaux_K/Signaux_KC/KC1_ex2.svg,1343848495119,22090
panneaux_K/Signaux_KC/KC1_ex3.svg,1343842727641,21859
panneaux_K/Signaux_KC/KC1_ex1.svg,1343838683124,22553
panneaux_K/Signaux_KM/KM2_cd.svg,1343854186934,10346
panneaux_K/Signaux_KM/KM9_ex2_cd.svg,1343851662034,23394
panneaux_K/Signaux_KM/KM9_ex1_cd.svg,1343848158617,14108
panneaux_K/Signaux_KM/KM1_cd.svg,1343844162420,10898
panneaux_K/Signaux_KM/KM.svg,1343850567610,50874
panneaux_K/Signaux_AK/AK5.svg,1343858023190,10356
panneaux_K/Signaux_AK/AK32.svg,1343848101017,16047
panneaux_K/Signaux_AK/AK4.svg,1343845002627,10579
panneaux_K/Signaux_AK/AK31.svg,1343842658125,11448
panneaux_K/Signaux_AK/AK30.svg,1343839612715,20793
panneaux_K/Signaux_AK/AK3.svg,1343839249943,8234
panneaux_K/Signaux_AK/AK2.svg,1343850767857,8115
panneaux_K/Signaux_AK/AK22.svg,1343852879694,18270
panneaux_K/Signaux_AK/AK14.svg,1343846437383,8520
panneaux_K/Signaux_AK/AK17.svg,1343846210187,10406
panneaux_K/signaux_K/K5B.svg,1343856292137,14436
panneaux_K/signaux_K/K5D.svg,1343851494986,8849
panneaux_K/signaux_K/K5A.svg,1343850935677,8067
panneaux_K/signaux_K/K5c.svg,1343849809503,10967
panneaux_K/signaux_K/K8.svg,1343837711393,10754
panneaux_K/signaux_K/K15_ex2.svg,1343856885431,9968
panneaux_K/signaux_K/K2_ex2.svg,1343852046857,14482
panneaux_K/signaux_K/K16.svg,1343846538559,86275
panneaux_K/signaux_K/K14.svg,1343846447065,23224
panneaux_K/signaux_K/K15_ex1.svg,1343838249047,12619
panneaux_K/signaux_K/K2_ex1.svg,1343835436126,25565
panneaux_K/signaux_K/K1.svg,1343841963669,6482
panneaux_K/signaux_K/K10.svg,1343834860784,9780
panneaux_K/Signaux_KR/KR43ex1_dc.svg,1343845271360,22123
panneaux_K/Signaux_KR/KR42_ex1_cd.svg,1343841568367,18568
panneaux_K/Signaux_KR/KR43.svg,1343840943681,38629
panneaux_K/Signaux_KR/KR44.svg,1343836293593,65288
panneaux_K/Signaux_KR/KR41.svg,1343849567004,12683
panneaux_K/Signaux_KR/KR42.svg,1343841914192,31997
panneaux_K/Signaux_KR/KR42ex2_dc.svg,1343841191465,18590
panneaux_K/Signaux_KR/KR2.svg,1343849252404,20184
panneaux_K/Signaux_KR/KR11j.svg,1343848089226,11913
panneaux_K/Signaux_KR/KR11v.svg,1343842093276,11707
panneaux_K/Signaux_KR/KR1.svg,1343848664652,7824
panneaux_K/Signaux_KD/KD8_ex6.svg,1343856534904,33814
panneaux_K/Signaux_KD/KD8_ex5.svg,1343845557421,35873
panneaux_K/Signaux_KD/KS1.svg,1343844280681,11258
panneaux_K/Signaux_KD/KD9_ex4.svg,1343843858247,10688
panneaux_K/Signaux_KD/KD8_ex4.svg,1343842108474,24049
panneaux_K/Signaux_KD/KD8_ex1.svg,1343856028366,35776
panneaux_K/Signaux_KD/KD8_ex2.svg,1343846720506,24038
panneaux_K/Signaux_KD/KD79b.svg,1343838421955,30318
panneaux_K/Signaux_KD/KD8_ex3.svg,1343837829047,38472
panneaux_K/Signaux_KD/KD79a.svg,1343836391055,33047
panneaux_K/Signaux_KD/KD69b.svg,1343835561365,29968
panneaux_K/Signaux_KD/KD44b_ex2.svg,1343849303103,19800
panneaux_K/Signaux_KD/KD69a.svg,1343846447920,12512
panneaux_K/Signaux_KD/KD62.svg,1343843358614,25368
panneaux_K/Signaux_KD/KD44a_ex2.svg,1343841562869,22108
panneaux_K/Signaux_KD/KD44b.svg,1343848614036,16031
panneaux_K/Signaux_KD/KD44c.svg,1343834291742,29547
panneaux_K/Signaux_KD/KD43a_ex2.svg,1343846526229,12037
panneaux_K/Signaux_KD/KD44a.svg,1343842335606,17373
panneaux_K/Signaux_KD/KD43d.svg,1343855826466,11519
Panneaux_B/Fin_obligation/B45b.svg,1343858380255,9370
Panneaux_B/Fin_obligation/B44.svg,1343853383954,22856
Panneaux_B/Fin_obligation/B45a.svg,1343851192031,9365
Panneaux_B/Fin_obligation/B49_ex2.svg,1343849574608,23328
Panneaux_B/Fin_obligation/B49_ex1.svg,1343841359958,11360
Panneaux_B/Fin_obligation/B40.svg,1343851470292,9623
Panneaux_B/Fin_obligation/B42.svg,1343846929872,9245
Panneaux_B/Fin_obligation/B43.svg,1343858826942,8711
Panneaux_B/Fin_obligation/B41.svg,1343836701361,10668
Panneaux_B/Obligation/B29_ex1.svg,1343845525506,10408
Panneaux_B/Obligation/B27a.svg,1343844642461,8977
Panneaux_B/Obligation/B29_ex2.svg,1343837992472,19316
Panneaux_B/Obligation/B27b.svg,1343838013972,9109
Panneaux_B/Obligation/B26.svg,1343850370938,25248
Panneaux_B/Obligation/B22c.svg,1343850126207,8819
Panneaux_B/Obligation/B25-50.svg,1343845319008,10001
Panneaux_B/Obligation/B25-30.svg,1343844760214,8320
Panneaux_B/Obligation/B22a.svg,1343843587113,9345
Panneaux_B/Obligation/B22b.svg,1343841178894,8632
Panneaux_B/Obligation/B21e.svg,1343854400914,7994
Panneaux_B/Obligation/B21d2.svg,1343847930274,7941
Panneaux_B/Obligation/B21c2.svg,1343847399762,7856
Panneaux_B/Obligation/B21c1.svg,1343846967926,7858
Panneaux_B/Obligation/B21d1.svg,1343839969962,7942
Panneaux_B/Obligation/B21b.svg,1343836888002,7773
Panneaux_B/Obligation/B21a2.svg,1343852008333,7942
Panneaux_B/Obligation/B21-2.svg,1343851333947,7774
Panneaux_B/Obligation/B21a1.svg,1343843190874,7938
Panneaux_B/Obligation/B21-1.svg,1343840269791,7775
Panneaux_B/Prescription_zonale/B6b5_dc.svg,1343847464959,13796
Panneaux_B/Prescription_zonale/B6b5_ancien.svg,1343843206876,13078
Panneaux_B/Prescription_zonale/B6b2.svg,1343853057568,12176
Panneaux_B/Prescription_zonale/B6b4.svg,1343849838518,9630
Panneaux_B/Prescription_zonale/B6b3_ancien.svg,1343849399330,9991
Panneaux_B/Prescription_zonale/B6b3_dc.svg,1343857617273,10039
Panneaux_B/Prescription_zonale/B6b3.svg,1343848053082,10979
Panneaux_B/Prescription_zonale/B6b5.svg,1343844172495,13910
Panneaux_B/Prescription_zonale/B53.svg,1343857446128,16007
Panneaux_B/Prescription_zonale/B54.svg,1343852451679,8265
Panneaux_B/Prescription_zonale/B55.svg,1343851892533,8821
Panneaux_B/Prescription_zonale/B51.svg,1343849608404,11398
Panneaux_B/Prescription_zonale/B52.svg,1343849037109,16190
Panneaux_B/Prescription_zonale/B6b1.svg,1343841870602,9091
Panneaux_B/Prescription_zonale/B50b.svg,1343847259145,12562
Panneaux_B/Prescription_zonale/B50c_ancien.svg,1343841671254,10377
Panneaux_B/Prescription_zonale/B50e_ancien.svg,1343840067997,13457
Panneaux_B/Prescription_zonale/B50c.svg,1343850395086,11291
Panneaux_B/Prescription_zonale/B50d.svg,1343846111360,10016
Panneaux_B/Prescription_zonale/B50e.svg,1343843898505,14371
Panneaux_B/Interdiction/B9f.svg,1343850707171,9648
Panneaux_B/Interdiction/B9h.svg,1343850023777,12291
Panneaux_B/Interdiction/B9g.svg,1343843929995,9604
Panneaux_B/Interdiction/B9i.svg,1343838837165,9471
Panneaux_B/Interdiction/B9d.svg,1343841762978,9254
Panneaux_B/Interdiction/B8.svg,1343856259176,9073
Panneaux_B/Interdiction/B9b.svg,1343849603857,10049
Panneaux_B/Interdiction/B9e.svg,1343846995119,9760
Panneaux_B/Interdiction/B9c.svg,1343842396082,9823
Panneaux_B/Interdiction/B9a.svg,1343838743565,9027
Panneaux_B/Interdiction/B6a3.svg,1343856935752,11642
Panneaux_B/Interdiction/B6a1.svg,1343838512899,9132
Panneaux_B/Interdiction/B6a2.svg,1343846855470,10809
Panneaux_B/Interdiction/B6d.svg,1343842854874,9191
Panneaux_B/Interdiction/B7b.svg,1343840691694,12856
Panneaux_B/Interdiction/B7a.svg,1343837507121,11764
Panneaux_B/Interdiction/B4.svg,1343851492253,10798
Panneaux_B/Interdiction/B3a.svg,1343850849030,9621
Panneaux_B/Interdiction/B5c.svg,1343849130228,10546
Panneaux_B/Interdiction/B3.svg,1343845211253,9834
Panneaux_B/Fin_interdiction/B34.svg,1343848924507,8984
Panneaux_B/Fin_interdiction/B35.svg,1343844414377,8463
Panneaux_B/Fin_interdiction/B34a.svg,1343856316416,9137
Panneaux_B/Fin_interdiction/B39.svg,1343847232271,13274
Panneaux_B/Fin_interdiction/B33_30.svg,1343837493572,13506
Panneaux_B/Fin_interdiction/B33_70.svg,1343851050483,10819
Panneaux_B/Fin_interdiction/B33_110.svg,1343845561249,10779
Panneaux_B/Fin_interdiction/B33_50.svg,1343843027557,11978
Panneaux_B/Fin_interdiction/B33_90.svg,1343843025157,13483
Panneaux_B/Fin_interdiction/B31.svg,1343837949516,7641
Panneaux_E_EB/Signaux_E/E54c_ex.svg,1343849037289,13752
Panneaux_E_EB/Signaux_E/E_46_dc.svg,1343845247653,8282
Panneaux_E_EB/Signaux_E/E53c_ex1.svg,1343858063918,11858
Panneaux_E_EB/Signaux_E/E54a_ex.svg,1343857820866,17498
Panneaux_E_EB/Signaux_E/E54b_ex1.svg,1343852898890,21493
Panneaux_E_EB/Signaux_E/E54b_ex2.svg,1343852221254,23368
Panneaux_E_EB/Signaux_E/E53c_ex2.svg,1343848007252,22559
Panneaux_E_EB/Signaux_E/E53c_dc.svg,1343842731710,22125
Panneaux_E_EB/Signaux_E/E53a_ex2.svg,1343847892124,15557
Panneaux_E_EB/Signaux_E/E52c_ex1.svg,1343847560908,62519
Panneaux_E_EB/Signaux_E/E52c_ex2.svg,1343842479936,55611
Panneaux_E_EB/Signaux_E/E53a_ex1.svg,1343857926655,16544
Panneaux_E_EB/Signaux_E/E53b_ex2.svg,1343849807991,20816
Panneaux_E_EB/Signaux_E/E53b_ex1.svg,1343838286863,18352
Panneaux_E_EB/Signaux_E/E52b_ex2.svg,1343845924511,22239
Panneaux_E_EB/Signaux_E/E52b_ex1.svg,1343858282073,25900
Panneaux_E_EB/Signaux_E/E52a_ex3.svg,1343847870162,23301
Panneaux_E_EB/Signaux_E/E52a_ex2.svg,1343847753240,12227
Panneaux_E_EB/Signaux_E/E52b_ex1_dc.svg,1343843421427,26067
Panneaux_E_EB/Signaux_E/E52c_dc.svg,1343842979054,21262
Panneaux_E_EB/Signaux_EB/EB20.svg,1343835193499,14054
Panneaux_E_EB/Signaux_EB/EB10.svg,1343848667604,64432
Panonceaux_M/Type_M2/M2_ex4.svg,1343842064642,14879
Panonceaux_M/Type_M2/M2_ex3.svg,1343848415141,11171
Panonceaux_M/Type_M2/M2_ex5.svg,1343847940726,12742
Panonceaux_M/Type_M2/M2_ex1.svg,1343855639487,12290
Panonceaux_M/Type_M2/M2_ex2.svg,1343837128099,11203
Panonceaux_M/Type_M3/M3b3.svg,1343848763908,7855
Panonceaux_M/Type_M3/M3b2.svg,1343845723199,8965
Panonceaux_M/Type_M3/M3b4.svg,1343845614893,7857
Panonceaux_M/Type_M3/M3d.svg,1343844258033,7453
Panonceaux_M/Type_M3/M3b1.svg,1343855605765,8958
Panonceaux_M/Type_M3/M3a2.svg,1343842520776,9039
Panonceaux_M/Type_M3/M3a1.svg,1343843651711,9532
Panonceaux_M/Type_M10/M10c3.svg,1343853419203,13820
Panonceaux_M/Type_M10/M10z.svg,1343837248247,15820
Panonceaux_M/Type_M10/M10c2.svg,1343846027806,10430
Panonceaux_M/Type_M10/M10b.svg,1343855567782,12164
Panonceaux_M/Type_M10/M10a_ex2.svg,1343851213906,8854
Panonceaux_M/Type_M10/M10BL.svg,1343851146038,12529
Panonceaux_M/Type_M10/M10A.svg,1343850817894,8423
Panonceaux_M/Type_M10/M10a_ex1.svg,1343850243823,8877
Panonceaux_M/Type_M10/M10c1.svg,1343841256020,8342
Panonceaux_M/Type_M7/M7_ex2.svg,1343855534182,8574
Panonceaux_M/Type_M7/M7_ex3.svg,1343840180560,8208
Panonceaux_M/Type_M7/M7_ex1.svg,1343833691831,8156
Panonceaux_M/Type_M11/M11b_ex2_dc.svg,1343848496839,12873
Panonceaux_M/Type_M11/M11b_ex2.svg,1343843423177,24859
Panonceaux_M/Type_M11/M11c2.svg,1343835949521,14906
Panonceaux_M/Type_M11/M11a.svg,1343849442800,69558
Panonceaux_M/Type_M11/M11b.svg,1343846099492,35706
Panonceaux_M/Type_M11/M11b_ex1_dc.svg,1343842364776,23529
Panonceaux_M/Type_M11/M11b_ex1.svg,1343841059809,25150
Panonceaux_M/Type_M12/M12b_C.svg,1343840101310,9424
Panonceaux_M/Type_M12/M12b.svg,1343834719068,8914
Panonceaux_M/Type_M12/M12a_C.svg,1343846180429,9428
Panonceaux_M/Type_M12/M12a.svg,1343836023950,8918
Panonceaux_M/Type_M8/M8d_bis.svg,1343849908325,11416
Panonceaux_M/Type_M8/M8e.svg,1343849003453,6419
Panonceaux_M/Type_M8/M8f_bis.svg,1343844963660,15305
Panonceaux_M/Type_M8/M8f.svg,1343835884899,7977
Panonceaux_M/Type_M8/M8e_bis.svg,1343835652715,10749
Panonceaux_M/Type_M8/M8d-bis.svg,1343841937587,10997
Panonceaux_M/Type_M8/M8b.svg,1343846058551,6926
Panonceaux_M/Type_M8/M8c_bis.svg,1343844496463,10970
Panonceaux_M/Type_M8/M8d.svg,1343841150795,6419
Panonceaux_M/Type_M8/M8a_bis.svg,1343839146160,10409
Panonceaux_M/Type_M8/M8c.svg,1343835542149,8083
Panonceaux_M/Type_M8/M8ad.svg,1343839172859,9168
Panonceaux_M/Type_M8/M8a.svg,1343834903411,6922
Panonceaux_M/Type_M9/M9z_ex4.svg,1343839463275,19757
Panonceaux_M/Type_M9/M9z_ex7.svg,1343835962316,22969
Panonceaux_M/Type_M9/M9z_ex9.svg,1343849819446,22331
Panonceaux_M/Type_M9/M9z_ex8.svg,1343847253486,24569
Panonceaux_M/Type_M9/M9z_ex5.svg,1343847220485,24432
Panonceaux_M/Type_M9/M9z_ex6.svg,1343838841611,16060
Panonceaux_M/Type_M9/M9z_ex13.svg,1343854237352,23466
Panonceaux_M/Type_M9/M9z_ex14.svg,1343847621161,13214
Panonceaux_M/Type_M9/M9z_ex15.svg,1343842415914,22426
Panonceaux_M/Type_M9/M9z_ex3.svg,1343841474943,28527
Panonceaux_M/Type_M9/M9z_ex2.svg,1343833406288,25543
Panonceaux_M/Type_M9/M9z_ex16.svg,1343831925258,34621
Panonceaux_M/Type_M9/M9z_ex11.svg,1343845353289,12786
Panonceaux_M/Type_M9/M9z_ex10.svg,1343842379515,37421
Panonceaux_M/Type_M9/M9zex1cdr.svg,1343838342433,13784
Panonceaux_M/Type_M9/M9z_ex1.svg,1343847172464,31908
Panonceaux_M/Type_M9/M9zG2.svg,1343842726833,19550
Panonceaux_M/Type_M9/M9z_ex12.svg,1343836729589,13672
Panonceaux_M/Type_M9/M9v2.svg,1343853842230,12088
Panonceaux_M/Type_M9/M9j2.svg,1343849687657,7786
Panonceaux_M/Type_M1/M1_ex5.svg,1343832463031,10788
Panonceaux_M/Type_M1/M1_ex4.svg,1343841162394,10949
Panonceaux_M/Type_M1/M1a.svg,1343849495446,22082
Panonceaux_M/Type_M1/M1_ex3.svg,1343849337456,14054
Panonceaux_M/Type_M1/M1_ex1.svg,1343843444726,10020
Panonceaux_M/Type_M1/M1_ex2.svg,1343835883200,11554
Panonceaux_M/Type_M4/M4z.svg,1343835146149,13568
Panonceaux_M/Type_M4/M4x.svg,1343853867752,10376
Panonceaux_M/Type_M4/M4y.svg,1343842633964,8429
Panonceaux_M/Type_M4/M4v.svg,1343839761160,7539
Panonceaux_M/Type_M4/M4t.svg,1343835678021,8117
Panonceaux_M/Type_M4/M4u.svg,1343835219845,7374
Panonceaux_M/Type_M4/M4w.svg,1343832800956,7031
Panonceaux_M/Type_M4/M4s.svg,1343848683823,8185
Panonceaux_M/Type_M4/M4m.svg,1343844762671,8645
Panonceaux_M/Type_M4/M4r.svg,1343843476797,8678
Panonceaux_M/Type_M4/M4q.svg,1343839465554,8483
Panonceaux_M/Type_M4/M4p.svg,1343839345696,7380
Panonceaux_M/Type_M4/M4n.svg,1343839343296,7693
Panonceaux_M/Type_M4/M4l.svg,1343843455021,9446
Panonceaux_M/Type_M4/M4g.svg,1343833684221,9242
Panonceaux_M/Type_M4/M4i.svg,1343844731408,7613
Panonceaux_M/Type_M4/M4j.svg,1343843375997,23136
Panonceaux_M/Type_M4/M4h.svg,1343840084698,9421
Panonceaux_M/Type_M4/M4k.svg,1343835503917,9440
Panonceaux_M/Type_M4/M4c.svg,1343851513603,10638
Panonceaux_M/Type_M5/M5b.svg,1343843204908,9737
Panonceaux_M/Type_M5/M5a.svg,1343848328533,10021
Panonceaux_M/Type_M6/M6j.svg,1343849037248,17179
Panonceaux_M/Type_M6/M6i_ex1.svg,1343848327041,14775
Panonceaux_M/Type_M6/M6i_ex2.svg,1343840490998,11525
Panonceaux_M/Type_M6/M6d_ex2.svg,1343848144318,17810
Panonceaux_M/Type_M6/M6h.svg,1343846246329,11535
Panonceaux_M/Type_M6/M6f_ex2.svg,1343839694263,21236
Panonceaux_M/Type_M6/M6f_ex3.svg,1343839599771,10785
Panonceaux_M/Type_M6/M6e_ex.svg,1343839122354,12130
Panonceaux_M/Type_M6/M6f_ex1.svg,1343838808504,14541
Panonceaux_M/Type_M6/M6c_ex1.svg,1343844806089,19141
Panonceaux_M/Type_M6/M6d_ex1.svg,1343838884683,8075
Panonceaux_M/Type_M6/M6a.svg,1343835249517,11069
Panonceaux_M/Type_M6/M6c_ex2.svg,1343833537583,15954
Panonceaux_M/Type_M6/M6b_ex.svg,1343842636518,11340
Panneaux_D/Signaux_Dv/Dv61_ex1.svg,1343851079506,22363
Panneaux_D/Signaux_Dv/Dv61_ex2.svg,1343845288270,18987
Panneaux_D/Signaux_Dv/Dv43d_ex3.svg,1343841042635,10294
Panneaux_D/Signaux_Dv/Dv44.svg,1343840547883,23886
Panneaux_D/Signaux_Dv/Dv43d_ex1.svg,1343836566743,10330
Panneaux_D/Signaux_Dv/Dv43c_ex2.svg,1343850854057,10332
Panneaux_D/Signaux_Dv/Dv43d_ex2.svg,1343849862133,10321
Panneaux_D/Signaux_Dv/Dv43c_ex1.svg,1343844587766,10339
Panneaux_D/Signaux_Dv/Dv43c_ex3.svg,1343843356176,10304
Panneaux_D/Signaux_Dv/Dv43b_ex2.svg,1343835661455,26153
Panneaux_D/Signaux_Dv/Dv42a.svg,1343848340686,34344
Panneaux_D/Signaux_Dv/Dv21c_ex2.svg,1343847289983,10114
Panneaux_D/Signaux_Dv/Dv43a_ex2.svg,1343836002654,27957
Panneaux_D/Signaux_Dv/Dv43b_ex1.svg,1343854948790,27250
Panneaux_D/Signaux_Dv/Dv42b.svg,1343849065807,43331
Panneaux_D/Signaux_Dv/Dv43a_ex1.svg,1343834325237,32718
Panneaux_D/Signaux_Dv/Dv21a_ex1.svg,1343851243175,15328
Panneaux_D/Signaux_Dv/Dv11.svg,1343850387609,10037
Panneaux_D/Signaux_Dv/Dv21a_ex2.svg,1343845107674,11649
Panneaux_D/Signaux_Dv/Dv21b.svg,1343841638218,30198
Panneaux_D/Signaux_D/D74a.svg,1343855012965,18636
Panneaux_D/Signaux_D/D72.svg,1343848480792,39308
Panneaux_D/Signaux_D/D79b.svg,1343846516508,20208
Panneaux_D/Signaux_D/D79a.svg,1343844606326,17522
Panneaux_D/Signaux_D/D74b.svg,1343836701516,15811
Panneaux_D/Signaux_D/D73.svg,1343840586622,13945
Panneaux_D/Signaux_D/D69b_ex2.svg,1343851124986,22670
Panneaux_D/Signaux_D/D69A.svg,1343843077579,10178
Panneaux_D/Signaux_D/D71.svg,1343841707348,41042
Panneaux_D/Signaux_D/D69b_ex1.svg,1343841062313,15961
Panneaux_D/Signaux_D/D63D.svg,1343836211342,15464
Panneaux_D/Signaux_D/D64.svg,1343834447272,14643
Panneaux_D/Signaux_D/D62C.svg,1343850405433,15564
Panneaux_D/Signaux_D/D61B.svg,1343846543351,14798
Panneaux_D/Signaux_D/D62B.svg,1343843968160,13450
Panneaux_D/Signaux_D/D63C.svg,1343843954199,18841
Panneaux_D/Signaux_D/D62A.svg,1343843951799,13821
Panneaux_D/Signaux_D/D62D.svg,1343838030591,24026
Panneaux_D/Signaux_D/D61A.svg,1343845369260,14812
Panneaux_D/Signaux_D/D52b.svg,1343840929276,21595
Panneaux_D/Signaux_Dc/Dc43_ex2_dc.svg,1343840876620,45602
Panneaux_D/Signaux_Dc/Dc43_ex1_dc.svg,1343846620426,35481
Panneaux_D/Signaux_Dc/Dc43_ex1.svg,1343841784543,37536
Panneaux_D/Signaux_Dc/Dc29_ex1_dc.svg,1343837351448,36369
Panneaux_D/Signaux_Dc/Dc43_ex2.svg,1343844796159,44083
Panneaux_D/Signaux_Dc/Dc29_ex2.svg,1343840303792,51086
Panneaux_D/Signaux_Dc/Dc29_ex2_dc.svg,1343836326641,48002
Panneaux_D/Signaux_Dc/Dc29_ex1.svg,1343854554952,37640
Panneaux_D/Signaux_Dp/Dp1b.svg,1343850022838,23290
Panneaux_D/Signaux_Dp/Dp2b.svg,1343849881846,18741
Panneaux_D/Signaux_Dp/Dp1a.svg,1343847146337,23373
Panneaux_D/Signaux_Dp/Dp2a.svg,1343847139137,18036
Panneaux_D/Signaux_Da/Da52b.svg,1343847033592,21216
Panneaux_D/Signaux_Da/DA41D.svg,1343845763178,54300
Panneaux_D/Signaux_Da/DA52a.svg,1343843071197,17644
Panneaux_D/Signaux_Da/DA41E.svg,1343840356395,43153
Panneaux_D/Signaux_Da/Da51b.svg,1343838815422,17933
Panneaux_D/Signaux_Da/Da51br.svg,1343837014894,22558
Panneaux_D/Signaux_Da/DA41F.svg,1343833408286,15673
Panneaux_D/Signaux_Da/DA41A.svg,1343842564518,40593
Panneaux_D/Signaux_Da/DA32A_dc.svg,1343843231470,31857
Panneaux_D/Signaux_Da/DA32B.svg,1343841176777,20721
Panneaux_D/Signaux_Da/DA41B.svg,1343838128773,22701
Panneaux_D/Signaux_Da/DA41C.svg,1343836239997,21451
Panneaux_D/Signaux_Da/DA32B_dc.svg,1343835302400,21021
Panneaux_D/Signaux_Da/DA31C.svg,1343844925907,24673
Panneaux_D/Signaux_Da/DA31D.svg,1343838529675,38365
Panneaux_D/Signaux_Da/DA32A.svg,1343832784565,31091
Panneaux_D/Signaux_Da/DA31B.svg,1343831860631,33269
Panneaux_D/Signaux_Da/DA31E.svg,1343830986858,31059
Panneaux_D/Signaux_Da/DA31F.svg,1343838887154,23523
Panneaux_D/Signaux_Da/DA31A.svg,1343831399761,32605
Panneaux_AB/AB4.svg,1343846509503,9390
Panneaux_AB/AB6.svg,1343839708591,8111
Panneaux_AB/AB5.svg,1343839554527,15335
Panneaux_AB/AB7.svg,1343846099141,8885
Panneaux_AB/AB3b.svg,1343837711725,11996
Panneaux_AB/AB1.svg,1343846061377,8130
Panneaux_AB/AB25.svg,1343837783211,8984
Panneaux_AB/AB3a.svg,1343832181756,23265
Panneaux_AB/AB2.svg,1343832388688,8135
Panneaux_H/H32.svg,1343837764679,60603
Panneaux_H/H33.svg,1343833645811,90414
Panneaux_H/H22.svg,1343840972777,35679
Panneaux_H/H23.svg,1343837180425,11552
Panneaux_H/H13.svg,1343846780886,111721
Panneaux_H/H21.svg,1343838632729,18165
Panneaux_H/H31.svg,1343838186470,36179
Panneaux_H/H24.svg,1343837995196,20614
Panneaux_H/H12_ex.svg,1343843113465,175125
Panneaux_H/H11.svg,1343836206591,13699
Panneaux_H/H12_ex_dc.svg,1343834769517,162971
Symboles_SI/SI9.svg,1343845012726,9987
Symboles_SI/SI7.svg,1343843419120,9009
Symboles_SI/SI8.svg,1343834051514,9573
Symboles_SI/SI3.svg,1343848292680,9605
Symboles_SI/SI6.svg,1343845777204,10093
Symboles_SI/SI1b.svg,1343845643437,10646
Symboles_SI/SI5.svg,1343842761519,10003
Symboles_SI/SI2.svg,1343842247997,9995
Symboles_SI/SI4.svg,1343832902292,9526
Symboles_SI/SI1a.svg,1343839062752,9016
Symboles_SI/SI13.svg,1343837401281,9652
Symboles_SI/SI11.svg,1343836688425,11412
Symboles_SI/SI10.svg,1343845178257,13845
Symboles_SI/SI12.svg,1343843678379,11402
Symboles_SI/SI14.svg,1343837898902,9440
Panneaux_A/A4.svg,1343852373087,9950
Panneaux_A/A7.svg,1343843754400,9393
Panneaux_A/A8.svg,1343843389229,9836
Panneaux_A/auou.svg,1343835256248,9670
Panneaux_A/A6.svg,1343833102818,9758
Panneaux_A/A9.svg,1343830348582,11923
Panneaux_A/A3a.svg,1343844836988,8243
Panneaux_A/A3b.svg,1343837025325,8247
Panneaux_A/A24.svg,1343833598287,9446
Panneaux_A/A3.svg,1343830316901,8320
Panneaux_A/A2b.svg,1343848132457,8050
Panneaux_A/A2a.svg,1343838858645,8201
Panneaux_A/A21.svg,1343840977834,9464
Panneaux_A/A23.svg,1343846866913,8331
Panneaux_A/A20.svg,1343839922330,11951
Panneaux_A/A1b.svg,1343839847501,8158
Panneaux_A/A1d.svg,1343837874622,8302
Panneaux_A/A1c.svg,1343832371823,8300
Panneaux_A/A19.svg,1343846941918,9315
Panneaux_A/A1a.svg,1343842172759,8160
Symboles_SC/SC7.svg,1343845406308,11902
Symboles_SC/SC6.svg,1343845047807,10203
Symboles_SC/SC4.svg,1343845043007,7767
Symboles_SC/SC5.svg,1343842029494,9437
Symboles_SC/SC8.svg,1343836662841,10606
Symboles_SC/SC9.svg,1343832585174,10852
Symboles_SC/SC17.svg,1343844090042,8701
Symboles_SC/SC1a.svg,1343842249465,7226
Symboles_SC/SC1b.svg,1343840737623,12415
Symboles_SC/SC2.svg,1343839398392,9776
Symboles_SC/SC15.svg,1343837636487,7259
Symboles_SC/SC3.svg,1343834111541,10696
Symboles_SC/SC14.svg,1343846932586,9518
Symboles_SC/SC13.svg,1343841698110,9838
Symboles_SC/SC10.svg,1343842148474,10315
Symboles_SC/SC12.svg,1343832652266,8355
Symboles_SC/SC11.svg,1343829971566,9640
Panneaux_SR/SR50_ex2.svg,1343840697072,35622
Panneaux_SR/SR4_ex1_dc.svg,1343847544448,39749
Panneaux_SR/SR3_36_24.svg,1343846499735,43670
Panneaux_SR/SR4_ex2_dc.svg,1343843581308,38294
Panneaux_SR/SR4.svg,1343837236433,79912
Panneaux_SR/SR50_ex1.svg,1343836914865,54179
Panneaux_SR/SR3_24_16.svg,1343834934007,42355
Panneaux_SR/SR2c.svg,1343846240454,22209
Panneaux_SR/SR2a.svg,1343843677907,32426
Panneaux_SR/SR2b.svg,1343838082876,19557
Panneaux_SR/SR3_18_12.svg,1343833357443,41462
Panneaux_SR/SR3d.svg,1343832259092,11861
Panneaux_SR/SR3e.svg,1343832157880,19918
Panneaux_SR/SR2.svg,1343843223858,63815
Panneaux_CE/CE9.svg,1343845066804,9193
Panneaux_CE/SC8_19.svg,1343841455970,13166
Panneaux_CE/CE7.svg,1343837620032,7943
Panneaux_CE/CE6b.svg,1343837099404,8484
Panneaux_CE/CE8.svg,1343836856859,9098
Panneaux_CE/CE5a.svg,1343842655149,7981
Panneaux_CE/CE6a.svg,1343836664560,8916
Panneaux_CE/CE5b.svg,1343831402250,8484
Panneaux_CE/CE51.svg,1343839943375,12842
Panneaux_CE/CE50.svg,1343837094475,20601
Panneaux_CE/CE4c.svg,1343835440494,10306
Panneaux_CE/CE4b.svg,1343849586403,9745
Panneaux_CE/CE30a.svg,1343844400657,8349
Panneaux_CE/CE4a.svg,1343833857141,7495
Panneaux_CE/CE30b.svg,1343832786654,8350
Panneaux_CE/CE3a.svg,1343831607777,7611
Panneaux_CE/CE3b.svg,1343830132473,18200
Panneaux_CE/CE2b.svg,1343847680785,7741
Panneaux_CE/CE28.svg,1343846053323,7525
Panneaux_CE/CE26.svg,1343832295062,8783
Symboles_SU_SE/SU4.svg,1343844978165,9305
Symboles_SU_SE/SU1.svg,1343841150910,45975
Symboles_SU_SE/SU2.svg,1343833252247,7818
Symboles_SU_SE/SU5.svg,1343831538686,13178
Symboles_SU_SE/SU3.svg,1343844795804,28253
Symboles_SU_SE/SE2b_ex1.svg,1343844686064,11959
Symboles_SU_SE/SE2b_ex2.svg,1343841939660,13574
Symboles_SU_SE/SE2c.svg,1343836590687,11820
Symboles_SU_SE/SE3.svg,1343847119101,7271
Ideogrammes_ID/ID8.svg,1343837243220,8724
Ideogrammes_ID/ID9.svg,1343834406007,9076
Ideogrammes_ID/ID7.svg,1343843737275,9121
Ideogrammes_ID/ID4.svg,1343839715024,8488
Ideogrammes_ID/ID6.svg,1343837445374,8954
Ideogrammes_ID/ID5a.svg,1343836227728,11191
Ideogrammes_ID/ID5b.svg,1343832772099,8816
Ideogrammes_ID/ID38.svg,1343829686142,12082
Ideogrammes_ID/ID36.svg,1343843500426,13043
Ideogrammes_ID/ID34b.svg,1343843598804,11912
Ideogrammes_ID/ID34b_ex2.svg,1343842055520,12648
Ideogrammes_ID/ID34b_ex1.svg,1343838330461,12620
Ideogrammes_ID/ID37.svg,1343836067254,16301
Ideogrammes_ID/ID35.svg,1343834337480,9873
Ideogrammes_ID/ID32.svg,1343846248655,14167
Ideogrammes_ID/ID33b.svg,1343838028143,14949
Ideogrammes_ID/ID30.svg,1343830691765,8919
Ideogrammes_ID/ID33a.svg,1343843620569,14002
Ideogrammes_ID/ID31.svg,1343839098287,11418
Ideogrammes_ID/ID34a.svg,1343832879845,9141
Panneaux_C/C8.svg,1343842878075,8844
Panneaux_C/C9.svg,1343828682565,14434
Panneaux_C/C64d_ex1.svg,1343844342066,7480
Panneaux_C/C64c2.svg,1343839631766,11336
Panneaux_C/C65a.svg,1343838608976,18547
Panneaux_C/C65b.svg,1343835345269,17967
Panneaux_C/C7.svg,1343835181654,8339
Panneaux_C/C64d_ex2.svg,1343829871068,8494
Panneaux_C/C61.svg,1343845819056,24126
Panneaux_C/C62.svg,1343845450809,9717
Panneaux_C/C64a.svg,1343837946481,7715
Panneaux_C/C64b.svg,1343834360425,9212
Panneaux_C/C63.svg,1343832899555,17680
Panneaux_C/C64c1.svg,1343832249600,19305
Panneaux_C/C5.svg,1343845989125,8028
Panneaux_C/C6.svg,1343844793335,8195
Panneaux_C/C50.svg,1343841462608,13701
Panneaux_C/C51a.svg,1343840478162,21011
Panneaux_C/C60.svg,1343838491251,27070
Panneaux_C/C51b.svg,1343835311259,23707
