code,name_ja,name_en,family,file,size,notes
101,市町村,MUNICIPALITY,Guide Signs,MUNICIPALITY_101.svg,492x291 mm,"no size given for this face in the sign order; artwork kept at 1 pt = 10 mm (proportions as on the sheet, size nominal); live text outlined from the sheet's embedded fonts"
102-A (1),都府県,PREFECTURE,Guide Signs,PREFECTURE_102-A_1.svg,492x291 mm,"no size given for this face in the sign order; artwork kept at 1 pt = 10 mm (proportions as on the sheet, size nominal); example panel 1 of 2 under this label; live text outlined from the sheet's embedded fonts"
102-A (2),都府県,PREFECTURE,Guide Signs,PREFECTURE_102-A_2.svg,680x291 mm,"no size given for this face in the sign order; artwork kept at 1 pt = 10 mm (proportions as on the sheet, size nominal); example panel 2 of 2 under this label; live text outlined from the sheet's embedded fonts"
102-B,都府県,PREFECTURE,Guide Signs,PREFECTURE_102-B.svg,482x291 mm,"no size given for this face in the sign order; artwork kept at 1 pt = 10 mm (proportions as on the sheet, size nominal); live text outlined from the sheet's embedded fonts"
103-A,入口の方向,EXPRESSWAY ENTRANCE DIRECTION,Guide Signs,EXPRESSWAY_ENTRANCE_DIRECTION_103-A.svg,393x401 mm,"no size given for this face in the sign order; artwork kept at 1 pt = 10 mm (proportions as on the sheet, size nominal); live text outlined from the sheet's embedded fonts"
103-B,入口の方向,EXPRESSWAY ENTRANCE DIRECTION,Guide Signs,EXPRESSWAY_ENTRANCE_DIRECTION_103-B.svg,393x401 mm,"no size given for this face in the sign order; artwork kept at 1 pt = 10 mm (proportions as on the sheet, size nominal); live text outlined from the sheet's embedded fonts"
104,入口の予告,EXPRESSWAY ENTRANCE AHEAD,Guide Signs,EXPRESSWAY_ENTRANCE_AHEAD_104.svg,393x401 mm,"no size given for this face in the sign order; artwork kept at 1 pt = 10 mm (proportions as on the sheet, size nominal); live text outlined from the sheet's embedded fonts"
105-A,方面、方向及び距離,DESTINATION DIRECTION AND DISTANCE,Guide Signs,DESTINATION_DIRECTION_AND_DISTANCE_105-A.svg,525x409 mm,"no size given for this face in the sign order; artwork kept at 1 pt = 10 mm (proportions as on the sheet, size nominal); live text outlined from the sheet's embedded fonts"
105-B,方面、方向及び距離,DESTINATION DIRECTION AND DISTANCE,Guide Signs,DESTINATION_DIRECTION_AND_DISTANCE_105-B.svg,437x276 mm,"no size given for this face in the sign order; artwork kept at 1 pt = 10 mm (proportions as on the sheet, size nominal); live text outlined from the sheet's embedded fonts"
105-C,方面、方向及び距離,DESTINATION DIRECTION AND DISTANCE,Guide Signs,DESTINATION_DIRECTION_AND_DISTANCE_105-C.svg,437x143 mm,"no size given for this face in the sign order; artwork kept at 1 pt = 10 mm (proportions as on the sheet, size nominal); live text outlined from the sheet's embedded fonts"
106-A,方面及び距離,DESTINATION AND DISTANCE,Guide Signs,DESTINATION_AND_DISTANCE_106-A.svg,465x262 mm,"no size given for this face in the sign order; artwork kept at 1 pt = 10 mm (proportions as on the sheet, size nominal); live text outlined from the sheet's embedded fonts"
106-B,方面及び距離,DESTINATION AND DISTANCE,Guide Signs,DESTINATION_AND_DISTANCE_106-B.svg,482x385 mm,"no size given for this face in the sign order; artwork kept at 1 pt = 10 mm (proportions as on the sheet, size nominal); live text outlined from the sheet's embedded fonts"
106-C,方面及び距離,DESTINATION AND DISTANCE,Guide Signs,DESTINATION_AND_DISTANCE_106-C.svg,385x308 mm,"no size given for this face in the sign order; artwork kept at 1 pt = 10 mm (proportions as on the sheet, size nominal); live text outlined from the sheet's embedded fonts"
107-A,方面及び車線,DESTINATION AND LANE,Guide Signs,DESTINATION_AND_LANE_107-A.svg,446x389 mm,"no size given for this face in the sign order; artwork kept at 1 pt = 10 mm (proportions as on the sheet, size nominal); live text outlined from the sheet's embedded fonts"
107-B,方面及び車線,DESTINATION AND LANE,Guide Signs,DESTINATION_AND_LANE_107-B.svg,554x308 mm,"no size given for this face in the sign order; artwork kept at 1 pt = 10 mm (proportions as on the sheet, size nominal); live text outlined from the sheet's embedded fonts"
108-2-A (1),方面及び方向,DESTINATION AND DIRECTION,Guide Signs,DESTINATION_AND_DIRECTION_108-2-A_1.svg,533x448 mm,"no size given for this face in the sign order; artwork kept at 1 pt = 10 mm (proportions as on the sheet, size nominal); example panel 1 of 2 under this label; live text outlined from the sheet's embedded fonts"
108-2-A (2),方面及び方向,DESTINATION AND DIRECTION,Guide Signs,DESTINATION_AND_DIRECTION_108-2-A_2.svg,697x346 mm,"no size given for this face in the sign order; artwork kept at 1 pt = 10 mm (proportions as on the sheet, size nominal); example panel 2 of 2 under this label; live text outlined from the sheet's embedded fonts"
108-2-B,方面及び方向,DESTINATION AND DIRECTION,Guide Signs,DESTINATION_AND_DIRECTION_108-2-B.svg,793x346 mm,"no size given for this face in the sign order; artwork kept at 1 pt = 10 mm (proportions as on the sheet, size nominal); live text outlined from the sheet's embedded fonts"
108-2-C,方面及び方向,DESTINATION AND DIRECTION,Guide Signs,DESTINATION_AND_DIRECTION_108-2-C.svg,440x444 mm,"no size given for this face in the sign order; artwork kept at 1 pt = 10 mm (proportions as on the sheet, size nominal); live text outlined from the sheet's embedded fonts"
108-2-D,方面及び方向,DESTINATION AND DIRECTION,Guide Signs,DESTINATION_AND_DIRECTION_108-2-D.svg,630x283 mm,"no size given for this face in the sign order; artwork kept at 1 pt = 10 mm (proportions as on the sheet, size nominal); live text outlined from the sheet's embedded fonts"
108-2-E,方面及び方向,DESTINATION AND DIRECTION,Guide Signs,DESTINATION_AND_DIRECTION_108-2-E.svg,565x346 mm,"no size given for this face in the sign order; artwork kept at 1 pt = 10 mm (proportions as on the sheet, size nominal); live text outlined from the sheet's embedded fonts"
108-3,方面、方向及び道路の通称名の予告,DESTINATION DIRECTION AND ROAD NAME AHEAD,Guide Signs,DESTINATION_DIRECTION_AND_ROAD_NAME_AHEAD_108-3.svg,533x473 mm,"no size given for this face in the sign order; artwork kept at 1 pt = 10 mm (proportions as on the sheet, size nominal); live text outlined from the sheet's embedded fonts"
108-4,方面、方向及び道路の通称名,DESTINATION DIRECTION AND ROAD NAME,Guide Signs,DESTINATION_DIRECTION_AND_ROAD_NAME_108-4.svg,533x419 mm,"no size given for this face in the sign order; artwork kept at 1 pt = 10 mm (proportions as on the sheet, size nominal); live text outlined from the sheet's embedded fonts"
108-A,方面及び方向の予告,DESTINATION AND DIRECTION AHEAD,Guide Signs,DESTINATION_AND_DIRECTION_AHEAD_108-A.svg,533x499 mm,"no size given for this face in the sign order; artwork kept at 1 pt = 10 mm (proportions as on the sheet, size nominal); live text outlined from the sheet's embedded fonts"
108-B (1),方面及び方向の予告,DESTINATION AND DIRECTION AHEAD,Guide Signs,DESTINATION_AND_DIRECTION_AHEAD_108-B_1.svg,697x346 mm,"no size given for this face in the sign order; artwork kept at 1 pt = 10 mm (proportions as on the sheet, size nominal); example panel 1 of 2 under this label; live text outlined from the sheet's embedded fonts"
108-B (2),方面及び方向の予告,DESTINATION AND DIRECTION AHEAD,Guide Signs,DESTINATION_AND_DIRECTION_AHEAD_108-B_2.svg,793x346 mm,"no size given for this face in the sign order; artwork kept at 1 pt = 10 mm (proportions as on the sheet, size nominal); example panel 2 of 2 under this label; live text outlined from the sheet's embedded fonts"
109,出口の予告,EXIT AHEAD,Guide Signs,EXIT_AHEAD_109.svg,646x216 mm,"no size given for this face in the sign order; artwork kept at 1 pt = 10 mm (proportions as on the sheet, size nominal); live text outlined from the sheet's embedded fonts"
110-A,方面及び出口の予告,DESTINATION AND EXIT AHEAD,Guide Signs,DESTINATION_AND_EXIT_AHEAD_110-A.svg,489x399 mm,"no size given for this face in the sign order; artwork kept at 1 pt = 10 mm (proportions as on the sheet, size nominal); live text outlined from the sheet's embedded fonts"
110-B,方面及び出口の予告,DESTINATION AND EXIT AHEAD,Guide Signs,DESTINATION_AND_EXIT_AHEAD_110-B.svg,485x323 mm,"no size given for this face in the sign order; artwork kept at 1 pt = 10 mm (proportions as on the sheet, size nominal); live text outlined from the sheet's embedded fonts"
111-A,方面、車線及び出口の予告,DESTINATION LANE AND EXIT AHEAD,Guide Signs,DESTINATION_LANE_AND_EXIT_AHEAD_111-A.svg,489x358 mm,"no size given for this face in the sign order; artwork kept at 1 pt = 10 mm (proportions as on the sheet, size nominal); live text outlined from the sheet's embedded fonts"
111-B,方面、車線及び出口の予告,DESTINATION LANE AND EXIT AHEAD,Guide Signs,DESTINATION_LANE_AND_EXIT_AHEAD_111-B.svg,562x287 mm,"no size given for this face in the sign order; artwork kept at 1 pt = 10 mm (proportions as on the sheet, size nominal); live text outlined from the sheet's embedded fonts"
112-A,方面及び出口,DESTINATION AND EXIT,Guide Signs,DESTINATION_AND_EXIT_112-A.svg,489x399 mm,"no size given for this face in the sign order; artwork kept at 1 pt = 10 mm (proportions as on the sheet, size nominal); live text outlined from the sheet's embedded fonts"
112-B,方面及び出口,DESTINATION AND EXIT,Guide Signs,DESTINATION_AND_EXIT_112-B.svg,485x323 mm,"no size given for this face in the sign order; artwork kept at 1 pt = 10 mm (proportions as on the sheet, size nominal); live text outlined from the sheet's embedded fonts"
113-A,出口,EXIT,Guide Signs,EXIT_113-A.svg,403x378 mm,"no size given for this face in the sign order; artwork kept at 1 pt = 10 mm (proportions as on the sheet, size nominal); live text outlined from the sheet's embedded fonts"
113-B,出口,EXIT,Guide Signs,EXIT_113-B.svg,202x410 mm,"no size given for this face in the sign order; artwork kept at 1 pt = 10 mm (proportions as on the sheet, size nominal); live text outlined from the sheet's embedded fonts"
114-2-A,主要地点,MAIN POINT,Guide Signs,MAIN_POINT_114-2-A.svg,426x252 mm,"no size given for this face in the sign order; artwork kept at 1 pt = 10 mm (proportions as on the sheet, size nominal); live text outlined from the sheet's embedded fonts"
114-2-B,主要地点,MAIN POINT,Guide Signs,MAIN_POINT_114-2-B.svg,143x396 mm,"no size given for this face in the sign order; artwork kept at 1 pt = 10 mm (proportions as on the sheet, size nominal); live text outlined from the sheet's embedded fonts"
114-A (1),著名地点,NOTED PLACE,Guide Signs,NOTED_PLACE_114-A_1.svg,404x240 mm,"no size given for this face in the sign order; artwork kept at 1 pt = 10 mm (proportions as on the sheet, size nominal); example panel 1 of 3 under this label; live text outlined from the sheet's embedded fonts"
114-A (2),著名地点,NOTED PLACE,Guide Signs,NOTED_PLACE_114-A_2.svg,520x241 mm,"no size given for this face in the sign order; artwork kept at 1 pt = 10 mm (proportions as on the sheet, size nominal); example panel 2 of 3 under this label; live text outlined from the sheet's embedded fonts"
114-A (3),著名地点,NOTED PLACE,Guide Signs,NOTED_PLACE_114-A_3.svg,711x239 mm,"no size given for this face in the sign order; artwork kept at 1 pt = 10 mm (proportions as on the sheet, size nominal); example panel 3 of 3 under this label; live text outlined from the sheet's embedded fonts"
114-B (1),著名地点,NOTED PLACE,Guide Signs,NOTED_PLACE_114-B_1.svg,681x191 mm,"no size given for this face in the sign order; artwork kept at 1 pt = 10 mm (proportions as on the sheet, size nominal); example panel 1 of 2 under this label; live text outlined from the sheet's embedded fonts"
114-B (2),著名地点,NOTED PLACE,Guide Signs,NOTED_PLACE_114-B_2.svg,822x191 mm,"no size given for this face in the sign order; artwork kept at 1 pt = 10 mm (proportions as on the sheet, size nominal); example panel 2 of 2 under this label; live text outlined from the sheet's embedded fonts"
114-C,著名地点,NOTED PLACE,Guide Signs,NOTED_PLACE_114-C.svg,482x291 mm,"no size given for this face in the sign order; artwork kept at 1 pt = 10 mm (proportions as on the sheet, size nominal); live text outlined from the sheet's embedded fonts"
115,料金徴収所,TOLL GATE,Guide Signs,TOLL_GATE_115.svg,539x246 mm,"no size given for this face in the sign order; artwork kept at 1 pt = 10 mm (proportions as on the sheet, size nominal); live text outlined from the sheet's embedded fonts"
116 (1),サービス・エリア、道の駅及び距離,SERVICE AREA ROADSIDE STATION AND DISTANCE,Guide Signs,SERVICE_AREA_ROADSIDE_STATION_AND_DISTANCE_116_1.svg,844x383 mm,"no size given for this face in the sign order; artwork kept at 1 pt = 10 mm (proportions as on the sheet, size nominal); example panel 1 of 2 under this label; live text outlined from the sheet's embedded fonts"
116 (2),サービス・エリア、道の駅及び距離,SERVICE AREA ROADSIDE STATION AND DISTANCE,Guide Signs,SERVICE_AREA_ROADSIDE_STATION_AND_DISTANCE_116_2.svg,718x278 mm,"no size given for this face in the sign order; artwork kept at 1 pt = 10 mm (proportions as on the sheet, size nominal); example panel 2 of 2 under this label; live text outlined from the sheet's embedded fonts"
116-2-A (1),サービス・エリア、道の駅の予告,SERVICE AREA ROADSIDE STATION AHEAD,Guide Signs,SERVICE_AREA_ROADSIDE_STATION_AHEAD_116-2-A_1.svg,601x384 mm,"no size given for this face in the sign order; artwork kept at 1 pt = 10 mm (proportions as on the sheet, size nominal); example panel 1 of 2 under this label; live text outlined from the sheet's embedded fonts"
116-2-A (2),サービス・エリア、道の駅の予告,SERVICE AREA ROADSIDE STATION AHEAD,Guide Signs,SERVICE_AREA_ROADSIDE_STATION_AHEAD_116-2-A_2.svg,358x305 mm,"no size given for this face in the sign order; artwork kept at 1 pt = 10 mm (proportions as on the sheet, size nominal); example panel 2 of 2 under this label; live text outlined from the sheet's embedded fonts"
116-2-B,サービス・エリア、道の駅の予告,SERVICE AREA ROADSIDE STATION AHEAD,Guide Signs,SERVICE_AREA_ROADSIDE_STATION_AHEAD_116-2-B.svg,489x303 mm,"no size given for this face in the sign order; artwork kept at 1 pt = 10 mm (proportions as on the sheet, size nominal); live text outlined from the sheet's embedded fonts"
116-2-C,サービス・エリア、道の駅の予告,SERVICE AREA ROADSIDE STATION AHEAD,Guide Signs,SERVICE_AREA_ROADSIDE_STATION_AHEAD_116-2-C.svg,723x328 mm,"no size given for this face in the sign order; artwork kept at 1 pt = 10 mm (proportions as on the sheet, size nominal); live text outlined from the sheet's embedded fonts"
116-3-A (1),サービス・エリア,SERVICE AREA,Guide Signs,SERVICE_AREA_116-3-A_1.svg,602x384 mm,"no size given for this face in the sign order; artwork kept at 1 pt = 10 mm (proportions as on the sheet, size nominal); example panel 1 of 2 under this label; live text outlined from the sheet's embedded fonts"
116-3-A (2),サービス・エリア,SERVICE AREA,Guide Signs,SERVICE_AREA_116-3-A_2.svg,359x305 mm,"no size given for this face in the sign order; artwork kept at 1 pt = 10 mm (proportions as on the sheet, size nominal); example panel 2 of 2 under this label; live text outlined from the sheet's embedded fonts"
116-3-B,サービス・エリア,SERVICE AREA,Guide Signs,SERVICE_AREA_116-3-B.svg,489x303 mm,"no size given for this face in the sign order; artwork kept at 1 pt = 10 mm (proportions as on the sheet, size nominal); live text outlined from the sheet's embedded fonts"
116-4,非常電話,EMERGENCY TELEPHONE,Guide Signs,EMERGENCY_TELEPHONE_116-4.svg,600x909 mm,width 600 mm (標識令 別表第二 (116の4) 図示 (90×60)); proportions as on the sheet; live text outlined from the sheet's embedded fonts
116-5,待避所,PASSING PLACE,Guide Signs,PASSING_PLACE_116-5.svg,600x924 mm,width 600 mm (標識令 別表第二 (116の5) 図示 (90×60)); proportions as on the sheet; live text outlined from the sheet's embedded fonts
116-6,非常駐車帯,EMERGENCY PARKING BAY,Guide Signs,EMERGENCY_PARKING_BAY_116-6.svg,600x901 mm,width 600 mm (標識令 別表第二 (116の6) 図示 (90×60)); proportions as on the sheet; live text outlined from the sheet's embedded fonts
117-2 (1),サービス・エリア又は駐車場から本線への入口,ENTRANCE TO MAIN ROAD FROM SERVICE AREA OR PARKING,Guide Signs,ENTRANCE_TO_MAIN_ROAD_FROM_SERVICE_AREA_OR_PARKING_117-2_1.svg,357x286 mm,"no size given for this face in the sign order; artwork kept at 1 pt = 10 mm (proportions as on the sheet, size nominal); example panel 1 of 2 under this label"
117-2 (2),サービス・エリア又は駐車場から本線への入口,ENTRANCE TO MAIN ROAD FROM SERVICE AREA OR PARKING,Guide Signs,ENTRANCE_TO_MAIN_ROAD_FROM_SERVICE_AREA_OR_PARKING_117-2_2.svg,357x286 mm,"no size given for this face in the sign order; artwork kept at 1 pt = 10 mm (proportions as on the sheet, size nominal); example panel 2 of 2 under this label"
117-3-A,登坂車線,CLIMBING LANE,Guide Signs,CLIMBING_LANE_117-3-A.svg,459x171 mm,"no size given for this face in the sign order; artwork kept at 1 pt = 10 mm (proportions as on the sheet, size nominal); live text outlined from the sheet's embedded fonts"
117-3-B,登坂車線,CLIMBING LANE,Guide Signs,CLIMBING_LANE_117-3-B.svg,672x244 mm,"no size given for this face in the sign order; artwork kept at 1 pt = 10 mm (proportions as on the sheet, size nominal); live text outlined from the sheet's embedded fonts"
117-A,駐車場,PARKING,Guide Signs,PARKING_117-A.svg,600x600 mm,width 600 mm (標識令 別表第二 (117-A) 図示 (60×60)); proportions as on the sheet
117-B,駐車場,PARKING,Guide Signs,PARKING_117-B.svg,600x842 mm,width 600 mm (標識令 別表第二 (117-B) 図示 (90×60)); proportions as on the sheet
118-2-A,都道府県道番号,PREFECTURAL ROUTE NUMBER,Guide Signs,PREFECTURAL_ROUTE_NUMBER_118-2-A.svg,379x333 mm,"no size given for this face in the sign order; artwork kept at 1 pt = 10 mm (proportions as on the sheet, size nominal); live text outlined from the sheet's embedded fonts"
118-2-B,都道府県道番号,PREFECTURAL ROUTE NUMBER,Guide Signs,PREFECTURAL_ROUTE_NUMBER_118-2-B.svg,800x273 mm,width 800 mm (標識令 別表第二 (118の2-B) 図示 横 80); proportions as on the sheet; live text outlined from the sheet's embedded fonts
118-2-C,都道府県道番号,PREFECTURAL ROUTE NUMBER,Guide Signs,PREFECTURAL_ROUTE_NUMBER_118-2-C.svg,800x269 mm,width 800 mm (標識令 別表第二 (118の2-C) 図示 横 80); proportions as on the sheet; live text outlined from the sheet's embedded fonts
118-3 (1),高速道路番号,EXPRESSWAY NUMBER,Guide Signs,EXPRESSWAY_NUMBER_118-3_1.svg,284x208 mm,"no size given for this face in the sign order; artwork kept at 1 pt = 10 mm (proportions as on the sheet, size nominal); example panel 1 of 3 under this label"
118-3 (2),高速道路番号,EXPRESSWAY NUMBER,Guide Signs,EXPRESSWAY_NUMBER_118-3_2.svg,284x208 mm,"no size given for this face in the sign order; artwork kept at 1 pt = 10 mm (proportions as on the sheet, size nominal); example panel 2 of 3 under this label"
118-3 (3),高速道路番号,EXPRESSWAY NUMBER,Guide Signs,EXPRESSWAY_NUMBER_118-3_3.svg,378x208 mm,"no size given for this face in the sign order; artwork kept at 1 pt = 10 mm (proportions as on the sheet, size nominal); example panel 3 of 3 under this label"
118-4-A,総重量限度緩和指定道路,GROSS WEIGHT LIMIT RELAXED DESIGNATED ROAD,Guide Signs,GROSS_WEIGHT_LIMIT_RELAXED_DESIGNATED_ROAD_118-4-A.svg,1000x710 mm,width 1000 mm (標識令 別表第二 (118の4-A) 図示 横 100); proportions as on the sheet; live text outlined from the sheet's embedded fonts
118-4-B,総重量限度緩和指定道路,GROSS WEIGHT LIMIT RELAXED DESIGNATED ROAD,Guide Signs,GROSS_WEIGHT_LIMIT_RELAXED_DESIGNATED_ROAD_118-4-B.svg,1000x717 mm,width 1000 mm (標識令 別表第二 (118の4-B) 図示 横 100); proportions as on the sheet; live text outlined from the sheet's embedded fonts
118-5-A,高さ限度緩和指定道路,HEIGHT LIMIT RELAXED DESIGNATED ROAD,Guide Signs,HEIGHT_LIMIT_RELAXED_DESIGNATED_ROAD_118-5-A.svg,1000x710 mm,width 1000 mm (標識令 別表第二 (118の5-A) 図示 横 100); proportions as on the sheet; live text outlined from the sheet's embedded fonts
118-5-B,高さ限度緩和指定道路,HEIGHT LIMIT RELAXED DESIGNATED ROAD,Guide Signs,HEIGHT_LIMIT_RELAXED_DESIGNATED_ROAD_118-5-B.svg,1000x716 mm,width 1000 mm (標識令 別表第二 (118の5-B) 図示 横 100); proportions as on the sheet; live text outlined from the sheet's embedded fonts
118-5-C,高さ限度緩和指定道路,HEIGHT LIMIT RELAXED DESIGNATED ROAD,Guide Signs,HEIGHT_LIMIT_RELAXED_DESIGNATED_ROAD_118-5-C.svg,1000x704 mm,width 1000 mm (標識令 別表第二 (118の5-C) 図示 横 100); proportions as on the sheet; live text outlined from the sheet's embedded fonts
118-5-D,高さ限度緩和指定道路,HEIGHT LIMIT RELAXED DESIGNATED ROAD,Guide Signs,HEIGHT_LIMIT_RELAXED_DESIGNATED_ROAD_118-5-D.svg,1000x710 mm,width 1000 mm (標識令 別表第二 (118の5-D) 図示 横 100); proportions as on the sheet; live text outlined from the sheet's embedded fonts
118-A,国道番号,NATIONAL ROUTE NUMBER,Guide Signs,NATIONAL_ROUTE_NUMBER_118-A.svg,450x435 mm,width 450 mm (標識令 別表第二 (118-A) 図示 横 45); proportions as on the sheet; live text outlined from the sheet's embedded fonts
118-B,国道番号,NATIONAL ROUTE NUMBER,Guide Signs,NATIONAL_ROUTE_NUMBER_118-B.svg,800x273 mm,width 800 mm (標識令 別表第二 (118-B) 図示 横 80); proportions as on the sheet; live text outlined from the sheet's embedded fonts
118-C,国道番号,NATIONAL ROUTE NUMBER,Guide Signs,NATIONAL_ROUTE_NUMBER_118-C.svg,800x273 mm,width 800 mm (標識令 別表第二 (118-C) 図示 横 80); proportions as on the sheet; live text outlined from the sheet's embedded fonts
119-A,道路の通称名,ROAD NAME,Guide Signs,ROAD_NAME_119-A.svg,800x243 mm,width 800 mm (標識令 別表第二 (119-A) 図示 横 80); proportions as on the sheet; live text outlined from the sheet's embedded fonts
119-B,道路の通称名,ROAD NAME,Guide Signs,ROAD_NAME_119-B.svg,800x243 mm,width 800 mm (標識令 別表第二 (119-B) 図示 横 80); proportions as on the sheet; live text outlined from the sheet's embedded fonts
119-C,道路の通称名,ROAD NAME,Guide Signs,ROAD_NAME_119-C.svg,203x800 mm,height 800 mm (標識令 別表第二 (119-C) 図示 縦 80); proportions as on the sheet; live text outlined from the sheet's embedded fonts
119-D,道路の通称名,ROAD NAME,Guide Signs,ROAD_NAME_119-D.svg,900x937 mm,width 900 mm (標識令 別表第二 (119-D) 図示 横 90); proportions as on the sheet
120-A,まわり道,DETOUR,Guide Signs,DETOUR_120-A.svg,450x304 mm,width 450 mm (標識令 別表第二 (120-A) 図示 (30×45)); proportions as on the sheet; live text outlined from the sheet's embedded fonts
120-B,まわり道,DETOUR,Guide Signs,DETOUR_120-B.svg,486x404 mm,"no size given for this face in the sign order; artwork kept at 1 pt = 10 mm (proportions as on the sheet, size nominal); live text outlined from the sheet's embedded fonts"
121-A,エレベーター,ELEVATOR,Guide Signs,ELEVATOR_121-A.svg,255x389 mm,"no size given for this face in the sign order; artwork kept at 1 pt = 10 mm (proportions as on the sheet, size nominal)"
122-A,エスカレーター,ESCALATOR,Guide Signs,ESCALATOR_122-A.svg,252x387 mm,"no size given for this face in the sign order; artwork kept at 1 pt = 10 mm (proportions as on the sheet, size nominal)"
123-A,傾斜路,RAMP,Guide Signs,RAMP_123-A.svg,252x387 mm,"no size given for this face in the sign order; artwork kept at 1 pt = 10 mm (proportions as on the sheet, size nominal)"
124-A,乗合自動車停留所,BUS STOP,Guide Signs,BUS_STOP_124-A.svg,253x472 mm,"no size given for this face in the sign order; artwork kept at 1 pt = 10 mm (proportions as on the sheet, size nominal); live text outlined from the sheet's embedded fonts"
125-A,路面電車停留所,TRAM STOP,Guide Signs,TRAM_STOP_125-A.svg,252x472 mm,"no size given for this face in the sign order; artwork kept at 1 pt = 10 mm (proportions as on the sheet, size nominal); live text outlined from the sheet's embedded fonts"
126-A,便所,TOILET,Guide Signs,TOILET_126-A.svg,252x387 mm,"no size given for this face in the sign order; artwork kept at 1 pt = 10 mm (proportions as on the sheet, size nominal)"
201-2,ロータリーあり,ROUNDABOUT,Warning Signs,ROUNDABOUT_201-2.svg,624x624 mm,side 450 mm (標識令 別表第二 警戒標識 本標識板の規格 一辺 45); proportions as on the sheet
201-A,+形道路交差点あり,CROSSROADS,Warning Signs,CROSSROADS_201-A.svg,624x624 mm,side 450 mm (標識令 別表第二 警戒標識 本標識板の規格 一辺 45); proportions as on the sheet
201-B,┣形(又は┫形)道路交差点あり,SIDE ROAD JUNCTION,Warning Signs,SIDE_ROAD_JUNCTION_201-B.svg,624x624 mm,side 450 mm (標識令 別表第二 警戒標識 本標識板の規格 一辺 45); proportions as on the sheet
201-C,T形道路交差点あり,T JUNCTION,Warning Signs,T_JUNCTION_201-C.svg,624x624 mm,side 450 mm (標識令 別表第二 警戒標識 本標識板の規格 一辺 45); proportions as on the sheet
201-D,Y形道路交差点あり,Y JUNCTION,Warning Signs,Y_JUNCTION_201-D.svg,624x624 mm,side 450 mm (標識令 別表第二 警戒標識 本標識板の規格 一辺 45); proportions as on the sheet
202,右(又は左)方屈曲あり,BEND,Warning Signs,BEND_202.svg,624x624 mm,side 450 mm (標識令 別表第二 警戒標識 本標識板の規格 一辺 45); proportions as on the sheet
203,右(又は左)方屈折あり,SHARP BEND,Warning Signs,SHARP_BEND_203.svg,624x624 mm,side 450 mm (標識令 別表第二 警戒標識 本標識板の規格 一辺 45); proportions as on the sheet
204,右(又は左)方背向屈曲あり,REVERSE BEND,Warning Signs,REVERSE_BEND_204.svg,624x624 mm,side 450 mm (標識令 別表第二 警戒標識 本標識板の規格 一辺 45); proportions as on the sheet
205,右(又は左)方背向屈折あり,SHARP REVERSE BEND,Warning Signs,SHARP_REVERSE_BEND_205.svg,624x624 mm,side 450 mm (標識令 別表第二 警戒標識 本標識板の規格 一辺 45); proportions as on the sheet
206,右(又は左)つづら折りあり,WINDING ROAD,Warning Signs,WINDING_ROAD_206.svg,624x624 mm,side 450 mm (標識令 別表第二 警戒標識 本標識板の規格 一辺 45); proportions as on the sheet
207-A,踏切あり,RAILWAY CROSSING,Warning Signs,RAILWAY_CROSSING_207-A.svg,624x624 mm,side 450 mm (標識令 別表第二 警戒標識 本標識板の規格 一辺 45); proportions as on the sheet
207-B,踏切あり,RAILWAY CROSSING,Warning Signs,RAILWAY_CROSSING_207-B.svg,624x624 mm,side 450 mm (標識令 別表第二 警戒標識 本標識板の規格 一辺 45); proportions as on the sheet
208,学校、幼稚園、保育所等あり,SCHOOL KINDERGARTEN NURSERY,Warning Signs,SCHOOL_KINDERGARTEN_NURSERY_208.svg,624x624 mm,side 450 mm (標識令 別表第二 警戒標識 本標識板の規格 一辺 45); proportions as on the sheet
208-2,信号機あり,TRAFFIC SIGNALS,Warning Signs,TRAFFIC_SIGNALS_208-2.svg,624x624 mm,side 450 mm (標識令 別表第二 警戒標識 本標識板の規格 一辺 45); proportions as on the sheet
209,すべりやすい,SLIPPERY,Warning Signs,SLIPPERY_209.svg,624x624 mm,side 450 mm (標識令 別表第二 警戒標識 本標識板の規格 一辺 45); proportions as on the sheet
209-2,落石のおそれあり,FALLING ROCKS,Warning Signs,FALLING_ROCKS_209-2.svg,624x624 mm,side 450 mm (標識令 別表第二 警戒標識 本標識板の規格 一辺 45); proportions as on the sheet
209-3,路面凹凸あり,UNEVEN ROAD,Warning Signs,UNEVEN_ROAD_209-3.svg,624x624 mm,side 450 mm (標識令 別表第二 警戒標識 本標識板の規格 一辺 45); proportions as on the sheet
210,合流交通あり,MERGING TRAFFIC,Warning Signs,MERGING_TRAFFIC_210.svg,624x624 mm,side 450 mm (標識令 別表第二 警戒標識 本標識板の規格 一辺 45); proportions as on the sheet
211,車線数減少,LANE REDUCTION,Warning Signs,LANE_REDUCTION_211.svg,624x624 mm,side 450 mm (標識令 別表第二 警戒標識 本標識板の規格 一辺 45); proportions as on the sheet
212,幅員減少,ROAD NARROWS,Warning Signs,ROAD_NARROWS_212.svg,624x624 mm,side 450 mm (標識令 別表第二 警戒標識 本標識板の規格 一辺 45); proportions as on the sheet
212-2,二方向交通,TWO WAY TRAFFIC,Warning Signs,TWO_WAY_TRAFFIC_212-2.svg,624x624 mm,side 450 mm (標識令 別表第二 警戒標識 本標識板の規格 一辺 45); proportions as on the sheet
212-3,上り急勾配あり,STEEP ASCENT,Warning Signs,STEEP_ASCENT_212-3.svg,624x624 mm,side 450 mm (標識令 別表第二 警戒標識 本標識板の規格 一辺 45); proportions as on the sheet
212-4,下り急勾配あり,STEEP DESCENT,Warning Signs,STEEP_DESCENT_212-4.svg,624x624 mm,side 450 mm (標識令 別表第二 警戒標識 本標識板の規格 一辺 45); proportions as on the sheet
213,道路工事中,ROAD WORKS,Warning Signs,ROAD_WORKS_213.svg,624x624 mm,side 450 mm (標識令 別表第二 警戒標識 本標識板の規格 一辺 45); proportions as on the sheet
214,横風注意,CROSSWIND,Warning Signs,CROSSWIND_214.svg,624x624 mm,side 450 mm (標識令 別表第二 警戒標識 本標識板の規格 一辺 45); proportions as on the sheet
214-2,動物が飛び出すおそれあり,ANIMALS CROSSING,Warning Signs,ANIMALS_CROSSING_214-2.svg,624x624 mm,side 450 mm (標識令 別表第二 警戒標識 本標識板の規格 一辺 45); proportions as on the sheet
215,その他の危険,OTHER DANGER,Warning Signs,OTHER_DANGER_215.svg,624x624 mm,side 450 mm (標識令 別表第二 警戒標識 本標識板の規格 一辺 45); proportions as on the sheet
301,通行止め,ROAD CLOSED,Regulatory Signs,ROAD_CLOSED_301.svg,600x600 mm,width 600 mm (標識令 別表第二 規制標識 本標識板の規格 直径 60); proportions as on the sheet
302,車両通行止め,CLOSED TO VEHICLES,Regulatory Signs,CLOSED_TO_VEHICLES_302.svg,600x600 mm,width 600 mm (標識令 別表第二 規制標識 本標識板の規格 直径 60); proportions as on the sheet
303,車両進入禁止,NO ENTRY,Regulatory Signs,NO_ENTRY_303.svg,600x600 mm,width 600 mm (標識令 別表第二 規制標識 本標識板の規格 直径 60); proportions as on the sheet
304,二輪の自動車以外の自動車通行止め,CLOSED TO MOTOR VEHICLES EXCEPT MOTORCYCLES,Regulatory Signs,CLOSED_TO_MOTOR_VEHICLES_EXCEPT_MOTORCYCLES_304.svg,600x600 mm,width 600 mm (標識令 別表第二 規制標識 本標識板の規格 直径 60); proportions as on the sheet
305; 305-2,大型貨物自動車等通行止め; 特定の最大積載量以上の貨物車等通行止め,CLOSED TO LARGE GOODS VEHICLES,Regulatory Signs,CLOSED_TO_LARGE_GOODS_VEHICLES_305.svg,600x600 mm,width 600 mm (標識令 別表第二 規制標識 本標識板の規格 直径 60); proportions as on the sheet; one face on the sheet for codes 305; 305-2
306,大型乗用自動車等通行止め,CLOSED TO LARGE PASSENGER VEHICLES,Regulatory Signs,CLOSED_TO_LARGE_PASSENGER_VEHICLES_306.svg,600x600 mm,width 600 mm (標識令 別表第二 規制標識 本標識板の規格 直径 60); proportions as on the sheet
307,二輪の自動車・一般原動機付自転車通行止め,CLOSED TO MOTORCYCLES AND MOPEDS,Regulatory Signs,CLOSED_TO_MOTORCYCLES_AND_MOPEDS_307.svg,600x600 mm,width 600 mm (標識令 別表第二 規制標識 本標識板の規格 直径 60); proportions as on the sheet
308,自転車以外の軽車両通行止め,CLOSED TO LIGHT VEHICLES EXCEPT BICYCLES,Regulatory Signs,CLOSED_TO_LIGHT_VEHICLES_EXCEPT_BICYCLES_308.svg,600x600 mm,width 600 mm (標識令 別表第二 規制標識 本標識板の規格 直径 60); proportions as on the sheet
309,特定小型原動機付自転車・自転車通行止め,CLOSED TO SPECIFIED SMALL MOPEDS AND BICYCLES,Regulatory Signs,CLOSED_TO_SPECIFIED_SMALL_MOPEDS_AND_BICYCLES_309.svg,600x600 mm,width 600 mm (標識令 別表第二 規制標識 本標識板の規格 直径 60); proportions as on the sheet
310,車両(組合せ)通行止め,CLOSED TO VEHICLES COMBINATION,Regulatory Signs,CLOSED_TO_VEHICLES_COMBINATION_310.svg,600x600 mm,width 600 mm (標識令 別表第二 規制標識 本標識板の規格 直径 60); proportions as on the sheet
310-2,大型自動二輪車及び普通自動二輪車二人乗り通行禁止,NO TWO UP RIDING ON MOTORCYCLES,Regulatory Signs,NO_TWO_UP_RIDING_ON_MOTORCYCLES_310-2.svg,600x600 mm,width 600 mm (標識令 別表第二 規制標識 本標識板の規格 直径 60); proportions as on the sheet
310-3,タイヤチェーンを取り付けていない車両通行止め,CLOSED TO VEHICLES WITHOUT TYRE CHAINS,Regulatory Signs,CLOSED_TO_VEHICLES_WITHOUT_TYRE_CHAINS_310-3.svg,600x600 mm,width 600 mm (標識令 別表第二 規制標識 本標識板の規格 直径 60); proportions as on the sheet
311-A,指定方向外進行禁止,PROCEED ONLY IN DESIGNATED DIRECTIONS,Regulatory Signs,PROCEED_ONLY_IN_DESIGNATED_DIRECTIONS_311-A.svg,600x600 mm,width 600 mm (標識令 別表第二 規制標識 本標識板の規格 直径 60); proportions as on the sheet
311-B,指定方向外進行禁止,PROCEED ONLY IN DESIGNATED DIRECTIONS,Regulatory Signs,PROCEED_ONLY_IN_DESIGNATED_DIRECTIONS_311-B.svg,600x600 mm,width 600 mm (標識令 別表第二 規制標識 本標識板の規格 直径 60); proportions as on the sheet
311-C,指定方向外進行禁止,PROCEED ONLY IN DESIGNATED DIRECTIONS,Regulatory Signs,PROCEED_ONLY_IN_DESIGNATED_DIRECTIONS_311-C.svg,600x600 mm,width 600 mm (標識令 別表第二 規制標識 本標識板の規格 直径 60); proportions as on the sheet
311-D,指定方向外進行禁止,PROCEED ONLY IN DESIGNATED DIRECTIONS,Regulatory Signs,PROCEED_ONLY_IN_DESIGNATED_DIRECTIONS_311-D.svg,600x600 mm,width 600 mm (標識令 別表第二 規制標識 本標識板の規格 直径 60); proportions as on the sheet
311-E,指定方向外進行禁止,PROCEED ONLY IN DESIGNATED DIRECTIONS,Regulatory Signs,PROCEED_ONLY_IN_DESIGNATED_DIRECTIONS_311-E.svg,600x600 mm,width 600 mm (標識令 別表第二 規制標識 本標識板の規格 直径 60); proportions as on the sheet
311-F,指定方向外進行禁止,PROCEED ONLY IN DESIGNATED DIRECTIONS,Regulatory Signs,PROCEED_ONLY_IN_DESIGNATED_DIRECTIONS_311-F.svg,600x600 mm,width 600 mm (標識令 別表第二 規制標識 本標識板の規格 直径 60); proportions as on the sheet
312,車両横断禁止,NO CROSSING BY VEHICLES,Regulatory Signs,NO_CROSSING_BY_VEHICLES_312.svg,600x600 mm,width 600 mm (標識令 別表第二 規制標識 本標識板の規格 直径 60); proportions as on the sheet
313,転回禁止,NO U TURN,Regulatory Signs,NO_U_TURN_313.svg,600x600 mm,width 600 mm (標識令 別表第二 規制標識 本標識板の規格 直径 60); proportions as on the sheet
314; 314-2,追越しのための右側部分はみ出し通行禁止; 追越し禁止,NO OVERTAKING,Regulatory Signs,NO_OVERTAKING_314.svg,600x600 mm,width 600 mm (標識令 別表第二 規制標識 本標識板の規格 直径 60); proportions as on the sheet; one face on the sheet for codes 314; 314-2
315,駐停車禁止,NO STOPPING OR PARKING,Regulatory Signs,NO_STOPPING_OR_PARKING_315.svg,600x600 mm,width 600 mm (標識令 別表第二 規制標識 本標識板の規格 直径 60); proportions as on the sheet
316; 317,駐車禁止; 駐車余地,NO PARKING,Regulatory Signs,NO_PARKING_316.svg,600x600 mm,width 600 mm (標識令 別表第二 規制標識 本標識板の規格 直径 60); proportions as on the sheet; one face on the sheet for codes 316; 317
318,時間制限駐車区間,TIME LIMITED PARKING ZONE,Regulatory Signs,TIME_LIMITED_PARKING_ZONE_318.svg,600x600 mm,width 600 mm (標識令 別表第二 規制標識 本標識板の規格 直径 60); proportions as on the sheet
319,危険物積載車両通行止め,CLOSED TO VEHICLES CARRYING DANGEROUS GOODS,Regulatory Signs,CLOSED_TO_VEHICLES_CARRYING_DANGEROUS_GOODS_319.svg,600x600 mm,width 600 mm (標識令 別表第二 規制標識 本標識板の規格 直径 60); proportions as on the sheet
320,重量制限,WEIGHT LIMIT,Regulatory Signs,WEIGHT_LIMIT_320.svg,600x600 mm,width 600 mm (標識令 別表第二 規制標識 本標識板の規格 直径 60); proportions as on the sheet
321,高さ制限,HEIGHT LIMIT,Regulatory Signs,HEIGHT_LIMIT_321.svg,600x600 mm,width 600 mm (標識令 別表第二 規制標識 本標識板の規格 直径 60); proportions as on the sheet
322,最大幅,MAXIMUM WIDTH,Regulatory Signs,MAXIMUM_WIDTH_322.svg,600x600 mm,width 600 mm (標識令 別表第二 規制標識 本標識板の規格 直径 60); proportions as on the sheet
323; 323-2,最高速度; 特定の種類の車両の最高速度,MAXIMUM SPEED,Regulatory Signs,MAXIMUM_SPEED_323.svg,600x600 mm,width 600 mm (標識令 別表第二 規制標識 本標識板の規格 直径 60); proportions as on the sheet; one face on the sheet for codes 323; 323-2
324,最低速度,MINIMUM SPEED,Regulatory Signs,MINIMUM_SPEED_324.svg,600x600 mm,width 600 mm (標識令 別表第二 規制標識 本標識板の規格 直径 60); proportions as on the sheet
325,自動車専用,MOTOR VEHICLES ONLY,Regulatory Signs,MOTOR_VEHICLES_ONLY_325.svg,600x600 mm,width 600 mm (標識令 別表第二 規制標識 本標識板の規格 直径 60); proportions as on the sheet
325-2,特定小型原動機付自転車・自転車専用,SPECIFIED SMALL MOPEDS AND BICYCLES ONLY,Regulatory Signs,SPECIFIED_SMALL_MOPEDS_AND_BICYCLES_ONLY_325-2.svg,600x600 mm,width 600 mm (標識令 別表第二 規制標識 本標識板の規格 直径 60); proportions as on the sheet
325-3,普通自転車等及び歩行者等専用,BICYCLES AND PEDESTRIANS ONLY,Regulatory Signs,BICYCLES_AND_PEDESTRIANS_ONLY_325-3.svg,600x600 mm,width 600 mm (標識令 別表第二 規制標識 本標識板の規格 直径 60); proportions as on the sheet
325-4,歩行者等専用,PEDESTRIANS ONLY,Regulatory Signs,PEDESTRIANS_ONLY_325-4.svg,600x600 mm,width 600 mm (標識令 別表第二 規制標識 本標識板の規格 直径 60); proportions as on the sheet
325-5-A,許可車両専用,PERMITTED VEHICLES ONLY,Regulatory Signs,PERMITTED_VEHICLES_ONLY_325-5-A.svg,600x600 mm,width 600 mm (標識令 別表第二 規制標識 本標識板の規格 直径 60); proportions as on the sheet
325-5-B,許可車両専用,PERMITTED VEHICLES ONLY,Regulatory Signs,PERMITTED_VEHICLES_ONLY_325-5-B.svg,600x600 mm,width 600 mm (標識令 別表第二 規制標識 本標識板の規格 直径 60); proportions as on the sheet
325-5-C,許可車両専用,PERMITTED VEHICLES ONLY,Regulatory Signs,PERMITTED_VEHICLES_ONLY_325-5-C.svg,600x600 mm,width 600 mm (標識令 別表第二 規制標識 本標識板の規格 直径 60); proportions as on the sheet
325-6,許可車両(組合せ)専用,PERMITTED VEHICLES COMBINATION ONLY,Regulatory Signs,PERMITTED_VEHICLES_COMBINATION_ONLY_325-6.svg,600x600 mm,width 600 mm (標識令 別表第二 規制標識 本標識板の規格 直径 60); proportions as on the sheet
325-7,広域災害応急対策車両専用,WIDE AREA DISASTER RESPONSE VEHICLES ONLY,Regulatory Signs,WIDE_AREA_DISASTER_RESPONSE_VEHICLES_ONLY_325-7.svg,600x600 mm,width 600 mm (標識令 別表第二 規制標識 本標識板の規格 直径 60); proportions as on the sheet
326-2-A,特定小型原動機付自転車・自転車一方通行,ONE WAY FOR SPECIFIED SMALL MOPEDS AND BICYCLES,Regulatory Signs,ONE_WAY_FOR_SPECIFIED_SMALL_MOPEDS_AND_BICYCLES_326-2-A.svg,362x211 mm,"no size given for this face in the sign order; artwork kept at 1 pt = 10 mm (proportions as on the sheet, size nominal)"
326-2-B,特定小型原動機付自転車・自転車一方通行,ONE WAY FOR SPECIFIED SMALL MOPEDS AND BICYCLES,Regulatory Signs,ONE_WAY_FOR_SPECIFIED_SMALL_MOPEDS_AND_BICYCLES_326-2-B.svg,211x362 mm,"no size given for this face in the sign order; artwork kept at 1 pt = 10 mm (proportions as on the sheet, size nominal)"
326-A,一方通行,ONE WAY,Regulatory Signs,ONE_WAY_326-A.svg,600x350 mm,width 600 mm (標識令 別表第二 (326-A) 図示 (30×60)); proportions as on the sheet
326-B,一方通行,ONE WAY,Regulatory Signs,ONE_WAY_326-B.svg,350x600 mm,"width 350 mm (標識令 別表第二 (326-B) 図示 横 35, 縦 60 以上); proportions as on the sheet"
327,車両通行区分,VEHICLE LANE CLASSIFICATION,Regulatory Signs,VEHICLE_LANE_CLASSIFICATION_327.svg,1200x934 mm,width 1200 mm (標識令 別表第二 (327) 図示 横 120 以上 (minimum)); proportions as on the sheet; live text outlined from the sheet's embedded fonts
327-10,環状の交差点における右回り通行,ROUNDABOUT CLOCKWISE TRAFFIC,Regulatory Signs,ROUNDABOUT_CLOCKWISE_TRAFFIC_327-10.svg,600x600 mm,width 600 mm (標識令 別表第二 規制標識 本標識板の規格 直径 60); proportions as on the sheet
327-11,平行駐車,PARALLEL PARKING,Regulatory Signs,PARALLEL_PARKING_327-11.svg,600x600 mm,width 600 mm (標識令 別表第二 (327の11) 図示 横 60); proportions as on the sheet
327-12,直角駐車,PERPENDICULAR PARKING,Regulatory Signs,PERPENDICULAR_PARKING_327-12.svg,600x600 mm,width 600 mm (標識令 別表第二 (327の12) 図示 横 60); proportions as on the sheet
327-13,斜め駐車,ANGLE PARKING,Regulatory Signs,ANGLE_PARKING_327-13.svg,600x600 mm,width 600 mm (標識令 別表第二 (327の13) 図示 横 60); proportions as on the sheet
327-2,特定の種類の車両の通行区分,LANE FOR SPECIFIED VEHICLE TYPES,Regulatory Signs,LANE_FOR_SPECIFIED_VEHICLE_TYPES_327-2.svg,1200x888 mm,width 1200 mm (標識令 別表第二 (327の2) 図示 横 120 以上 (minimum)); proportions as on the sheet
327-3,牽引自動車の高速自動車国道通行区分,EXPRESSWAY LANE FOR TOWING VEHICLES,Regulatory Signs,EXPRESSWAY_LANE_FOR_TOWING_VEHICLES_327-3.svg,900x913 mm,width 900 mm (標識令 別表第二 (327の3) 図示 横 90 以上 (minimum)); proportions as on the sheet
327-4,専用通行帯,EXCLUSIVE LANE,Regulatory Signs,EXCLUSIVE_LANE_327-4.svg,354x354 mm,"no size given for this face in the sign order; artwork kept at 1 pt = 10 mm (proportions as on the sheet, size nominal); live text outlined from the sheet's embedded fonts"
327-4-2,普通自転車専用通行帯,BICYCLE EXCLUSIVE LANE,Regulatory Signs,BICYCLE_EXCLUSIVE_LANE_327-4-2.svg,600x600 mm,width 600 mm (標識令 別表第二 (327の4の2) 図示 横 60 以上 (minimum)); proportions as on the sheet; live text outlined from the sheet's embedded fonts
327-5,路線バス等優先通行帯,ROUTE BUS PRIORITY LANE,Regulatory Signs,ROUTE_BUS_PRIORITY_LANE_327-5.svg,900x900 mm,width 900 mm (標識令 別表第二 (327の5) 図示 横 90); proportions as on the sheet; live text outlined from the sheet's embedded fonts
327-6,牽引自動車の自動車専用道路第一通行帯通行指定区間,MOTORWAY FIRST LANE DESIGNATED SECTION FOR TOWING VEHICLES,Regulatory Signs,MOTORWAY_FIRST_LANE_DESIGNATED_SECTION_FOR_TOWING_VEHICLES_327-6.svg,900x913 mm,width 900 mm (標識令 別表第二 (327の6) 図示 横 90); proportions as on the sheet
327-7-A,進行方向別通行区分,LANE USE BY DIRECTION,Regulatory Signs,LANE_USE_BY_DIRECTION_327-7-A.svg,1200x901 mm,width 1200 mm (標識令 別表第二 (327の7-A) 図示 横 120 以上 (minimum)); proportions as on the sheet
327-7-B,進行方向別通行区分,LANE USE BY DIRECTION,Regulatory Signs,LANE_USE_BY_DIRECTION_327-7-B.svg,900x900 mm,width 900 mm (標識令 別表第二 (327の7-B) 図示 (90×90)); proportions as on the sheet
327-7-C,進行方向別通行区分,LANE USE BY DIRECTION,Regulatory Signs,LANE_USE_BY_DIRECTION_327-7-C.svg,354x354 mm,"no size given for this face in the sign order; artwork kept at 1 pt = 10 mm (proportions as on the sheet, size nominal)"
327-7-D,進行方向別通行区分,LANE USE BY DIRECTION,Regulatory Signs,LANE_USE_BY_DIRECTION_327-7-D.svg,354x354 mm,"no size given for this face in the sign order; artwork kept at 1 pt = 10 mm (proportions as on the sheet, size nominal)"
327-8,一般原動機付自転車の右折方法(二段階),MOPED RIGHT TURN TWO STAGE,Regulatory Signs,MOPED_RIGHT_TURN_TWO_STAGE_327-8.svg,600x600 mm,width 600 mm (標識令 別表第二 規制標識 本標識板の規格 直径 60); proportions as on the sheet
327-9,一般原動機付自転車の右折方法(小回り),MOPED RIGHT TURN DIRECT,Regulatory Signs,MOPED_RIGHT_TURN_DIRECT_327-9.svg,600x600 mm,width 600 mm (標識令 別表第二 規制標識 本標識板の規格 直径 60); proportions as on the sheet
328; 328-2,警笛鳴らせ; 警笛区間,SOUND HORN,Regulatory Signs,SOUND_HORN_328.svg,600x600 mm,width 600 mm (標識令 別表第二 規制標識 本標識板の規格 直径 60); proportions as on the sheet; one face on the sheet for codes 328; 328-2
329-A; 329-2-A,徐行; 前方優先道路,SLOW,Regulatory Signs,SLOW_329-A.svg,727x651 mm,"side 800 mm between sharp corners, outline 726.79 mm wide after the R 50 mm corners (標識令 別表第二 (329-A) 図示 一辺 80, R=5); proportions as on the sheet; one face on the sheet for codes 329-A; 329-2-A"
329-B; 329-2-B,徐行; 前方優先道路,SLOW,Regulatory Signs,SLOW_329-B.svg,727x659 mm,"side 800 mm between sharp corners, outline 726.79 mm wide after the R 50 mm corners (標識令 別表第二 (329-B) 図示 一辺 80, R=5); proportions as on the sheet; one face on the sheet for codes 329-B; 329-2-B"
330-A,一時停止,STOP,Regulatory Signs,STOP_330-A.svg,727x658 mm,"side 800 mm between sharp corners, outline 726.79 mm wide after the R 50 mm corners (標識令 別表第二 (330-A) 図示 一辺 80, R=5); proportions as on the sheet"
330-B,一時停止,STOP,Regulatory Signs,STOP_330-B.svg,727x659 mm,"side 800 mm between sharp corners, outline 726.79 mm wide after the R 50 mm corners (標識令 別表第二 (330-B) 図示 一辺 80, R=5); proportions as on the sheet"
331,歩行者等通行止め,CLOSED TO PEDESTRIANS,Regulatory Signs,CLOSED_TO_PEDESTRIANS_331.svg,372x372 mm,"no size given for this face in the sign order; artwork kept at 1 pt = 10 mm (proportions as on the sheet, size nominal); live text outlined from the sheet's embedded fonts"
332,歩行者等横断禁止,NO PEDESTRIAN CROSSING,Regulatory Signs,NO_PEDESTRIAN_CROSSING_332.svg,372x372 mm,"no size given for this face in the sign order; artwork kept at 1 pt = 10 mm (proportions as on the sheet, size nominal); live text outlined from the sheet's embedded fonts"
401,並進可,RIDING ABREAST PERMITTED,Instruction Signs,RIDING_ABREAST_PERMITTED_401.svg,600x595 mm,width 600 mm (標識令 別表第二 指示標識 本標識板の規格 60×60); proportions as on the sheet
402,軌道敷内通行可,DRIVING ON TRAMWAY PERMITTED,Instruction Signs,DRIVING_ON_TRAMWAY_PERMITTED_402.svg,600x595 mm,width 600 mm (標識令 別表第二 指示標識 本標識板の規格 60×60); proportions as on the sheet
402-2; 403,高齢運転者等標章自動車駐車可; 駐車可,PARKING PERMITTED,Instruction Signs,PARKING_PERMITTED_402-2.svg,600x595 mm,width 600 mm (標識令 別表第二 指示標識 本標識板の規格 60×60); proportions as on the sheet; one face on the sheet for codes 402-2; 403
403-2; 404,高齢運転者等標章自動車停車可; 停車可,STOPPING PERMITTED,Instruction Signs,STOPPING_PERMITTED_403-2.svg,600x595 mm,width 600 mm (標識令 別表第二 指示標識 本標識板の規格 60×60); proportions as on the sheet; one face on the sheet for codes 403-2; 404
405,優先道路,PRIORITY ROAD,Instruction Signs,PRIORITY_ROAD_405.svg,600x595 mm,width 600 mm (標識令 別表第二 指示標識 本標識板の規格 60×60); proportions as on the sheet
406,中央線,CENTRE LINE,Instruction Signs,CENTRE_LINE_406.svg,600x595 mm,width 600 mm (標識令 別表第二 指示標識 本標識板の規格 60×60); proportions as on the sheet
406-2,停止線,STOP LINE,Instruction Signs,STOP_LINE_406-2.svg,600x595 mm,width 600 mm (標識令 別表第二 指示標識 本標識板の規格 60×60); proportions as on the sheet
407-2,自転車横断帯,BICYCLE CROSSING,Instruction Signs,BICYCLE_CROSSING_407-2.svg,600x673 mm,width 600 mm (標識令 別表第二 指示標識 本標識板の規格 60×60); proportions as on the sheet
407-3,横断歩道・自転車横断帯,PEDESTRIAN AND BICYCLE CROSSING,Instruction Signs,PEDESTRIAN_AND_BICYCLE_CROSSING_407-3.svg,600x674 mm,width 600 mm (標識令 別表第二 指示標識 本標識板の規格 60×60); proportions as on the sheet
407-A,横断歩道,PEDESTRIAN CROSSING,Instruction Signs,PEDESTRIAN_CROSSING_407-A.svg,600x673 mm,width 600 mm (標識令 別表第二 指示標識 本標識板の規格 60×60); proportions as on the sheet
407-B,横断歩道,PEDESTRIAN CROSSING,Instruction Signs,PEDESTRIAN_CROSSING_407-B.svg,600x673 mm,width 600 mm (標識令 別表第二 指示標識 本標識板の規格 60×60); proportions as on the sheet
408,安全地帯,SAFETY ZONE,Instruction Signs,SAFETY_ZONE_408.svg,600x595 mm,width 600 mm (標識令 別表第二 指示標識 本標識板の規格 60×60); proportions as on the sheet
409-A,規制予告,ADVANCE NOTICE OF REGULATION,Instruction Signs,ADVANCE_NOTICE_OF_REGULATION_409-A.svg,600x889 mm,width 600 mm (標識令 別表第二 (409-A) 図示 (90×60)); proportions as on the sheet; live text outlined from the sheet's embedded fonts
409-B,規制予告,ADVANCE NOTICE OF REGULATION,Instruction Signs,ADVANCE_NOTICE_OF_REGULATION_409-B.svg,900x609 mm,width 900 mm (標識令 別表第二 (409-B) 図示 横 90 以上 (minimum)); proportions as on the sheet; live text outlined from the sheet's embedded fonts
501 (1),距離・区域,DISTANCE OR AREA,Supplementary Signs,DISTANCE_OR_AREA_501_1.svg,409x129 mm,"no size given for this face in the sign order; artwork kept at 1 pt = 10 mm (proportions as on the sheet, size nominal); example panel 1 of 3 under this label; live text outlined from the sheet's embedded fonts"
501 (2),距離・区域,DISTANCE OR AREA,Supplementary Signs,DISTANCE_OR_AREA_501_2.svg,409x129 mm,"no size given for this face in the sign order; artwork kept at 1 pt = 10 mm (proportions as on the sheet, size nominal); example panel 2 of 3 under this label; live text outlined from the sheet's embedded fonts"
501 (3),距離・区域,DISTANCE OR AREA,Supplementary Signs,DISTANCE_OR_AREA_501_3.svg,409x189 mm,"no size given for this face in the sign order; artwork kept at 1 pt = 10 mm (proportions as on the sheet, size nominal); example panel 3 of 3 under this label; live text outlined from the sheet's embedded fonts"
502 (1),日・時間,DAY OR TIME,Supplementary Signs,DAY_OR_TIME_502_1.svg,409x156 mm,"no size given for this face in the sign order; artwork kept at 1 pt = 10 mm (proportions as on the sheet, size nominal); example panel 1 of 2 under this label; live text outlined from the sheet's embedded fonts"
502 (2),日・時間,DAY OR TIME,Supplementary Signs,DAY_OR_TIME_502_2.svg,409x156 mm,"no size given for this face in the sign order; artwork kept at 1 pt = 10 mm (proportions as on the sheet, size nominal); example panel 2 of 2 under this label; live text outlined from the sheet's embedded fonts"
503-2 (1),遠隔操作型小型車,REMOTE OPERATED SMALL VEHICLE,Supplementary Signs,REMOTE_OPERATED_SMALL_VEHICLE_503-2_1.svg,409x95 mm,"no size given for this face in the sign order; artwork kept at 1 pt = 10 mm (proportions as on the sheet, size nominal); example panel 1 of 2 under this label; live text outlined from the sheet's embedded fonts"
503-2 (2),遠隔操作型小型車,REMOTE OPERATED SMALL VEHICLE,Supplementary Signs,REMOTE_OPERATED_SMALL_VEHICLE_503-2_2.svg,409x95 mm,"no size given for this face in the sign order; artwork kept at 1 pt = 10 mm (proportions as on the sheet, size nominal); example panel 2 of 2 under this label; live text outlined from the sheet's embedded fonts"
503-A (1),車両の種類,VEHICLE TYPE,Supplementary Signs,VEHICLE_TYPE_503-A_1.svg,409x129 mm,"no size given for this face in the sign order; artwork kept at 1 pt = 10 mm (proportions as on the sheet, size nominal); example panel 1 of 2 under this label"
503-A (2),車両の種類,VEHICLE TYPE,Supplementary Signs,VEHICLE_TYPE_503-A_2.svg,409x189 mm,"no size given for this face in the sign order; artwork kept at 1 pt = 10 mm (proportions as on the sheet, size nominal); example panel 2 of 2 under this label; live text outlined from the sheet's embedded fonts"
503-B (1),車両の種類,VEHICLE TYPE,Supplementary Signs,VEHICLE_TYPE_503-B_1.svg,374x191 mm,"no size given for this face in the sign order; artwork kept at 1 pt = 10 mm (proportions as on the sheet, size nominal); example panel 1 of 2 under this label"
503-B (2),車両の種類,VEHICLE TYPE,Supplementary Signs,VEHICLE_TYPE_503-B_2.svg,372x158 mm,"no size given for this face in the sign order; artwork kept at 1 pt = 10 mm (proportions as on the sheet, size nominal); example panel 2 of 2 under this label"
503-C,車両の種類,VEHICLE TYPE,Supplementary Signs,VEHICLE_TYPE_503-C.svg,374x229 mm,"no size given for this face in the sign order; artwork kept at 1 pt = 10 mm (proportions as on the sheet, size nominal)"
503-D,車両の種類,VEHICLE TYPE,Supplementary Signs,VEHICLE_TYPE_503-D.svg,406x125 mm,"no size given for this face in the sign order; artwork kept at 1 pt = 10 mm (proportions as on the sheet, size nominal); live text outlined from the sheet's embedded fonts"
504,駐車余地,PARKING CLEARANCE,Supplementary Signs,PARKING_CLEARANCE_504.svg,409x156 mm,"no size given for this face in the sign order; artwork kept at 1 pt = 10 mm (proportions as on the sheet, size nominal); live text outlined from the sheet's embedded fonts"
504-2 (1),駐車時間制限,PARKING TIME LIMIT,Supplementary Signs,PARKING_TIME_LIMIT_504-2_1.svg,454x150 mm,"no size given for this face in the sign order; artwork kept at 1 pt = 10 mm (proportions as on the sheet, size nominal); example panel 1 of 2 under this label; live text outlined from the sheet's embedded fonts"
504-2 (2),駐車時間制限,PARKING TIME LIMIT,Supplementary Signs,PARKING_TIME_LIMIT_504-2_2.svg,454x150 mm,"no size given for this face in the sign order; artwork kept at 1 pt = 10 mm (proportions as on the sheet, size nominal); example panel 2 of 2 under this label; live text outlined from the sheet's embedded fonts"
505-A,始まり,BEGINS,Supplementary Signs,BEGINS_505-A.svg,409x131 mm,"no size given for this face in the sign order; artwork kept at 1 pt = 10 mm (proportions as on the sheet, size nominal)"
505-B,始まり,BEGINS,Supplementary Signs,BEGINS_505-B.svg,357x84 mm,"no size given for this face in the sign order; artwork kept at 1 pt = 10 mm (proportions as on the sheet, size nominal)"
505-C,始まり,BEGINS,Supplementary Signs,BEGINS_505-C.svg,390x207 mm,"no size given for this face in the sign order; artwork kept at 1 pt = 10 mm (proportions as on the sheet, size nominal)"
506,区間内,WITHIN SECTION,Supplementary Signs,WITHIN_SECTION_506.svg,409x131 mm,"no size given for this face in the sign order; artwork kept at 1 pt = 10 mm (proportions as on the sheet, size nominal)"
506-2,区域内,WITHIN ZONE,Supplementary Signs,WITHIN_ZONE_506-2.svg,357x84 mm,"no size given for this face in the sign order; artwork kept at 1 pt = 10 mm (proportions as on the sheet, size nominal)"
507-A,終わり,ENDS,Supplementary Signs,ENDS_507-A.svg,409x131 mm,"no size given for this face in the sign order; artwork kept at 1 pt = 10 mm (proportions as on the sheet, size nominal)"
507-B,終わり,ENDS,Supplementary Signs,ENDS_507-B.svg,357x84 mm,"no size given for this face in the sign order; artwork kept at 1 pt = 10 mm (proportions as on the sheet, size nominal)"
507-C,終わり,ENDS,Supplementary Signs,ENDS_507-C.svg,305x305 mm,"no size given for this face in the sign order; artwork kept at 1 pt = 10 mm (proportions as on the sheet, size nominal)"
507-D,終わり,ENDS,Supplementary Signs,ENDS_507-D.svg,400x212 mm,width 400 mm (標識令 別表第二 (507-D) 図示 直径 40); proportions as on the sheet
508,通学路,SCHOOL ROUTE,Supplementary Signs,SCHOOL_ROUTE_508.svg,409x156 mm,"no size given for this face in the sign order; artwork kept at 1 pt = 10 mm (proportions as on the sheet, size nominal); live text outlined from the sheet's embedded fonts"
508-2,追越し禁止,NO OVERTAKING,Supplementary Signs,NO_OVERTAKING_508-2.svg,409x129 mm,"no size given for this face in the sign order; artwork kept at 1 pt = 10 mm (proportions as on the sheet, size nominal); live text outlined from the sheet's embedded fonts"
509,前方優先道路,PRIORITY ROAD AHEAD,Supplementary Signs,PRIORITY_ROAD_AHEAD_509.svg,369x86 mm,"no size given for this face in the sign order; artwork kept at 1 pt = 10 mm (proportions as on the sheet, size nominal); live text outlined from the sheet's embedded fonts"
509-2,踏切注意,RAILWAY CROSSING CAUTION,Supplementary Signs,RAILWAY_CROSSING_CAUTION_509-2.svg,369x141 mm,"no size given for this face in the sign order; artwork kept at 1 pt = 10 mm (proportions as on the sheet, size nominal); live text outlined from the sheet's embedded fonts"
509-3,横風注意,CROSSWIND CAUTION,Supplementary Signs,CROSSWIND_CAUTION_509-3.svg,369x141 mm,"no size given for this face in the sign order; artwork kept at 1 pt = 10 mm (proportions as on the sheet, size nominal); live text outlined from the sheet's embedded fonts"
509-4,動物注意,ANIMALS CAUTION,Supplementary Signs,ANIMALS_CAUTION_509-4.svg,369x141 mm,"no size given for this face in the sign order; artwork kept at 1 pt = 10 mm (proportions as on the sheet, size nominal); live text outlined from the sheet's embedded fonts"
509-5,注意,CAUTION,Supplementary Signs,CAUTION_509-5.svg,369x141 mm,"no size given for this face in the sign order; artwork kept at 1 pt = 10 mm (proportions as on the sheet, size nominal); live text outlined from the sheet's embedded fonts"
510 (1),注意事項,ADVISORY,Supplementary Signs,ADVISORY_510_1.svg,273x94 mm,"no size given for this face in the sign order; artwork kept at 1 pt = 10 mm (proportions as on the sheet, size nominal); example panel 1 of 2 under this label; live text outlined from the sheet's embedded fonts"
510 (2),注意事項,ADVISORY,Supplementary Signs,ADVISORY_510_2.svg,300x308 mm,width 300 mm (標識令 別表第二 (510) 図示 (30×30)); proportions as on the sheet; example panel 2 of 2 under this label; live text outlined from the sheet's embedded fonts
510-2 (1),規制理由,REASON FOR REGULATION,Supplementary Signs,REASON_FOR_REGULATION_510-2_1.svg,409x95 mm,"no size given for this face in the sign order; artwork kept at 1 pt = 10 mm (proportions as on the sheet, size nominal); example panel 1 of 3 under this label; live text outlined from the sheet's embedded fonts"
510-2 (2),規制理由,REASON FOR REGULATION,Supplementary Signs,REASON_FOR_REGULATION_510-2_2.svg,409x95 mm,"no size given for this face in the sign order; artwork kept at 1 pt = 10 mm (proportions as on the sheet, size nominal); example panel 2 of 3 under this label; live text outlined from the sheet's embedded fonts"
510-2 (3),規制理由,REASON FOR REGULATION,Supplementary Signs,REASON_FOR_REGULATION_510-2_3.svg,409x129 mm,"no size given for this face in the sign order; artwork kept at 1 pt = 10 mm (proportions as on the sheet, size nominal); example panel 3 of 3 under this label; live text outlined from the sheet's embedded fonts"
511,方向,DIRECTION,Supplementary Signs,DIRECTION_511.svg,379x279 mm,"no size given for this face in the sign order; artwork kept at 1 pt = 10 mm (proportions as on the sheet, size nominal)"
512,地名,PLACE NAME,Supplementary Signs,PLACE_NAME_512.svg,442x254 mm,"no size given for this face in the sign order; artwork kept at 1 pt = 10 mm (proportions as on the sheet, size nominal); live text outlined from the sheet's embedded fonts"
513,始点,START POINT,Supplementary Signs,START_POINT_513.svg,428x91 mm,"no size given for this face in the sign order; artwork kept at 1 pt = 10 mm (proportions as on the sheet, size nominal)"
514,終点,END POINT,Supplementary Signs,END_POINT_514.svg,428x91 mm,"no size given for this face in the sign order; artwork kept at 1 pt = 10 mm (proportions as on the sheet, size nominal)"
