code,name,family,file,size,notes
1006-32,Unfallgefahr LKW,Zusatzzeichen (supplementary plates),UNFALLGEFAHR_LKW_1006-32.svg,600x330 mm,"Vz2017: Vz2017/1006-32/1006-32.eps; CorelDRAW EPS at 1:1 (1 pt = 0.3528 mm), DVK extent 60 x 33 cm; name from official list"
1012-55,Schulweg,Zusatzzeichen (supplementary plates),SCHULWEG_1012-55.svg,600x330 mm,"Vz2017: Vz2017/1012-55/1012-55.eps; CorelDRAW EPS at 1:1 (1 pt = 0.3528 mm), DVK extent 60 x 33 cm; name from official list"
1012-56,Spielplatz,Zusatzzeichen (supplementary plates),SPIELPLATZ_1012-56.svg,600x330 mm,"Vz2017: Vz2017/1012-56/1012-56.eps; CorelDRAW EPS at 1:1 (1 pt = 0.3528 mm), DVK extent 60 x 33 cm; name from official list"
1012-57,Behinderteneinrichtung,Zusatzzeichen (supplementary plates),BEHINDERTENEINRICHTUNG_1012-57.svg,600x330 mm,"Vz2017: Vz2017/1012-57/1012-57.eps; CorelDRAW EPS at 1:1 (1 pt = 0.3528 mm), DVK extent 60 x 33 cm; name from official list"
1024-22,"Personenkraftwagen oder Krafträder mit Beiwagen, die mit mindestens drei Personen besetzt sind - mehrfachbesetzte Personenkraftwagen frei",Zusatzzeichen (supplementary plates),PERSONENKRAFTWAGEN_ODER_KRAFTRAEDER_MIT_BEIWAGEN_DIE_MIT_MINDESTENS_DR_1024-22.svg,600x450 mm,"Vz2017: Vz2017/1024-22/1024-22.eps; CorelDRAW EPS at 1:1 (1 pt = 0.3528 mm), DVK extent 60 x 45 cm; name from official list"
1040-37,"Kraftfahrzeuge mit einer zulässigen Gesamtmasse über 3,5 t, einschließlich ihrer Anhänger und Zugmaschinen, ausgenommen Personenkraftwagen und Kraftomnibusse Im angegebenen Zeitraum frei",Zusatzzeichen (supplementary plates),KRAFTFAHRZEUGE_MIT_EINER_ZULAESSIGEN_GESAMTMASSE_UEBER_3_5_T_EINSCHLIE_1040-37.svg,600x450 mm,"Vz2017: Vz2017/1040-37/1040-37.eps; CorelDRAW EPS at 1:1 (1 pt = 0.3528 mm), DVK extent 60 x 45 cm; name from official list"
1050-31,... Taxis,Zusatzzeichen (supplementary plates),TAXIS_1050-31.svg,600x330 mm,"Vz2017: Vz2017/1050-31/1050-31.eps; CorelDRAW EPS at 1:1 (1 pt = 0.3528 mm), DVK extent 60 x 33 cm; name from official list"
1053-55,"Massenangabe - 3,5 t Erweiternde Zusatzzeichen",Zusatzzeichen (supplementary plates),MASSENANGABE_3_5_T_ERWEITERNDE_ZUSATZZEICHEN_1053-55.svg,600x330 mm,"Vz2017: Vz2017/1053-55/1053-55.eps; CorelDRAW EPS at 1:1 (1 pt = 0.3528 mm), DVK extent 60 x 33 cm; name from official list"
1053-56,Lkw-Parken in Fahrgassen links mit Schrägparkständen links,Zusatzzeichen (supplementary plates),LKW_PARKEN_IN_FAHRGASSEN_LINKS_MIT_SCHRAEGPARKSTAENDEN_LINKS_1053-56.svg,600x601 mm,"Vz2017: Vz2017/1053-56/1053-56.eps; CorelDRAW EPS at 1:1 (1 pt = 0.3528 mm), DVK extent 60 x 60 cm; name from DVK comment; 1 stroked path(s) outlined with Inkscape"
1053-57,Lkw-Parken in Fahrgassen rechts mit Schrägparkständen rechts,Zusatzzeichen (supplementary plates),LKW_PARKEN_IN_FAHRGASSEN_RECHTS_MIT_SCHRAEGPARKSTAENDEN_RECHTS_1053-57.svg,600x601 mm,"Vz2017: Vz2017/1053-57/1053-57.eps; CorelDRAW EPS at 1:1 (1 pt = 0.3528 mm), DVK extent 60 x 60 cm; name from DVK comment; 1 stroked path(s) outlined with Inkscape"
1060-34,Halteverbot auch auf dem Seitenstreifen - links,Zusatzzeichen (supplementary plates),HALTEVERBOT_AUCH_AUF_DEM_SEITENSTREIFEN_LINKS_1060-34.svg,600x330 mm,"Vz2017: Vz2017/1060-34/1060-34.eps; CorelDRAW EPS at 1:1 (1 pt = 0.3528 mm), DVK extent 60 x 33 cm; name from official list"
257-59,Verbot für Elektrokleinstfahrzeuge im Sinne der Elektrokleinstfahrzeuge- Verordnung (eKFV),Vorschriftzeichen (regulatory),VERBOT_FUER_ELEKTROKLEINSTFAHRZEUGE_IM_SINNE_DER_ELEKTROKLEINSTFAHRZEU_257-59.svg,600x600 mm,"Vz2017: Vz2017/257-59/257-59.eps; CorelDRAW EPS at 1:1 (1 pt = 0.3528 mm), DVK extent 60 x 60 cm; name from official list"
311.1,Ortstafel Rückseite - ohne Zielangabe,Richtzeichen (guide),ORTSTAFEL_RUECKSEITE_OHNE_ZIELANGABE_311.1.svg,900x600 mm,"Vz2017: Vz2017/311-1/311.1.eps; CorelDRAW EPS at 1:1 (1 pt = 0.3528 mm), DVK extent 90 x 60 cm; name from official list"
448,Ankündigungstafel,Richtzeichen (guide),ANKUENDIGUNGSTAFEL_448.svg,4319x2350 mm,"Vz2017: Vz2017/448/448.eps; CorelDRAW EPS at 1:1 (1 pt = 0.3528 mm), DVK extent 431.875 x 235 cm; name from official list"
AUFKLEBER-E-FAHRZEUG-FREI,"Aufkleber ""elektrisch betriebene Fahrzeuge frei",Sinnbilder und Symbole (pictograms),AUFKLEBER_ELEKTRISCH_BETRIEBENE_FAHRZEUGE_FREI_AUFKLEBER-E-FAHRZEUG-FREI.svg,100x75 mm,"Vz2017: Vz2017/Aufkleber E-Fahrzeuge frei/Aufkleber-E-Fahrzeug-frei.eps; DV-Vision EPS at 1:1 (1 pt = 0.3528 mm), DVK extent 10 x 7.5 cm; name from DVK comment; drawn on its white symbol field as BASt supplies it"
AUFKLEBER-CARSHARING-FREI,"Aufkleber ""Carsharingfahrzeuge frei",Sinnbilder und Symbole (pictograms),AUFKLEBER_CARSHARINGFAHRZEUGE_FREI_AUFKLEBER-CARSHARING-FREI.svg,100x100 mm,"Vz2017: Vz2017/Aufkleber-Carsharingfahrzeuge-frei/Aufkleber-Carsharing-frei.eps; DV-Vision EPS at 1:1 (1 pt = 0.3528 mm), DVK extent 10 x 10 cm; name from DVK comment; drawn on its white symbol field as BASt supplies it"
1022-16,Elektrokleinstfahrzeuge frei,Zusatzzeichen (supplementary plates),ELEKTROKLEINSTFAHRZEUGE_FREI_1022-16.svg,600x600 mm,"Vz2017: Vz2017/EkFz-Frei/1022-16.EPS; DV-Vision EPS at 1:1 (1 pt = 0.3528 mm), DVK extent 60 x 60 cm; name from official list"
SB-LASTENFAHRRAD,Lastenfahrrad,Sinnbilder und Symbole (pictograms),LASTENFAHRRAD_SB-LASTENFAHRRAD.svg,465x200 mm,"Vz2017: Vz2017/Lastenfahrrad/Sinnbild-Lastenfahrrad.EPS; DV-Vision EPS at 1:1 (1 pt = 0.3528 mm), DVK extent 46.5 x 20 cm; name from DVK comment"
SB-MEHRFACHBESETZTE-PERSONENKRAFT,"Mehrfachbesetzte Personenkraftwagen; Personenkraftwagen oder Krafträder mit Beiwagen, die mit mindestens drei Personen besetzt sind",Sinnbilder und Symbole (pictograms),MEHRFACHBESETZTE_PERSONENKRAFTWAGEN_PERSONENKRAFTWAGEN_ODER_KRAFTRAEDE_SB-MEHRFACHBESETZTE-PERSONENKRAFT.svg,300x228 mm,"Vz2017: Vz2017/Mehrfachbesetzte-PKW/Sinnbild-Mehrfachbesetzte Personenkraftwagen.EPS; DV-Vision EPS at 1:1 (1 pt = 0.3528 mm), DVK extent 30 x 22.85 cm; name from DVK comment"
PLAKETTE-CARSHARING,Carsharing-Plakette (mit Hologramm),Sinnbilder und Symbole (pictograms),CARSHARING_PLAKETTE_MIT_HOLOGRAMM_PLAKETTE-CARSHARING.svg,80x80 mm,Vz2017: Vz2017/Plakette-Carsharing/PLAKETTE-CARSHARING-Hologramm.eps; CorelDRAW EPS at 1:1 (1 pt = 0.3528 mm); name from file name; 3 embedded raster image(s) in the EPS not carried (vector fills only)
SB-CARSHARING,Carsharing,Sinnbilder und Symbole (pictograms),CARSHARING_SB-CARSHARING.svg,150x150 mm,"Vz2017: Vz2017/Sinnbild-Carsharing/Sinnbild-Carsharing.EPS; DV-Vision EPS at 1:1 (1 pt = 0.3528 mm), DVK extent 15 x 15 cm; name from DVK comment"
SB-EKFZ,Elektrokleinstfahrzeuge im Sinne der Elektrokleinstfahrzeuge-Verordnung,Sinnbilder und Symbole (pictograms),ELEKTROKLEINSTFAHRZEUGE_IM_SINNE_DER_ELEKTROKLEINSTFAHRZEUGE_VERORDNUN_SB-EKFZ.svg,439x339 mm,"Vz2017: Vz2017/Sinnbildf-eKF/Sinnbild-eKFZ.eps; DV-Vision EPS at 1:1 (1 pt = 0.3528 mm), DVK extent 60 x 60 cm; name from DVK comment"
SB-WOHNMOBIL,Wohnmobil,Sinnbilder und Symbole (pictograms),WOHNMOBIL_SB-WOHNMOBIL.svg,173x100 mm,"Vz2017: Vz2017/Wohnmobil/Sinnbild-Wohnmobil.EPS; DV-Vision EPS at 1:1 (1 pt = 0.3528 mm), DVK extent 17.333 x 10 cm; name from DVK comment"
1010-68,Elektrokleinstfahrzeug im Sinne der Elektrokleinstfahrzeuge-Verordnung (eKFV),Zusatzzeichen (supplementary plates),ELEKTROKLEINSTFAHRZEUG_IM_SINNE_DER_ELEKTROKLEINSTFAHRZEUGE_VERORDNUNG_1010-68.svg,600x450 mm,"Vz2017: Vz2017/Z-1010-68/1010-68.eps; DV-Vision EPS at 1:1 (1 pt = 0.3528 mm), DVK extent 60 x 45 cm; name from official list"
1010-69,Fahrrad zum Transport von Gütern oder Personen – Lastenfahrrad,Zusatzzeichen (supplementary plates),FAHRRAD_ZUM_TRANSPORT_VON_GUETERN_ODER_PERSONEN_LASTENFAHRRAD_1010-69.svg,600x330 mm,"Vz2017: Vz2017/Z-1010-69/Zz-1010-69 Lastenfahrrad.eps; DV-Vision EPS at 1:1 (1 pt = 0.3528 mm), DVK extent 60 x 33 cm; name from official list"
1010-70,Carsharing,Zusatzzeichen (supplementary plates),CARSHARING_1010-70.svg,600x600 mm,"Vz2017: Vz2017/Z-1010-70/Zz-1010-70 Carsharing.eps; DV-Vision EPS at 1:1 (1 pt = 0.3528 mm), DVK extent 60 x 60 cm; name from official list"
1010-71,"Personenkraftwagen oder Krafträder mit Beiwagen, die mit mindestens drei Personen besetzt sind – mehrfachbesetzte Personenkraftwagen",Zusatzzeichen (supplementary plates),PERSONENKRAFTWAGEN_ODER_KRAFTRAEDER_MIT_BEIWAGEN_DIE_MIT_MINDESTENS_DR_1010-71.svg,600x330 mm,"Vz2017: Vz2017/Z-1010-71/1010-71.eps; DV-Vision EPS at 1:1 (1 pt = 0.3528 mm), DVK extent 60 x 33 cm; name from official list"
1010-72,"Krafträder, auch mit Beiwagen, Kleinkrafträder und Mopeds und Kraftwagen und sonstige mehrspurige Fahrzeuge",Zusatzzeichen (supplementary plates),KRAFTRAEDER_AUCH_MIT_BEIWAGEN_KLEINKRAFTRAEDER_UND_MOPEDS_UND_KRAFTWAG_1010-72.svg,600x600 mm,"Vz2017: Vz2017/Z-1010-72/1010-72.eps; DV-Vision EPS at 1:1 (1 pt = 0.3528 mm), DVK extent 60 x 60 cm; name from official list"
1012-54,Seniorenheim,Zusatzzeichen (supplementary plates),SENIORENHEIM_1012-54.svg,600x330 mm,"Vz2017: Vz2017/Z-1012-54/1012-54.eps; DV-Vision EPS at 1:1 (1 pt = 0.3528 mm), DVK extent 60 x 33 cm; name from official list"
1022-17,Fahrräder zum Transport von Gütern oder Personen – Lastenfahrräder - frei,Zusatzzeichen (supplementary plates),FAHRRAEDER_ZUM_TRANSPORT_VON_GUETERN_ODER_PERSONEN_LASTENFAHRRAEDER_FR_1022-17.svg,600x450 mm,"Vz2017: Vz2017/Z-1022-17/1022-17.eps; DV-Vision EPS at 1:1 (1 pt = 0.3528 mm), DVK extent 60 x 45 cm; name from official list"
1024-21,Carsharingfahrzeuge frei,Zusatzzeichen (supplementary plates),CARSHARINGFAHRZEUGE_FREI_1024-21.svg,600x600 mm,"Vz2017: Vz2017/Z-1024-21/ZZ-1024-21.EPS; DV-Vision EPS at 1:1 (1 pt = 0.3528 mm), DVK extent 60 x 60 cm; name from official list"
1053-54,Während des Ladevorgangs,Zusatzzeichen (supplementary plates),WAEHREND_DES_LADEVORGANGS_1053-54.svg,600x330 mm,"Vz2017: Vz2017/Z-1053-54/1053-54.EPS; DV-Vision EPS at 1:1 (1 pt = 0.3528 mm), DVK extent 60 x 33 cm; name from official list"
230-10,Ladebereich - Anfang - Aufstellung rechts,Vorschriftzeichen (regulatory),LADEBEREICH_ANFANG_AUFSTELLUNG_RECHTS_230-10.svg,600x900 mm,"Vz2017: Vz2017/Z-230/230-10.eps; CorelDRAW EPS at 1:1 (1 pt = 0.3528 mm), DVK extent 60 x 90 cm; name from official list"
230-11,Ladebereich - Ende - Aufstellung links,Vorschriftzeichen (regulatory),LADEBEREICH_ENDE_AUFSTELLUNG_LINKS_230-11.svg,600x900 mm,"Vz2017: Vz2017/Z-230/230-11.eps; CorelDRAW EPS at 1:1 (1 pt = 0.3528 mm), DVK extent 60 x 90 cm; name from official list"
230-20,Ladebereich - Ende - Aufstellung rechts,Vorschriftzeichen (regulatory),LADEBEREICH_ENDE_AUFSTELLUNG_RECHTS_230-20.svg,600x900 mm,"Vz2017: Vz2017/Z-230/230-20.eps; CorelDRAW EPS at 1:1 (1 pt = 0.3528 mm), DVK extent 60 x 90 cm; name from official list"
230-21,Ladebereich - Anfang - Aufstellung links,Vorschriftzeichen (regulatory),LADEBEREICH_ANFANG_AUFSTELLUNG_LINKS_230-21.svg,600x900 mm,"Vz2017: Vz2017/Z-230/230-21.eps; CorelDRAW EPS at 1:1 (1 pt = 0.3528 mm), DVK extent 60 x 90 cm; name from official list"
230-30,Ladebereich - Mitte - Aufstellung rechts,Vorschriftzeichen (regulatory),LADEBEREICH_MITTE_AUFSTELLUNG_RECHTS_230-30.svg,600x900 mm,"Vz2017: Vz2017/Z-230/230-30.eps; CorelDRAW EPS at 1:1 (1 pt = 0.3528 mm), DVK extent 60 x 90 cm; name from official list"
230-31,Ladebereich - Mitte - Aufstellung links,Vorschriftzeichen (regulatory),LADEBEREICH_MITTE_AUFSTELLUNG_LINKS_230-31.svg,600x900 mm,"Vz2017: Vz2017/Z-230/230-31.eps; CorelDRAW EPS at 1:1 (1 pt = 0.3528 mm), DVK extent 60 x 90 cm; name from official list"
230,Ladebereich,Vorschriftzeichen (regulatory),LADEBEREICH_230.svg,600x900 mm,"Vz2017: Vz2017/Z-230/230.eps; CorelDRAW EPS at 1:1 (1 pt = 0.3528 mm), DVK extent 60 x 90 cm; name from official list"
244.3,Beginn einer Fahrradzone,Vorschriftzeichen (regulatory),BEGINN_EINER_FAHRRADZONE_244.3.svg,600x600 mm,"Vz2017: Vz2017/Z-244.3/Z-244.3.EPS; DV-Vision EPS at 1:1 (1 pt = 0.3528 mm), DVK extent 60 x 60 cm; name from official list"
244.4,Ende einer Fahrradzone,Vorschriftzeichen (regulatory),ENDE_EINER_FAHRRADZONE_244.4.svg,600x600 mm,"Vz2017: Vz2017/Z-244.4/Z-244.4.EPS; DV-Vision EPS at 1:1 (1 pt = 0.3528 mm), DVK extent 60 x 60 cm; name from official list"
277.1,Verbot des Überholens von einspurigen Fahrzeugen für mehrspurige Kraftfahrzeuge und Krafträdern mit Beiwagen,Vorschriftzeichen (regulatory),VERBOT_DES_UEBERHOLENS_VON_EINSPURIGEN_FAHRZEUGEN_FUER_MEHRSPURIGE_KRA_277.1.svg,600x600 mm,"Vz2017: Vz2017/Z-277.1/Z.277.1.EPS; DV-Vision EPS at 1:1 (1 pt = 0.3528 mm), DVK extent 60 x 60 cm; name from official list"
281.1,Ende des Verbots des Überholens von einspurigen Fahrzeugen für mehrspurige Kraftfahrzeuge und Krafträder mit Beiwagen,Vorschriftzeichen (regulatory),ENDE_DES_VERBOTS_DES_UEBERHOLENS_VON_EINSPURIGEN_FAHRZEUGEN_FUER_MEHRS_281.1.svg,600x600 mm,"Vz2017: Vz2017/Z-281.1/Z.281.1.EPS; DV-Vision EPS at 1:1 (1 pt = 0.3528 mm), DVK extent 60 x 60 cm; name from official list"
314-31,Parken - Mitte (Aufstellung links),Richtzeichen (guide),PARKEN_MITTE_AUFSTELLUNG_LINKS_314-31.svg,600x600 mm,"Vz2017: Vz2017/Z-314-31/314-31.EPS; DV-Vision EPS at 1:1 (1 pt = 0.3528 mm), DVK extent 60 x 60 cm; name from official list"
342,Haifischzähne,Richtzeichen (guide),HAIFISCHZAEHNE_342.svg,1001x500 mm,"Vz2017: Vz2017/Z-342/Z-342.eps; CorelDRAW EPS at 1:1 (1 pt = 0.3528 mm); name from official list; 14 stroked path(s) outlined with Inkscape; catalogue illustration of the marking on a grey carriageway plan, not a sign face"
350.1,Radschnellweg,Richtzeichen (guide),RADSCHNELLWEG_350.1.svg,600x600 mm,"Vz2017: Vz2017/Z-350.1/Z-350.1.EPS; DV-Vision EPS at 1:1 (1 pt = 0.3528 mm), DVK extent 60 x 60 cm; name from official list"
350.2,Ende des Radschnellwegs,Richtzeichen (guide),ENDE_DES_RADSCHNELLWEGS_350.2.svg,600x600 mm,"Vz2017: Vz2017/Z-350.2/Z-350.2.EPS; DV-Vision EPS at 1:1 (1 pt = 0.3528 mm), DVK extent 60 x 60 cm; name from official list"
365-69,Tankstelle mit Flüssigerdgas,Richtzeichen (guide),TANKSTELLE_MIT_FLUESSIGERDGAS_365-69.svg,600x600 mm,"Vz2017: Vz2017/Z-365-69/365-69-LNG.eps; DV-Vision EPS at 1:1 (1 pt = 0.3528 mm), DVK extent 60 x 60 cm; name from official list"
365-70,Tankmöglichkeit verschiedene Kraftstoffarten,Richtzeichen (guide),TANKMOEGLICHKEIT_VERSCHIEDENE_KRAFTSTOFFARTEN_365-70.svg,750x600 mm,"Vz2017: Vz2017/Z-365-70/365-70-verschiedene Tanksorten.eps; DV-Vision EPS at 1:1 (1 pt = 0.3528 mm), DVK extent 75 x 60 cm; name from official list"
365-71,Tankmöglichkeit alle Kraftstoffarten,Richtzeichen (guide),TANKMOEGLICHKEIT_ALLE_KRAFTSTOFFARTEN_365-71.svg,900x600 mm,"Vz2017: Vz2017/Z-365-71/365-71-alle Tanksorten.eps; DV-Vision EPS at 1:1 (1 pt = 0.3528 mm), DVK extent 90 x 60 cm; name from official list"
442-14,"KFZ mit einer zulässigen Gesamtmasse über 3,5 t – im Kreisverkehr linksweisend",Richtzeichen (guide),KFZ_MIT_EINER_ZULAESSIGEN_GESAMTMASSE_UEBER_3_5_T_IM_KREISVERKEHR_LINK_442-14.svg,600x900 mm,"Vz2017: Vz2017/Z-442/442-14.eps; DV-Vision EPS at 1:1 (1 pt = 0.3528 mm), DVK extent 60 x 90 cm; name from official list"
442-15,Kennzeichnungspflichtige Fahrzeuge mit gefährlichen Gütern - im Kreisverkehr linksweisend,Richtzeichen (guide),KENNZEICHNUNGSPFLICHTIGE_FAHRZEUGE_MIT_GEFAEHRLICHEN_GUETERN_IM_KREISV_442-15.svg,600x900 mm,"Vz2017: Vz2017/Z-442/442-15.eps; DV-Vision EPS at 1:1 (1 pt = 0.3528 mm), DVK extent 60 x 90 cm; name from official list"
442-16,Fahrzeuge mit wassergefährdender Ladung - im Kreisverkehr linksweisend,Richtzeichen (guide),FAHRZEUGE_MIT_WASSERGEFAEHRDENDER_LADUNG_IM_KREISVERKEHR_LINKSWEISEND_442-16.svg,600x900 mm,"Vz2017: Vz2017/Z-442/442-16.eps; DV-Vision EPS at 1:1 (1 pt = 0.3528 mm), DVK extent 60 x 90 cm; name from official list"
442-17,Radverkehr - im Kreisverkehr linksweisend,Richtzeichen (guide),RADVERKEHR_IM_KREISVERKEHR_LINKSWEISEND_442-17.svg,600x900 mm,"Vz2017: Vz2017/Z-442/442-17.eps; DV-Vision EPS at 1:1 (1 pt = 0.3528 mm), DVK extent 60 x 90 cm; name from official list"
442-24,"KFZ mit einer zulässigen Gesamtmasse über 3,5 t - im Kreisverkehr rechtsweisend",Richtzeichen (guide),KFZ_MIT_EINER_ZULAESSIGEN_GESAMTMASSE_UEBER_3_5_T_IM_KREISVERKEHR_RECH_442-24.svg,600x900 mm,"Vz2017: Vz2017/Z-442/442-24.eps; DV-Vision EPS at 1:1 (1 pt = 0.3528 mm), DVK extent 60 x 90 cm; name from official list"
442-25,Kennzeichnungspflichtige Fahrzeuge mit gefährlichen Gütern - im Kreisverkehr rechtsweisend,Richtzeichen (guide),KENNZEICHNUNGSPFLICHTIGE_FAHRZEUGE_MIT_GEFAEHRLICHEN_GUETERN_IM_KREISV_442-25.svg,600x900 mm,"Vz2017: Vz2017/Z-442/442-25.eps; DV-Vision EPS at 1:1 (1 pt = 0.3528 mm), DVK extent 60 x 90 cm; name from official list"
442-26,Fahrzeuge mit wassergefährdender Ladung - im Kreisverkehr rechtsweisend,Richtzeichen (guide),FAHRZEUGE_MIT_WASSERGEFAEHRDENDER_LADUNG_IM_KREISVERKEHR_RECHTSWEISEND_442-26.svg,600x900 mm,"Vz2017: Vz2017/Z-442/442-26.eps; DV-Vision EPS at 1:1 (1 pt = 0.3528 mm), DVK extent 60 x 90 cm; name from official list"
442-27,Radverkehr - im Kreisverkehr rechtsweisend,Richtzeichen (guide),RADVERKEHR_IM_KREISVERKEHR_RECHTSWEISEND_442-27.svg,600x900 mm,"Vz2017: Vz2017/Z-442/442-27.eps; DV-Vision EPS at 1:1 (1 pt = 0.3528 mm), DVK extent 60 x 90 cm; name from official list"
442-30,"KFZ mit einer zulässigen Gesamtmasse über 3,5 t - im Kreisverkehr geradeausweisend",Richtzeichen (guide),KFZ_MIT_EINER_ZULAESSIGEN_GESAMTMASSE_UEBER_3_5_T_IM_KREISVERKEHR_GERA_442-30.svg,600x900 mm,"Vz2017: Vz2017/Z-442/442-30.eps; DV-Vision EPS at 1:1 (1 pt = 0.3528 mm), DVK extent 60 x 90 cm; name from official list"
442-31,Kennzeichnungspflichtige Fahrzeuge mit gefährlichen Gütern - im Kreisverkehr geradeausweisend,Richtzeichen (guide),KENNZEICHNUNGSPFLICHTIGE_FAHRZEUGE_MIT_GEFAEHRLICHEN_GUETERN_IM_KREISV_442-31.svg,600x900 mm,"Vz2017: Vz2017/Z-442/442-31.eps; DV-Vision EPS at 1:1 (1 pt = 0.3528 mm), DVK extent 60 x 90 cm; name from official list"
442-32,Fahrzeuge mit wassergefährdender Ladung - im Kreisverkehr geradeausweisend,Richtzeichen (guide),FAHRZEUGE_MIT_WASSERGEFAEHRDENDER_LADUNG_IM_KREISVERKEHR_GERADEAUSWEIS_442-32.svg,600x900 mm,"Vz2017: Vz2017/Z-442/442-32.eps; DV-Vision EPS at 1:1 (1 pt = 0.3528 mm), DVK extent 60 x 90 cm; name from official list"
442-33,Radverkehr - im Kreisverkehr geradeausweisend,Richtzeichen (guide),RADVERKEHR_IM_KREISVERKEHR_GERADEAUSWEISEND_442-33.svg,600x900 mm,"Vz2017: Vz2017/Z-442/442-33.eps; DV-Vision EPS at 1:1 (1 pt = 0.3528 mm), DVK extent 60 x 90 cm; name from official list"
455.1-13,Ankündigung oder Fortsetzung der Umleitung - im Kreisverkehr links,Richtzeichen (guide),ANKUENDIGUNG_ODER_FORTSETZUNG_DER_UMLEITUNG_IM_KREISVERKEHR_LINKS_455.1-13.svg,600x900 mm,"Vz2017: Vz2017/Z-455.1/455.1-13.eps; DV-Vision EPS at 1:1 (1 pt = 0.3528 mm), DVK extent 60 x 90 cm; name from official list"
455.1-23,Ankündigung oder Fortsetzung der Umleitung - im Kreisverkehr rechts,Richtzeichen (guide),ANKUENDIGUNG_ODER_FORTSETZUNG_DER_UMLEITUNG_IM_KREISVERKEHR_RECHTS_455.1-23.svg,600x900 mm,"Vz2017: Vz2017/Z-455.1/455.1-23.eps; DV-Vision EPS at 1:1 (1 pt = 0.3528 mm), DVK extent 60 x 90 cm; name from official list"
455.1-31,Ankündigung oder Fortsetzung der Umleitung - im Kreisverkehr geradeaus,Richtzeichen (guide),ANKUENDIGUNG_ODER_FORTSETZUNG_DER_UMLEITUNG_IM_KREISVERKEHR_GERADEAUS_455.1-31.svg,600x900 mm,"Vz2017: Vz2017/Z-455.1/455.1-31.eps; DV-Vision EPS at 1:1 (1 pt = 0.3528 mm), DVK extent 60 x 90 cm; name from official list"
460-13,Bedarfsumleitung - im Kreisverkehr links,Richtzeichen (guide),BEDARFSUMLEITUNG_IM_KREISVERKEHR_LINKS_460-13.svg,600x900 mm,"Vz2017: Vz2017/Z-460/460-13.eps; DV-Vision EPS at 1:1 (1 pt = 0.3528 mm), DVK extent 60 x 90 cm; name from official list"
460-23,Bedarfsumleitung - im Kreisverkehr rechts,Richtzeichen (guide),BEDARFSUMLEITUNG_IM_KREISVERKEHR_RECHTS_460-23.svg,600x900 mm,"Vz2017: Vz2017/Z-460/460-23.eps; DV-Vision EPS at 1:1 (1 pt = 0.3528 mm), DVK extent 60 x 90 cm; name from official list"
460-31,Bedarfsumleitung - im Kreisverkehr geradeaus,Richtzeichen (guide),BEDARFSUMLEITUNG_IM_KREISVERKEHR_GERADEAUS_460-31.svg,600x900 mm,"Vz2017: Vz2017/Z-460/460-31.eps; DV-Vision EPS at 1:1 (1 pt = 0.3528 mm), DVK extent 60 x 90 cm; name from official list"
721,Grünpfeilschild mit Beschränkung auf den Radverkehr,Verkehrseinrichtungen (traffic devices),GRUENPFEILSCHILD_MIT_BESCHRAENKUNG_AUF_DEN_RADVERKEHR_721.svg,315x420 mm,"Vz2017: Vz2017/Z-721/721.EPS; DV-Vision EPS at 1:1 (1 pt = 0.3528 mm), DVK extent 31.5 x 42 cm; name from official list"
501-19,"Überleitungstafel - ohne Gegenverkehr - 4-streifig, davon linker Fahrstreifen nach links übergeleitet und die drei rechten Fahrstreifen geradeaus",Richtzeichen (guide),UEBERLEITUNGSTAFEL_OHNE_GEGENVERKEHR_4_STREIFIG_DAVON_LINKER_FAHRSTREI_501-19.svg,1600x1600 mm,"VLT 2021: VLT 2021/Z-501/501-19.eps; DV-Vision EPS at 1:1 (1 pt = 0.3528 mm), DVK extent 160 x 160 cm; name from official list"
501-29,"Überleitungstafel - ohne Gegenverkehr - 4-streifig, davon linker Fahrstreifen nach rechts übergeleitet und die drei rechten Fahrstreifen geradeaus",Richtzeichen (guide),UEBERLEITUNGSTAFEL_OHNE_GEGENVERKEHR_4_STREIFIG_DAVON_LINKER_FAHRSTREI_501-29.svg,1600x1600 mm,"VLT 2021: VLT 2021/Z-501/501-29.eps; DV-Vision EPS at 1:1 (1 pt = 0.3528 mm), DVK extent 160 x 160 cm; name from official list"
501-50,"Überleitungstafel - ohne Gegenverkehr - 4-streifig, davon die beiden linken Fahrstreifen nach links übergeleitet und die beiden rechten Fahrstreifen geradeaus",Richtzeichen (guide),UEBERLEITUNGSTAFEL_OHNE_GEGENVERKEHR_4_STREIFIG_DAVON_DIE_BEIDEN_LINKE_501-50.svg,1600x1600 mm,"VLT 2021: VLT 2021/Z-501/501-50.eps; DV-Vision EPS at 1:1 (1 pt = 0.3528 mm), DVK extent 160 x 160 cm; name from official list"
501-51,"Überleitungstafel - ohne Gegenverkehr - 4-streifig, davon die drei linken Fahrstreifen nach links übergeleitet und rechter Fahrstreifen geradeaus",Richtzeichen (guide),UEBERLEITUNGSTAFEL_OHNE_GEGENVERKEHR_4_STREIFIG_DAVON_DIE_DREI_LINKEN__501-51.svg,1600x1600 mm,"VLT 2021: VLT 2021/Z-501/501-51.eps; DV-Vision EPS at 1:1 (1 pt = 0.3528 mm), DVK extent 160 x 160 cm; name from official list"
501-52,"Überleitungstafel - ohne Gegenverkehr - 4-streifig nach links, davon 1 Fahrstreifen übergeleitet",Richtzeichen (guide),UEBERLEITUNGSTAFEL_OHNE_GEGENVERKEHR_4_STREIFIG_NACH_LINKS_DAVON_1_FAH_501-52.svg,1600x1600 mm,"VLT 2021: VLT 2021/Z-501/501-52.eps; DV-Vision EPS at 1:1 (1 pt = 0.3528 mm), DVK extent 160 x 160 cm; name from official list"
501-53,"Überleitungstafel - ohne Gegenverkehr - 4-streifig nach links, davon 2 Fahrstreifen übergeleitet",Richtzeichen (guide),UEBERLEITUNGSTAFEL_OHNE_GEGENVERKEHR_4_STREIFIG_NACH_LINKS_DAVON_2_FAH_501-53.svg,1600x1600 mm,"VLT 2021: VLT 2021/Z-501/501-53.eps; DV-Vision EPS at 1:1 (1 pt = 0.3528 mm), DVK extent 160 x 160 cm; name from official list"
501-54,"Überleitungstafel - ohne Gegenverkehr - 4-streifig nach links, davon 3 Fahrstreifen übergeleitet",Richtzeichen (guide),UEBERLEITUNGSTAFEL_OHNE_GEGENVERKEHR_4_STREIFIG_NACH_LINKS_DAVON_3_FAH_501-54.svg,1600x1600 mm,"VLT 2021: VLT 2021/Z-501/501-54.eps; DV-Vision EPS at 1:1 (1 pt = 0.3528 mm), DVK extent 160 x 160 cm; name from official list"
501-60,"Überleitungstafel - ohne Gegenverkehr - 4-streifig, davon die beiden linken Fahrstreifen nach rechts übergeleitet und die beiden rechten Fahrstreifen geradeaus",Richtzeichen (guide),UEBERLEITUNGSTAFEL_OHNE_GEGENVERKEHR_4_STREIFIG_DAVON_DIE_BEIDEN_LINKE_501-60.svg,1600x1600 mm,"VLT 2021: VLT 2021/Z-501/501-60.eps; DV-Vision EPS at 1:1 (1 pt = 0.3528 mm), DVK extent 160 x 160 cm; name from official list"
501-61,"Überleitungstafel - ohne Gegenverkehr - 4-streifig, davon die drei linken Fahrstreifen nach rechts übergeleitet und rechter Fahrstreifen geradeaus",Richtzeichen (guide),UEBERLEITUNGSTAFEL_OHNE_GEGENVERKEHR_4_STREIFIG_DAVON_DIE_DREI_LINKEN__501-61.svg,1600x1600 mm,"VLT 2021: VLT 2021/Z-501/501-61.eps; DV-Vision EPS at 1:1 (1 pt = 0.3528 mm), DVK extent 160 x 160 cm; name from official list"
501-62,"Überleitungstafel - ohne Gegenverkehr - 4-streifig nach rechts, davon 1 Fahrstreifen übergeleitet",Richtzeichen (guide),UEBERLEITUNGSTAFEL_OHNE_GEGENVERKEHR_4_STREIFIG_NACH_RECHTS_DAVON_1_FA_501-62.svg,1600x1600 mm,"VLT 2021: VLT 2021/Z-501/501-62.eps; DV-Vision EPS at 1:1 (1 pt = 0.3528 mm), DVK extent 160 x 160 cm; name from official list"
501-63,"Überleitungstafel - ohne Gegenverkehr - 4-streifig nach rechts, davon 2 Fahrstreifen übergeleitet",Richtzeichen (guide),UEBERLEITUNGSTAFEL_OHNE_GEGENVERKEHR_4_STREIFIG_NACH_RECHTS_DAVON_2_FA_501-63.svg,1600x1600 mm,"VLT 2021: VLT 2021/Z-501/501-63.eps; DV-Vision EPS at 1:1 (1 pt = 0.3528 mm), DVK extent 160 x 160 cm; name from official list"
501-64,"Überleitungstafel - ohne Gegenverkehr - 4-streifig nach rechts, davon 3 Fahrstreifen übergeleitet",Richtzeichen (guide),UEBERLEITUNGSTAFEL_OHNE_GEGENVERKEHR_4_STREIFIG_NACH_RECHTS_DAVON_3_FA_501-64.svg,1600x1600 mm,"VLT 2021: VLT 2021/Z-501/501-64.eps; DV-Vision EPS at 1:1 (1 pt = 0.3528 mm), DVK extent 160 x 160 cm; name from official list"
501-70,"Überleitungstafel - ohne Gegenverkehr - 2-streifig, davon linker Fahrstreifen nach links übergeleitet und rechter Fahrstreifen nach rechts verschwenkt",Richtzeichen (guide),UEBERLEITUNGSTAFEL_OHNE_GEGENVERKEHR_2_STREIFIG_DAVON_LINKER_FAHRSTREI_501-70.svg,1250x1600 mm,"VLT 2021: VLT 2021/Z-501/501-70.eps; DV-Vision EPS at 1:1 (1 pt = 0.3528 mm), DVK extent 160 x 160 cm; name from official list"
501-71,"Überleitungstafel - ohne Gegenverkehr - 3-streifig, davon linker Fahrstreifen nach links übergeleitet und die beiden rechten Fahrstreifen nach rechts verschwenkt",Richtzeichen (guide),UEBERLEITUNGSTAFEL_OHNE_GEGENVERKEHR_3_STREIFIG_DAVON_LINKER_FAHRSTREI_501-71.svg,1600x1600 mm,"VLT 2021: VLT 2021/Z-501/501-71.eps; DV-Vision EPS at 1:1 (1 pt = 0.3528 mm), DVK extent 160 x 160 cm; name from official list"
501-72,"Überleitungstafel - ohne Gegenverkehr - 3-streifig, davon die beiden linken Fahrstreifen nach links übergeleitet und rechter Fahrstreifen nach rechts verschwenkt",Richtzeichen (guide),UEBERLEITUNGSTAFEL_OHNE_GEGENVERKEHR_3_STREIFIG_DAVON_DIE_BEIDEN_LINKE_501-72.svg,1600x1600 mm,"VLT 2021: VLT 2021/Z-501/501-72.eps; DV-Vision EPS at 1:1 (1 pt = 0.3528 mm), DVK extent 160 x 160 cm; name from official list"
501-73,"Überleitungstafel - ohne Gegenverkehr - 4-streifig, davon linker Fahrstreifen nach links übergeleitet und die drei rechten Fahrstreifen nach rechts verschwenkt",Richtzeichen (guide),UEBERLEITUNGSTAFEL_OHNE_GEGENVERKEHR_4_STREIFIG_DAVON_LINKER_FAHRSTREI_501-73.svg,1600x1600 mm,"VLT 2021: VLT 2021/Z-501/501-73.eps; DV-Vision EPS at 1:1 (1 pt = 0.3528 mm), DVK extent 160 x 160 cm; name from official list"
501-74,"Überleitungstafel - ohne Gegenverkehr - 4-streifig, davon die beiden linken Fahrstreifen nach links übergeleitet und die beiden rechten Fahrstreifen nach rechts verschwenkt",Richtzeichen (guide),UEBERLEITUNGSTAFEL_OHNE_GEGENVERKEHR_4_STREIFIG_DAVON_DIE_BEIDEN_LINKE_501-74.svg,1600x1600 mm,"VLT 2021: VLT 2021/Z-501/501-74.eps; DV-Vision EPS at 1:1 (1 pt = 0.3528 mm), DVK extent 160 x 160 cm; name from official list"
501-75,"Überleitungstafel - ohne Gegenverkehr - 4-streifig, davon die drei linken Fahrstreifen nach links übergeleitet und rechter Fahrstreifen nach rechts verschwenkt",Richtzeichen (guide),UEBERLEITUNGSTAFEL_OHNE_GEGENVERKEHR_4_STREIFIG_DAVON_DIE_DREI_LINKEN__501-75.svg,1600x1600 mm,"VLT 2021: VLT 2021/Z-501/501-75.eps; DV-Vision EPS at 1:1 (1 pt = 0.3528 mm), DVK extent 160 x 160 cm; name from official list"
501-80,"Überleitungstafel - ohne Gegenverkehr - 2-streifig, davon linker Fahrstreifen nach rechts übergeleitet und rechter Fahrstreifen nach links verschwenkt",Richtzeichen (guide),UEBERLEITUNGSTAFEL_OHNE_GEGENVERKEHR_2_STREIFIG_DAVON_LINKER_FAHRSTREI_501-80.svg,1250x1600 mm,"VLT 2021: VLT 2021/Z-501/501-80.eps; DV-Vision EPS at 1:1 (1 pt = 0.3528 mm), DVK extent 160 x 160 cm; name from official list"
501-81,"Überleitungstafel - ohne Gegenverkehr - 3-streifig, davon linker Fahrstreifen nach rechts übergeleitet und die beiden rechten Fahrstreifen nach links verschwenkt",Richtzeichen (guide),UEBERLEITUNGSTAFEL_OHNE_GEGENVERKEHR_3_STREIFIG_DAVON_LINKER_FAHRSTREI_501-81.svg,1600x1600 mm,"VLT 2021: VLT 2021/Z-501/501-81.eps; DV-Vision EPS at 1:1 (1 pt = 0.3528 mm), DVK extent 160 x 160 cm; name from official list"
501-82,"Überleitungstafel - ohne Gegenverkehr - 3-streifig, davon die beiden linken Fahrstreifen nach rechts übergeleitet und rechter Fahrstreifen nach links verschwenkt",Richtzeichen (guide),UEBERLEITUNGSTAFEL_OHNE_GEGENVERKEHR_3_STREIFIG_DAVON_DIE_BEIDEN_LINKE_501-82.svg,1600x1600 mm,"VLT 2021: VLT 2021/Z-501/501-82.eps; DV-Vision EPS at 1:1 (1 pt = 0.3528 mm), DVK extent 160 x 160 cm; name from official list"
501-83,"Überleitungstafel - ohne Gegenverkehr - 4-streifig, davon linker Fahrstreifen nach rechts übergeleitet und die drei rechten Fahrstreifen nach links verschwenkt",Richtzeichen (guide),UEBERLEITUNGSTAFEL_OHNE_GEGENVERKEHR_4_STREIFIG_DAVON_LINKER_FAHRSTREI_501-83.svg,1600x1600 mm,"VLT 2021: VLT 2021/Z-501/501-83.eps; DV-Vision EPS at 1:1 (1 pt = 0.3528 mm), DVK extent 160 x 160 cm; name from official list"
501-84,"Überleitungstafel - ohne Gegenverkehr - 4-streifig, davon die beiden linken Fahrstreifen nach rechts übergeleitet und die beiden rechten Fahrstreifen nach links verschwenkt",Richtzeichen (guide),UEBERLEITUNGSTAFEL_OHNE_GEGENVERKEHR_4_STREIFIG_DAVON_DIE_BEIDEN_LINKE_501-84.svg,1600x1600 mm,"VLT 2021: VLT 2021/Z-501/501-84.eps; DV-Vision EPS at 1:1 (1 pt = 0.3528 mm), DVK extent 160 x 160 cm; name from official list"
501-85,"Überleitungstafel - ohne Gegenverkehr - 4-streifig, davon die drei linken Fahrstreifen nach rechts übergeleitet und rechter Fahrstreifen nach links verschwenkt",Richtzeichen (guide),UEBERLEITUNGSTAFEL_OHNE_GEGENVERKEHR_4_STREIFIG_DAVON_DIE_DREI_LINKEN__501-85.svg,1600x1600 mm,"VLT 2021: VLT 2021/Z-501/501-85.eps; DV-Vision EPS at 1:1 (1 pt = 0.3528 mm), DVK extent 160 x 160 cm; name from official list"
511-13,Verschwenkungstafel - ohne Gegenverkehr - 4-streifig nach links,Richtzeichen (guide),VERSCHWENKUNGSTAFEL_OHNE_GEGENVERKEHR_4_STREIFIG_NACH_LINKS_511-13.svg,1250x1600 mm,"VLT 2021: VLT 2021/Z-511/511-13.eps; DV-Vision EPS at 1:1 (1 pt = 0.3528 mm), DVK extent 125 x 160 cm; name from official list"
511-23,Verschwenkungstafel - ohne Gegenverkehr - 4-streifig nach rechts,Richtzeichen (guide),VERSCHWENKUNGSTAFEL_OHNE_GEGENVERKEHR_4_STREIFIG_NACH_RECHTS_511-23.svg,1250x1600 mm,"VLT 2021: VLT 2021/Z-511/511-23.eps; DV-Vision EPS at 1:1 (1 pt = 0.3528 mm), DVK extent 125 x 160 cm; name from official list"
511-27,"Verschwenkungstafel - ohne Gegenverkehr - 3-streifige Verschwenkung, 1-streifig auf den Seitenstreifen",Richtzeichen (guide),VERSCHWENKUNGSTAFEL_OHNE_GEGENVERKEHR_3_STREIFIGE_VERSCHWENKUNG_1_STRE_511-27.svg,1250x1600 mm,"VLT 2021: VLT 2021/Z-511/511-27.eps; DV-Vision EPS at 1:1 (1 pt = 0.3528 mm), DVK extent 125 x 160 cm; name from official list"
511-28,"Verschwenkungstafel - ohne Gegenverkehr - 4-streifige Verschwenkung, 1-streifig auf den Seitenstreifen",Richtzeichen (guide),VERSCHWENKUNGSTAFEL_OHNE_GEGENVERKEHR_4_STREIFIGE_VERSCHWENKUNG_1_STRE_511-28.svg,1600x1600 mm,"VLT 2021: VLT 2021/Z-511/511-28.eps; DV-Vision EPS at 1:1 (1 pt = 0.3528 mm), DVK extent 125 x 160 cm; name from official list"
512-10,Verschwenkungstafel - mit Gegenverkehr – Verschwenkung nach links 1-streifig in Fahrtrichtung und 1-streifig in Gegenrichtung,Richtzeichen (guide),VERSCHWENKUNGSTAFEL_MIT_GEGENVERKEHR_VERSCHWENKUNG_NACH_LINKS_1_STREIF_512-10.svg,1250x1600 mm,"VLT 2021: VLT 2021/Z-512/512-10.eps; DV-Vision EPS at 1:1 (1 pt = 0.3528 mm), DVK extent 125 x 160 cm; name from official list"
512-11,Verschwenkungstafel - mit Gegenverkehr – Verschwenkung nach links 1-streifig in Fahrtrichtung und 2-streifig in Gegenrichtung,Richtzeichen (guide),VERSCHWENKUNGSTAFEL_MIT_GEGENVERKEHR_VERSCHWENKUNG_NACH_LINKS_1_STREIF_512-11.svg,1250x1600 mm,"VLT 2021: VLT 2021/Z-512/512-11.eps; DV-Vision EPS at 1:1 (1 pt = 0.3528 mm), DVK extent 125 x 160 cm; name from official list"
512-12,Verschwenkungstafel - mit Gegenverkehr – Verschwenkung nach links 2-streifig in Fahrtrichtung und 1-streifig in Gegenrichtung,Richtzeichen (guide),VERSCHWENKUNGSTAFEL_MIT_GEGENVERKEHR_VERSCHWENKUNG_NACH_LINKS_2_STREIF_512-12.svg,1250x1600 mm,"VLT 2021: VLT 2021/Z-512/512-12.eps; DV-Vision EPS at 1:1 (1 pt = 0.3528 mm), DVK extent 125 x 160 cm; name from official list"
512-20,Verschwenkungstafel - mit Gegenverkehr – Verschwenkung nach rechts 1-streifig in Fahrtrichtung und 1-streifig in Gegenrichtung,Richtzeichen (guide),VERSCHWENKUNGSTAFEL_MIT_GEGENVERKEHR_VERSCHWENKUNG_NACH_RECHTS_1_STREI_512-20.svg,1250x1600 mm,"VLT 2021: VLT 2021/Z-512/512-20.eps; DV-Vision EPS at 1:1 (1 pt = 0.3528 mm), DVK extent 125 x 160 cm; name from official list"
512-21,Verschwenkungstafel - mit Gegenverkehr – Verschwenkung nach rechts 1-streifig in Fahrtrichtung und 2-streifig in Gegenrichtung,Richtzeichen (guide),VERSCHWENKUNGSTAFEL_MIT_GEGENVERKEHR_VERSCHWENKUNG_NACH_RECHTS_1_STREI_512-21.svg,1250x1600 mm,"VLT 2021: VLT 2021/Z-512/512-21.eps; DV-Vision EPS at 1:1 (1 pt = 0.3528 mm), DVK extent 125 x 160 cm; name from official list"
512-22,Verschwenkungstafel - mit Gegenverkehr – Verschwenkung nach rechts 2-streifig in Fahrtrichtung und 1-streifig in Gegenrichtung,Richtzeichen (guide),VERSCHWENKUNGSTAFEL_MIT_GEGENVERKEHR_VERSCHWENKUNG_NACH_RECHTS_2_STREI_512-22.svg,1250x1600 mm,"VLT 2021: VLT 2021/Z-512/512-22.eps; DV-Vision EPS at 1:1 (1 pt = 0.3528 mm), DVK extent 125 x 160 cm; name from official list"
513-12,Verschwenkungstafel kurze Verschwenkung - ohne Gegenverkehr - 3-streifig nach links,Richtzeichen (guide),VERSCHWENKUNGSTAFEL_KURZE_VERSCHWENKUNG_OHNE_GEGENVERKEHR_3_STREIFIG_N_513-12.svg,1250x1600 mm,"VLT 2021: VLT 2021/Z-513/513-12.eps; DV-Vision EPS at 1:1 (1 pt = 0.3528 mm), DVK extent 125 x 160 cm; name from official list"
513-13,Verschwenkungstafel kurze Verschwenkung - ohne Gegenverkehr - 4-streifig nach links,Richtzeichen (guide),VERSCHWENKUNGSTAFEL_KURZE_VERSCHWENKUNG_OHNE_GEGENVERKEHR_4_STREIFIG_N_513-13.svg,1250x1600 mm,"VLT 2021: VLT 2021/Z-513/513-13.eps; DV-Vision EPS at 1:1 (1 pt = 0.3528 mm), DVK extent 125 x 160 cm; name from official list"
513-14,Verschwenkungstafel kurze Verschwenkung - ohne Gegenverkehr - 5-streifig nach links,Richtzeichen (guide),VERSCHWENKUNGSTAFEL_KURZE_VERSCHWENKUNG_OHNE_GEGENVERKEHR_5_STREIFIG_N_513-14.svg,1600x1600 mm,"VLT 2021: VLT 2021/Z-513/513-14.eps; DV-Vision EPS at 1:1 (1 pt = 0.3528 mm), DVK extent 125 x 160 cm; name from official list"
513-22,Verschwenkungstafel kurze Verschwenkung - ohne Gegenverkehr - 3-streifig nach rechts,Richtzeichen (guide),VERSCHWENKUNGSTAFEL_KURZE_VERSCHWENKUNG_OHNE_GEGENVERKEHR_3_STREIFIG_N_513-22.svg,1250x1600 mm,"VLT 2021: VLT 2021/Z-513/513-22.eps; DV-Vision EPS at 1:1 (1 pt = 0.3528 mm), DVK extent 125 x 160 cm; name from official list"
513-23,Verschwenkungstafel kurze Verschwenkung - ohne Gegenverkehr - 4-streifig nach rechts,Richtzeichen (guide),VERSCHWENKUNGSTAFEL_KURZE_VERSCHWENKUNG_OHNE_GEGENVERKEHR_4_STREIFIG_N_513-23.svg,1250x1600 mm,"VLT 2021: VLT 2021/Z-513/513-23.eps; DV-Vision EPS at 1:1 (1 pt = 0.3528 mm), DVK extent 125 x 160 cm; name from official list"
513-24,Verschwenkungstafel kurze Verschwenkung - ohne Gegenverkehr - 5-streifig nach rechts,Richtzeichen (guide),VERSCHWENKUNGSTAFEL_KURZE_VERSCHWENKUNG_OHNE_GEGENVERKEHR_5_STREIFIG_N_513-24.svg,1600x1600 mm,"VLT 2021: VLT 2021/Z-513/513-24.eps; DV-Vision EPS at 1:1 (1 pt = 0.3528 mm), DVK extent 125 x 160 cm; name from official list"
514-11,Verschwenkungstafel kurze Verschwenkung - mit Gegenverkehr – nach links 2- streifig in Fahrtrichtung und 1-streifig in Gegenrichtung,Richtzeichen (guide),VERSCHWENKUNGSTAFEL_KURZE_VERSCHWENKUNG_MIT_GEGENVERKEHR_NACH_LINKS_2__514-11.svg,1250x1600 mm,"VLT 2021: VLT 2021/Z-514/514-11.eps; DV-Vision EPS at 1:1 (1 pt = 0.3528 mm), DVK extent 125 x 160 cm; name from official list"
514-12,Verschwenkungstafel kurze Verschwenkung - mit Gegenverkehr – nach links 3- streifig in Fahrtrichtung und 1-streifig in Gegenrichtung,Richtzeichen (guide),VERSCHWENKUNGSTAFEL_KURZE_VERSCHWENKUNG_MIT_GEGENVERKEHR_NACH_LINKS_3__514-12.svg,1250x1600 mm,"VLT 2021: VLT 2021/Z-514/514-12.eps; DV-Vision EPS at 1:1 (1 pt = 0.3528 mm), DVK extent 125 x 160 cm; name from official list"
514-13,Verschwenkungstafel kurze Verschwenkung - mit Gegenverkehr – nach links 1- streifig in Fahrtrichtung und 2-streifig in Gegenrichtung,Richtzeichen (guide),VERSCHWENKUNGSTAFEL_KURZE_VERSCHWENKUNG_MIT_GEGENVERKEHR_NACH_LINKS_1__514-13.svg,1250x1600 mm,"VLT 2021: VLT 2021/Z-514/514-13.eps; DV-Vision EPS at 1:1 (1 pt = 0.3528 mm), DVK extent 125 x 160 cm; name from official list"
514-14,Verschwenkungstafel kurze Verschwenkung - mit Gegenverkehr – nach links 2- streifig in Fahrtrichtung und 2-streifig in Gegenrichtung,Richtzeichen (guide),VERSCHWENKUNGSTAFEL_KURZE_VERSCHWENKUNG_MIT_GEGENVERKEHR_NACH_LINKS_2__514-14.svg,1250x1600 mm,"VLT 2021: VLT 2021/Z-514/514-14.eps; DV-Vision EPS at 1:1 (1 pt = 0.3528 mm), DVK extent 125 x 160 cm; name from official list"
514-15,Verschwenkungstafel kurze Verschwenkung - mit Gegenverkehr – nach links 3- streifig in Fahrtrichtung und 2-streifig in Gegenrichtung,Richtzeichen (guide),VERSCHWENKUNGSTAFEL_KURZE_VERSCHWENKUNG_MIT_GEGENVERKEHR_NACH_LINKS_3__514-15.svg,1600x1600 mm,"VLT 2021: VLT 2021/Z-514/514-15.eps; DV-Vision EPS at 1:1 (1 pt = 0.3528 mm), DVK extent 125 x 160 cm; name from official list"
514-16,Verschwenkungstafel kurze Verschwenkung - mit Gegenverkehr – nach links 1- streifig in Fahrtrichtung und 3-streifig in Gegenrichtung,Richtzeichen (guide),VERSCHWENKUNGSTAFEL_KURZE_VERSCHWENKUNG_MIT_GEGENVERKEHR_NACH_LINKS_1__514-16.svg,1250x1600 mm,"VLT 2021: VLT 2021/Z-514/514-16.eps; DV-Vision EPS at 1:1 (1 pt = 0.3528 mm), DVK extent 125 x 160 cm; name from official list"
514-17,Verschwenkungstafel kurze Verschwenkung - mit Gegenverkehr – nach links 2- streifig in Fahrtrichtung und 3-streifig in Gegenrichtung,Richtzeichen (guide),VERSCHWENKUNGSTAFEL_KURZE_VERSCHWENKUNG_MIT_GEGENVERKEHR_NACH_LINKS_2__514-17.svg,1600x1600 mm,"VLT 2021: VLT 2021/Z-514/514-17.eps; DV-Vision EPS at 1:1 (1 pt = 0.3528 mm), DVK extent 125 x 160 cm; name from official list"
514-18,Verschwenkungstafel kurze Verschwenkung - mit Gegenverkehr – nach links 3- streifig in Fahrtrichtung und 3-streifig in Gegenrichtung,Richtzeichen (guide),VERSCHWENKUNGSTAFEL_KURZE_VERSCHWENKUNG_MIT_GEGENVERKEHR_NACH_LINKS_3__514-18.svg,1600x1600 mm,"VLT 2021: VLT 2021/Z-514/514-18.eps; DV-Vision EPS at 1:1 (1 pt = 0.3528 mm), DVK extent 125 x 160 cm; name from official list"
514-21,Verschwenkungstafel kurze Verschwenkung - mit Gegenverkehr – nach rechts 2- streifig in Fahrtrichtung und 1-streifig in Gegenrichtung,Richtzeichen (guide),VERSCHWENKUNGSTAFEL_KURZE_VERSCHWENKUNG_MIT_GEGENVERKEHR_NACH_RECHTS_2_514-21.svg,1250x1600 mm,"VLT 2021: VLT 2021/Z-514/514-21.eps; DV-Vision EPS at 1:1 (1 pt = 0.3528 mm), DVK extent 125 x 160 cm; name from official list"
514-22,Verschwenkungstafel kurze Verschwenkung - mit Gegenverkehr – nach rechts 3- streifig in Fahrtrichtung und 1-streifig in Gegenrichtung,Richtzeichen (guide),VERSCHWENKUNGSTAFEL_KURZE_VERSCHWENKUNG_MIT_GEGENVERKEHR_NACH_RECHTS_3_514-22.svg,1250x1600 mm,"VLT 2021: VLT 2021/Z-514/514-22.eps; DV-Vision EPS at 1:1 (1 pt = 0.3528 mm), DVK extent 125 x 160 cm; name from official list"
514-23,Verschwenkungstafel kurze Verschwenkung - mit Gegenverkehr – nach rechts 1- streifig in Fahrtrichtung und 2-streifig in Gegenrichtung,Richtzeichen (guide),VERSCHWENKUNGSTAFEL_KURZE_VERSCHWENKUNG_MIT_GEGENVERKEHR_NACH_RECHTS_1_514-23.svg,1250x1600 mm,"VLT 2021: VLT 2021/Z-514/514-23.eps; DV-Vision EPS at 1:1 (1 pt = 0.3528 mm), DVK extent 125 x 160 cm; name from official list"
514-24,Verschwenkungstafel kurze Verschwenkung - mit Gegenverkehr – nach rechts 2- streifig in Fahrtrichtung und 2-streifig in Gegenrichtung,Richtzeichen (guide),VERSCHWENKUNGSTAFEL_KURZE_VERSCHWENKUNG_MIT_GEGENVERKEHR_NACH_RECHTS_2_514-24.svg,1250x1600 mm,"VLT 2021: VLT 2021/Z-514/514-24.eps; DV-Vision EPS at 1:1 (1 pt = 0.3528 mm), DVK extent 125 x 160 cm; name from official list"
514-25,Verschwenkungstafel kurze Verschwenkung - mit Gegenverkehr – nach rechts 3- streifig in Fahrtrichtung und 2-streifig in Gegenrichtung,Richtzeichen (guide),VERSCHWENKUNGSTAFEL_KURZE_VERSCHWENKUNG_MIT_GEGENVERKEHR_NACH_RECHTS_3_514-25.svg,1600x1600 mm,"VLT 2021: VLT 2021/Z-514/514-25.eps; DV-Vision EPS at 1:1 (1 pt = 0.3528 mm), DVK extent 125 x 160 cm; name from official list"
514-26,Verschwenkungstafel kurze Verschwenkung - mit Gegenverkehr – nach rechts 1- streifig in Fahrtrichtung und 3-streifig in Gegenrichtung,Richtzeichen (guide),VERSCHWENKUNGSTAFEL_KURZE_VERSCHWENKUNG_MIT_GEGENVERKEHR_NACH_RECHTS_1_514-26.svg,1250x1600 mm,"VLT 2021: VLT 2021/Z-514/514-26.eps; DV-Vision EPS at 1:1 (1 pt = 0.3528 mm), DVK extent 125 x 160 cm; name from official list"
514-27,Verschwenkungstafel kurze Verschwenkung - mit Gegenverkehr – nach rechts 2- streifig in Fahrtrichtung und 3-streifig in Gegenrichtung,Richtzeichen (guide),VERSCHWENKUNGSTAFEL_KURZE_VERSCHWENKUNG_MIT_GEGENVERKEHR_NACH_RECHTS_2_514-27.svg,1600x1600 mm,"VLT 2021: VLT 2021/Z-514/514-27.eps; DV-Vision EPS at 1:1 (1 pt = 0.3528 mm), DVK extent 125 x 160 cm; name from official list"
514-28,Verschwenkungstafel kurze Verschwenkung - mit Gegenverkehr – nach rechts 3- streifig in Fahrtrichtung und 3-streifig in Gegenrichtung,Richtzeichen (guide),VERSCHWENKUNGSTAFEL_KURZE_VERSCHWENKUNG_MIT_GEGENVERKEHR_NACH_RECHTS_3_514-28.svg,1600x1600 mm,"VLT 2021: VLT 2021/Z-514/514-28.eps; DV-Vision EPS at 1:1 (1 pt = 0.3528 mm), DVK extent 125 x 160 cm; name from official list"
527-30,Fahrstreifentafel - ohne Gegenverkehr mit integrierten Zeichen 262 - 2-streifig in Fahrtrichtung,Richtzeichen (guide),FAHRSTREIFENTAFEL_OHNE_GEGENVERKEHR_MIT_INTEGRIERTEN_ZEICHEN_262_2_STR_527-30.svg,1250x1600 mm,"VLT 2021: VLT 2021/Z-527/527-30.eps; DV-Vision EPS at 1:1 (1 pt = 0.3528 mm), DVK extent 125 x 160 cm; name from official list"
527-31,Fahrstreifentafel - ohne Gegenverkehr mit integrierten Zeichen 262 - 3-streifig in Fahrtrichtung,Richtzeichen (guide),FAHRSTREIFENTAFEL_OHNE_GEGENVERKEHR_MIT_INTEGRIERTEN_ZEICHEN_262_3_STR_527-31.svg,1250x1600 mm,"VLT 2021: VLT 2021/Z-527/527-31.eps; DV-Vision EPS at 1:1 (1 pt = 0.3528 mm), DVK extent 125 x 160 cm; name from official list"
528-30,Fahrstreifentafel - ohne Gegenverkehr mit integrierten Zeichen 263 - 2-streifig in Fahrtrichtung,Richtzeichen (guide),FAHRSTREIFENTAFEL_OHNE_GEGENVERKEHR_MIT_INTEGRIERTEN_ZEICHEN_263_2_STR_528-30.svg,1250x1600 mm,"VLT 2021: VLT 2021/Z-528/528-30.eps; DV-Vision EPS at 1:1 (1 pt = 0.3528 mm), DVK extent 125 x 160 cm; name from official list"
528-31,Fahrstreifentafel - ohne Gegenverkehr mit integrierten Zeichen 263 - 3-streifig in Fahrtrichtung,Richtzeichen (guide),FAHRSTREIFENTAFEL_OHNE_GEGENVERKEHR_MIT_INTEGRIERTEN_ZEICHEN_263_3_STR_528-31.svg,1250x1600 mm,"VLT 2021: VLT 2021/Z-528/528-31.eps; DV-Vision EPS at 1:1 (1 pt = 0.3528 mm), DVK extent 125 x 160 cm; name from official list"
529-30,Fahrstreifentafel - ohne Gegenverkehr mit integrierten Zeichen 265 - 2-streifig in Fahrtrichtung,Richtzeichen (guide),FAHRSTREIFENTAFEL_OHNE_GEGENVERKEHR_MIT_INTEGRIERTEN_ZEICHEN_265_2_STR_529-30.svg,1250x1600 mm,"VLT 2021: VLT 2021/Z-529/529-30.eps; DV-Vision EPS at 1:1 (1 pt = 0.3528 mm), DVK extent 125 x 160 cm; name from official list"
529-31,Fahrstreifentafel - ohne Gegenverkehr mit integrierten Zeichen 265 - 3-streifig in Fahrtrichtung,Richtzeichen (guide),FAHRSTREIFENTAFEL_OHNE_GEGENVERKEHR_MIT_INTEGRIERTEN_ZEICHEN_265_3_STR_529-31.svg,1250x1600 mm,"VLT 2021: VLT 2021/Z-529/529-31.eps; DV-Vision EPS at 1:1 (1 pt = 0.3528 mm), DVK extent 125 x 160 cm; name from official list"
531-14,"Einengungstafel - ohne Gegenverkehr - Einzug rechts, von 3 auf 1 Fahrstreifen",Richtzeichen (guide),EINENGUNGSTAFEL_OHNE_GEGENVERKEHR_EINZUG_RECHTS_VON_3_AUF_1_FAHRSTREIF_531-14.svg,1250x1600 mm,"VLT 2021: VLT 2021/Z-531/531-14.eps; DV-Vision EPS at 1:1 (1 pt = 0.3528 mm), DVK extent 125 x 160 cm; name from official list"
531-15,"Einengungstafel - ohne Gegenverkehr - Einzug rechts, von 4 auf 2 Fahrstreifen",Richtzeichen (guide),EINENGUNGSTAFEL_OHNE_GEGENVERKEHR_EINZUG_RECHTS_VON_4_AUF_2_FAHRSTREIF_531-15.svg,1250x1600 mm,"VLT 2021: VLT 2021/Z-531/531-15.eps; DV-Vision EPS at 1:1 (1 pt = 0.3528 mm), DVK extent 125 x 160 cm; name from official list"
531-16,"Einengungstafel - ohne Gegenverkehr - Einzug rechts, von 5 auf 3 Fahrstreifen",Richtzeichen (guide),EINENGUNGSTAFEL_OHNE_GEGENVERKEHR_EINZUG_RECHTS_VON_5_AUF_3_FAHRSTREIF_531-16.svg,1600x1600 mm,"VLT 2021: VLT 2021/Z-531/531-16.eps; DV-Vision EPS at 1:1 (1 pt = 0.3528 mm), DVK extent 125 x 160 cm; name from official list"
531-24,"Einengungstafel - ohne Gegenverkehr - Einzug links, von 3 auf 1 Fahrstreifen",Richtzeichen (guide),EINENGUNGSTAFEL_OHNE_GEGENVERKEHR_EINZUG_LINKS_VON_3_AUF_1_FAHRSTREIFE_531-24.svg,1250x1600 mm,"VLT 2021: VLT 2021/Z-531/531-24.eps; DV-Vision EPS at 1:1 (1 pt = 0.3528 mm), DVK extent 125 x 160 cm; name from official list"
531-25,"Einengungstafel - ohne Gegenverkehr - Einzug links, von 4 auf 2 Fahrstreifen",Richtzeichen (guide),EINENGUNGSTAFEL_OHNE_GEGENVERKEHR_EINZUG_LINKS_VON_4_AUF_2_FAHRSTREIFE_531-25.svg,1250x1600 mm,"VLT 2021: VLT 2021/Z-531/531-25.eps; DV-Vision EPS at 1:1 (1 pt = 0.3528 mm), DVK extent 125 x 160 cm; name from official list"
531-26,"Einengungstafel - ohne Gegenverkehr - Einzug links, von 5 auf 3 Fahrstreifen",Richtzeichen (guide),EINENGUNGSTAFEL_OHNE_GEGENVERKEHR_EINZUG_LINKS_VON_5_AUF_3_FAHRSTREIFE_531-26.svg,1600x1600 mm,"VLT 2021: VLT 2021/Z-531/531-26.eps; DV-Vision EPS at 1:1 (1 pt = 0.3528 mm), DVK extent 125 x 160 cm; name from official list"
533-22,Trennungstafel - 2-streifig durchgehend und 2-streifig rechts ab,Richtzeichen (guide),TRENNUNGSTAFEL_2_STREIFIG_DURCHGEHEND_UND_2_STREIFIG_RECHTS_AB_533-22.svg,1250x1600 mm,"VLT 2021: VLT 2021/Z-533/533-22.eps; DV-Vision EPS at 1:1 (1 pt = 0.3528 mm), DVK extent 125 x 160 cm; name from official list"
533-23,Trennungstafel - 3-streifig durchgehend und 2-streifig rechts ab,Richtzeichen (guide),TRENNUNGSTAFEL_3_STREIFIG_DURCHGEHEND_UND_2_STREIFIG_RECHTS_AB_533-23.svg,1250x1600 mm,"VLT 2021: VLT 2021/Z-533/533-23.eps; DV-Vision EPS at 1:1 (1 pt = 0.3528 mm), DVK extent 125 x 160 cm; name from official list"
533-24,Trennungstafel - 4-streifig durchgehend und 1-streifig rechts ab,Richtzeichen (guide),TRENNUNGSTAFEL_4_STREIFIG_DURCHGEHEND_UND_1_STREIFIG_RECHTS_AB_533-24.svg,1600x1600 mm,"VLT 2021: VLT 2021/Z-533/533-24.eps; DV-Vision EPS at 1:1 (1 pt = 0.3528 mm), DVK extent 125 x 160 cm; name from official list"
533-25,Trennungstafel - 4-streifig durchgehend und 2-streifig rechts ab,Richtzeichen (guide),TRENNUNGSTAFEL_4_STREIFIG_DURCHGEHEND_UND_2_STREIFIG_RECHTS_AB_533-25.svg,1600x1600 mm,"VLT 2021: VLT 2021/Z-533/533-25.eps; DV-Vision EPS at 1:1 (1 pt = 0.3528 mm), DVK extent 125 x 160 cm; name from official list"
533-26,Trennungstafel - 4-streifig durchgehend und 3-streifig rechts ab,Richtzeichen (guide),TRENNUNGSTAFEL_4_STREIFIG_DURCHGEHEND_UND_3_STREIFIG_RECHTS_AB_533-26.svg,1600x1600 mm,"VLT 2021: VLT 2021/Z-533/533-26.eps; DV-Vision EPS at 1:1 (1 pt = 0.3528 mm), DVK extent 125 x 160 cm; name from official list"
533-27,Trennungstafel - 5-streifig durchgehend und 1-streifig rechts ab,Richtzeichen (guide),TRENNUNGSTAFEL_5_STREIFIG_DURCHGEHEND_UND_1_STREIFIG_RECHTS_AB_533-27.svg,1600x1600 mm,"VLT 2021: VLT 2021/Z-533/533-27.eps; DV-Vision EPS at 1:1 (1 pt = 0.3528 mm), DVK extent 125 x 160 cm; name from official list"
533-28,Trennungstafel - 5-streifig durchgehend und 2-streifig rechts ab,Richtzeichen (guide),TRENNUNGSTAFEL_5_STREIFIG_DURCHGEHEND_UND_2_STREIFIG_RECHTS_AB_533-28.svg,2000x1600 mm,"VLT 2021: VLT 2021/Z-533/533-28.eps; DV-Vision EPS at 1:1 (1 pt = 0.3528 mm), DVK extent 125 x 160 cm; name from official list"
533-29,Trennungstafel - 5-streifig durchgehend und 3-streifig rechts ab,Richtzeichen (guide),TRENNUNGSTAFEL_5_STREIFIG_DURCHGEHEND_UND_3_STREIFIG_RECHTS_AB_533-29.svg,2000x1600 mm,"VLT 2021: VLT 2021/Z-533/533-29.eps; DV-Vision EPS at 1:1 (1 pt = 0.3528 mm), DVK extent 125 x 160 cm; name from official list"
533-60,Trennungstafel - 2-streifig durchgehend und 1-streifig sowie aus dem rechten durchgehenden Fahrstreifen rechts ab,Richtzeichen (guide),TRENNUNGSTAFEL_2_STREIFIG_DURCHGEHEND_UND_1_STREIFIG_SOWIE_AUS_DEM_REC_533-60.svg,1250x1600 mm,"VLT 2021: VLT 2021/Z-533/533-60.eps; DV-Vision EPS at 1:1 (1 pt = 0.3528 mm), DVK extent 125 x 160 cm; name from official list"
533-61,Trennungstafel - 3-streifig durchgehend und 1-streifig sowie aus dem rechten durchgehenden Fahrstreifen rechts ab,Richtzeichen (guide),TRENNUNGSTAFEL_3_STREIFIG_DURCHGEHEND_UND_1_STREIFIG_SOWIE_AUS_DEM_REC_533-61.svg,1250x1600 mm,"VLT 2021: VLT 2021/Z-533/533-61.eps; DV-Vision EPS at 1:1 (1 pt = 0.3528 mm), DVK extent 125 x 160 cm; name from official list"
533-62,Trennungstafel - 4-streifig durchgehend und 1-streifig sowie aus dem rechten durchgehenden Fahrstreifen rechts ab,Richtzeichen (guide),TRENNUNGSTAFEL_4_STREIFIG_DURCHGEHEND_UND_1_STREIFIG_SOWIE_AUS_DEM_REC_533-62.svg,1600x1600 mm,"VLT 2021: VLT 2021/Z-533/533-62.eps; DV-Vision EPS at 1:1 (1 pt = 0.3528 mm), DVK extent 125 x 160 cm; name from official list"
533-63,Trennungstafel - 5-streifig durchgehend und 1-streifig sowie aus dem rechten durchgehenden Fahrstreifen rechts ab,Richtzeichen (guide),TRENNUNGSTAFEL_5_STREIFIG_DURCHGEHEND_UND_1_STREIFIG_SOWIE_AUS_DEM_REC_533-63.svg,1600x1600 mm,"VLT 2021: VLT 2021/Z-533/533-63.eps; DV-Vision EPS at 1:1 (1 pt = 0.3528 mm), DVK extent 125 x 160 cm; name from official list"
538-30,Fahrstreifentafel - ohne Gegenverkehr mit integriertem Zeichen 282 - 2-streifig in Fahrtrichtung,Richtzeichen (guide),FAHRSTREIFENTAFEL_OHNE_GEGENVERKEHR_MIT_INTEGRIERTEM_ZEICHEN_282_2_STR_538-30.svg,1250x1600 mm,"VLT 2021: VLT 2021/Z-538/538-30.eps; DV-Vision EPS at 1:1 (1 pt = 0.3528 mm), DVK extent 125 x 160 cm; name from official list"
538-31,Fahrstreifentafel - ohne Gegenverkehr mit integriertem Zeichen 282 - 3-streifig in Fahrtrichtung,Richtzeichen (guide),FAHRSTREIFENTAFEL_OHNE_GEGENVERKEHR_MIT_INTEGRIERTEM_ZEICHEN_282_3_STR_538-31.svg,1250x1600 mm,"VLT 2021: VLT 2021/Z-538/538-31.eps; DV-Vision EPS at 1:1 (1 pt = 0.3528 mm), DVK extent 125 x 160 cm; name from official list"
541-12,Aufweitungstafel - ohne Gegenverkehr - 3-streifig plus Fahrstreifen links,Richtzeichen (guide),AUFWEITUNGSTAFEL_OHNE_GEGENVERKEHR_3_STREIFIG_PLUS_FAHRSTREIFEN_LINKS_541-12.svg,1250x1600 mm,"VLT 2021: VLT 2021/Z-541/541-12.eps; DV-Vision EPS at 1:1 (1 pt = 0.3528 mm), DVK extent 125 x 160 cm; name from official list"
541-13,Aufweitungstafel - ohne Gegenverkehr - 4-streifig plus Fahrstreifen links,Richtzeichen (guide),AUFWEITUNGSTAFEL_OHNE_GEGENVERKEHR_4_STREIFIG_PLUS_FAHRSTREIFEN_LINKS_541-13.svg,1250x1600 mm,"VLT 2021: VLT 2021/Z-541/541-13.eps; DV-Vision EPS at 1:1 (1 pt = 0.3528 mm), DVK extent 125 x 160 cm; name from official list"
541-22,Aufweitungstafel - ohne Gegenverkehr - 3-streifig plus Fahrstreifen rechts,Richtzeichen (guide),AUFWEITUNGSTAFEL_OHNE_GEGENVERKEHR_3_STREIFIG_PLUS_FAHRSTREIFEN_RECHTS_541-22.svg,1250x1600 mm,"VLT 2021: VLT 2021/Z-541/541-22.eps; DV-Vision EPS at 1:1 (1 pt = 0.3528 mm), DVK extent 125 x 160 cm; name from official list"
541-23,Aufweitungstafel - ohne Gegenverkehr - 4-streifig plus Fahrstreifen rechts,Richtzeichen (guide),AUFWEITUNGSTAFEL_OHNE_GEGENVERKEHR_4_STREIFIG_PLUS_FAHRSTREIFEN_RECHTS_541-23.svg,1250x1600 mm,"VLT 2021: VLT 2021/Z-541/541-23.eps; DV-Vision EPS at 1:1 (1 pt = 0.3528 mm), DVK extent 125 x 160 cm; name from official list"
542-12,Aufweitungstafel - mit Gegenverkehr - 2-streifig plus Fahrstreifen links und 1 Fahrstreifen in Gegenrichtung,Richtzeichen (guide),AUFWEITUNGSTAFEL_MIT_GEGENVERKEHR_2_STREIFIG_PLUS_FAHRSTREIFEN_LINKS_U_542-12.svg,1250x1600 mm,"VLT 2021: VLT 2021/Z-542/542-12.eps; DV-Vision EPS at 1:1 (1 pt = 0.3528 mm), DVK extent 125 x 160 cm; name from official list"
542-13,Aufweitungstafel - mit Gegenverkehr - 2-streifig plus Fahrstreifen links und 2 Fahrstreifen in Gegenrichtung,Richtzeichen (guide),AUFWEITUNGSTAFEL_MIT_GEGENVERKEHR_2_STREIFIG_PLUS_FAHRSTREIFEN_LINKS_U_542-13.svg,1250x1600 mm,"VLT 2021: VLT 2021/Z-542/542-13.eps; DV-Vision EPS at 1:1 (1 pt = 0.3528 mm), DVK extent 125 x 160 cm; name from official list"
542-14,Aufweitungstafel - mit Gegenverkehr - 1-streifig plus Fahrstreifen links und 3 Fahrstreifen in Gegenrichtung,Richtzeichen (guide),AUFWEITUNGSTAFEL_MIT_GEGENVERKEHR_1_STREIFIG_PLUS_FAHRSTREIFEN_LINKS_U_542-14.svg,1250x1600 mm,"VLT 2021: VLT 2021/Z-542/542-14.eps; DV-Vision EPS at 1:1 (1 pt = 0.3528 mm), DVK extent 125 x 160 cm; name from official list"
542-15,Aufweitungstafel - mit Gegenverkehr - 2-streifig plus Fahrstreifen links und 3 Fahrstreifen in Gegenrichtung,Richtzeichen (guide),AUFWEITUNGSTAFEL_MIT_GEGENVERKEHR_2_STREIFIG_PLUS_FAHRSTREIFEN_LINKS_U_542-15.svg,1600x1600 mm,"VLT 2021: VLT 2021/Z-542/542-15.eps; DV-Vision EPS at 1:1 (1 pt = 0.3528 mm), DVK extent 125 x 160 cm; name from official list"
550-25,Zusammenführungstafel - an durchgehender Strecke - 4-streifig plus 1 Fahrstreifen von rechts,Richtzeichen (guide),ZUSAMMENFUEHRUNGSTAFEL_AN_DURCHGEHENDER_STRECKE_4_STREIFIG_PLUS_1_FAHR_550-25.svg,1250x1600 mm,"VLT 2021: VLT 2021/Z-550/550-25.eps; DV-Vision EPS at 1:1 (1 pt = 0.3528 mm), DVK extent 125 x 160 cm; name from official list"
550-26,Zusammenführungstafel - an durchgehender Strecke - 4-streifig plus 2 Fahrstreifen von rechts,Richtzeichen (guide),ZUSAMMENFUEHRUNGSTAFEL_AN_DURCHGEHENDER_STRECKE_4_STREIFIG_PLUS_2_FAHR_550-26.svg,1600x1600 mm,"VLT 2021: VLT 2021/Z-550/550-26.EPS; DV-Vision EPS at 1:1 (1 pt = 0.3528 mm), DVK extent 125 x 160 cm; name from official list"
550-27,Zusammenführungstafel - an durchgehender Strecke - 4-streifig plus 3 Fahrstreifen von rechts,Richtzeichen (guide),ZUSAMMENFUEHRUNGSTAFEL_AN_DURCHGEHENDER_STRECKE_4_STREIFIG_PLUS_3_FAHR_550-27.svg,2000x1600 mm,"VLT 2021: VLT 2021/Z-550/550-27.eps; DV-Vision EPS at 1:1 (1 pt = 0.3528 mm), DVK extent 125 x 160 cm; name from official list"
550-28,Zusammenführungstafel - an durchgehender Strecke - 5-streifig plus 1 Fahrstreifen von rechts,Richtzeichen (guide),ZUSAMMENFUEHRUNGSTAFEL_AN_DURCHGEHENDER_STRECKE_5_STREIFIG_PLUS_1_FAHR_550-28.svg,1600x1600 mm,"VLT 2021: VLT 2021/Z-550/550-28.eps; DV-Vision EPS at 1:1 (1 pt = 0.3528 mm), DVK extent 125 x 160 cm; name from official list"
550-29,Zusammenführungstafel - an durchgehender Strecke - 5-streifig plus 2 Fahrstreifen von rechts,Richtzeichen (guide),ZUSAMMENFUEHRUNGSTAFEL_AN_DURCHGEHENDER_STRECKE_5_STREIFIG_PLUS_2_FAHR_550-29.svg,2000x1600 mm,"VLT 2021: VLT 2021/Z-550/550-29.EPS; DV-Vision EPS at 1:1 (1 pt = 0.3528 mm), DVK extent 125 x 160 cm; name from official list"
550-60,Zusammenführungstafel - an durchgehender Strecke - 5-streifig plus 3 Fahrstreifen von rechts,Richtzeichen (guide),ZUSAMMENFUEHRUNGSTAFEL_AN_DURCHGEHENDER_STRECKE_5_STREIFIG_PLUS_3_FAHR_550-60.svg,2000x1600 mm,"VLT 2021: VLT 2021/Z-550/550-60.eps; DV-Vision EPS at 1:1 (1 pt = 0.3528 mm), DVK extent 125 x 160 cm; name from official list"
551-25,Zusammenführungstafel - an einmündender Strecke - 1-streifig einmündend plus 4-streifig durchgehend,Richtzeichen (guide),ZUSAMMENFUEHRUNGSTAFEL_AN_EINMUENDENDER_STRECKE_1_STREIFIG_EINMUENDEND_551-25.svg,1250x1600 mm,"VLT 2021: VLT 2021/Z-551/551-25.eps; DV-Vision EPS at 1:1 (1 pt = 0.3528 mm), DVK extent 125 x 160 cm; name from official list"
551-26,Zusammenführungstafel - an einmündender Strecke - 2-streifig einmündend plus 4-streifig durchgehend,Richtzeichen (guide),ZUSAMMENFUEHRUNGSTAFEL_AN_EINMUENDENDER_STRECKE_2_STREIFIG_EINMUENDEND_551-26.svg,1600x1600 mm,"VLT 2021: VLT 2021/Z-551/551-26.eps; DV-Vision EPS at 1:1 (1 pt = 0.3528 mm), DVK extent 125 x 160 cm; name from official list"
551-28,Zusammenführungstafel - an einmündender Strecke - 1-streifig einmündend plus 5-streifig durchgehend,Richtzeichen (guide),,,VLT 2021: 551-28.eps is byte-identical to 551-27.eps (551-27); not built until BASt ships the right file
551-27,Zusammenführungstafel - an einmündender Strecke - 3-streifig einmündend plus 4-streifig durchgehend,Richtzeichen (guide),ZUSAMMENFUEHRUNGSTAFEL_AN_EINMUENDENDER_STRECKE_3_STREIFIG_EINMUENDEND_551-27.svg,1600x1600 mm,"VLT 2021: VLT 2021/Z-551/551-27.eps; DV-Vision EPS at 1:1 (1 pt = 0.3528 mm), DVK extent 125 x 160 cm; name from official list"
551-29,Zusammenführungstafel - an einmündender Strecke - 2-streifig einmündend plus 5-streifig durchgehend,Richtzeichen (guide),ZUSAMMENFUEHRUNGSTAFEL_AN_EINMUENDENDER_STRECKE_2_STREIFIG_EINMUENDEND_551-29.svg,1600x1600 mm,"VLT 2021: VLT 2021/Z-551/551-29.eps; DV-Vision EPS at 1:1 (1 pt = 0.3528 mm), DVK extent 125 x 160 cm; name from official list"
551-60,Zusammenführungstafel - an einmündender Strecke - 3-streifig einmündend plus 5-streifig durchgehend,Richtzeichen (guide),ZUSAMMENFUEHRUNGSTAFEL_AN_EINMUENDENDER_STRECKE_3_STREIFIG_EINMUENDEND_551-60.svg,1600x1600 mm,"VLT 2021: VLT 2021/Z-551/551-60.eps; DV-Vision EPS at 1:1 (1 pt = 0.3528 mm), DVK extent 125 x 160 cm; name from official list"
101,Gefahrstelle,Gefahrzeichen (warning),GEFAHRSTELLE_101.svg,841x739 mm,"Musterdateien: Musterdateien/eps/101.EPS; DV-Vision EPS at 1:1 (1 pt = 0.3528 mm), DVK extent 84.1436 x 73.9423 cm; name from official list"
1010-65,E-Bikes,Zusatzzeichen (supplementary plates),E_BIKES_1010-65.svg,600x330 mm,"Musterdateien: Musterdateien/eps/1010-65.EPS; DV-Vision EPS at 1:1 (1 pt = 0.3528 mm), DVK extent 60 x 33 cm; name from official list"
264-2.3,Verbot für Fahrzeuge über tatsächliche Breite einschließlich der Fahrzeugspiegel,Vorschriftzeichen (regulatory),VERBOT_FUER_FAHRZEUGE_UEBER_TATSAECHLICHE_BREITE_EINSCHLIESSLICH_DER_F_264-2.3.svg,600x600 mm,"Musterdateien: Musterdateien/eps/264-2.3.EPS; DV-Vision EPS at 1:1 (1 pt = 0.3528 mm), DVK extent 60 x 60 cm; name from DVK comment"
314-50,"Parkhaus, Parkgarage",Richtzeichen (guide),PARKHAUS_PARKGARAGE_314-50.svg,600x600 mm,"Musterdateien: Musterdateien/eps/314-50.EPS; DV-Vision EPS at 1:1 (1 pt = 0.3528 mm), DVK extent 60 x 60 cm; name from official list"
515-11,Verschwenkungstafel - ohne Gegenverkehr mit integriertem Zeichen 264 - 2-streifig nach links,Richtzeichen (guide),VERSCHWENKUNGSTAFEL_OHNE_GEGENVERKEHR_MIT_INTEGRIERTEM_ZEICHEN_264_2_S_515-11.svg,1250x1600 mm,"Musterdateien: Musterdateien/eps/515-11.EPS; DV-Vision EPS at 1:1 (1 pt = 0.3528 mm), DVK extent 125 x 160 cm; name from official list"
605-11,Leitbake - Pfeilbake - Aufstellung rechts,Verkehrseinrichtungen (traffic devices),LEITBAKE_PFEILBAKE_AUFSTELLUNG_RECHTS_605-11.svg,250x1000 mm,"Musterdateien: Musterdateien/eps/605-11.EPS; DV-Vision EPS at 1:1 (1 pt = 0.3528 mm), DVK extent 25 x 100 cm; name from official list"
SB-BUS,Kraftomnibus,Sinnbilder und Symbole (pictograms),KRAFTOMNIBUS_SB-BUS.svg,150x150 mm,"StVO § 39 Abs. 7: Sinnbilder und Symbole/StVO §39 Abs 7/bus/bus.eps; DV-Vision EPS at 1:1 (1 pt = 0.3528 mm), DVK extent 15 x 15 cm; name from DVK comment; drawn on its white symbol field as BASt supplies it; identical EPS also shipped as RWBA 2000: bus.eps"
SB-FAHRRAD,Radfahrer,Sinnbilder und Symbole (pictograms),RADFAHRER_SB-FAHRRAD.svg,130x80 mm,"StVO § 39 Abs. 7: Sinnbilder und Symbole/StVO §39 Abs 7/fahrrad/fahrrad.eps; DV-Vision EPS at 1:1 (1 pt = 0.3528 mm), DVK extent 13 x 8 cm; name from DVK comment"
SB-GESPANNFUHRWERK,Gespannfuhrwerk,Sinnbilder und Symbole (pictograms),GESPANNFUHRWERK_SB-GESPANNFUHRWERK.svg,390x200 mm,"StVO § 39 Abs. 7: Sinnbilder und Symbole/StVO §39 Abs 7/gespannfuhrwerk/so-22.eps; DV-Vision EPS at 1:1 (1 pt = 0.3528 mm), DVK extent 230 x 200 cm; name from DVK comment"
SB-KUH,"Viehtrieb, Tiere",Sinnbilder und Symbole (pictograms),VIEHTRIEB_TIERE_SB-KUH.svg,127x82 mm,"StVO § 39 Abs. 7: Sinnbilder und Symbole/StVO §39 Abs 7/kuh/kuh.eps; DV-Vision EPS at 1:1 (1 pt = 0.3528 mm), DVK extent 12.7056 x 8.25 cm; name from DVK comment"
SB-LKW-ANH,Lastkraftwagen mit Anhänger,Sinnbilder und Symbole (pictograms),LASTKRAFTWAGEN_MIT_ANHAENGER_SB-LKW-ANH.svg,195x55 mm,"StVO § 39 Abs. 7: Sinnbilder und Symbole/StVO §39 Abs 7/lkw-anh/lkw_anh.eps; DV-Vision EPS at 1:1 (1 pt = 0.3528 mm), DVK extent 19.5 x 5.5 cm; name from DVK comment; identical EPS also shipped as RWBA 2000: lkw_anh.eps"
SB-LKW-SEITLICH,"Kraftfahrzeuge mit einem zulässigen Gesamtgewicht über 3,5t, einschließlich ihrer Anhänger, und Zugmaschinen, ausgenommen Personenkraftwagen und Kraftomnibusse",Sinnbilder und Symbole (pictograms),KRAFTFAHRZEUGE_MIT_EINEM_ZULAESSIGEN_GESAMTGEWICHT_UEBER_3_5T_EINSCHLI_SB-LKW-SEITLICH.svg,107x55 mm,"StVO § 39 Abs. 7: Sinnbilder und Symbole/StVO §39 Abs 7/lkw-seitlich/lkw_seitlich.eps; DV-Vision EPS at 1:1 (1 pt = 0.3528 mm), DVK extent 10.75 x 5.5 cm; name from DVK comment"
SB-MOFA,Mofas,Sinnbilder und Symbole (pictograms),MOFAS_SB-MOFA.svg,127x70 mm,"StVO § 39 Abs. 7: Sinnbilder und Symbole/StVO §39 Abs 7/mofa/mofa.eps; DV-Vision EPS at 1:1 (1 pt = 0.3528 mm), DVK extent 12.75 x 7 cm; name from DVK comment"
SB-MOTORRAD,"Krafträder, auch mit Beiwagen, Kleinkrafträder und Mofas",Sinnbilder und Symbole (pictograms),KRAFTRAEDER_AUCH_MIT_BEIWAGEN_KLEINKRAFTRAEDER_UND_MOFAS_SB-MOTORRAD.svg,129x103 mm,"StVO § 39 Abs. 7: Sinnbilder und Symbole/StVO §39 Abs 7/motorrad/motorrad.eps; DV-Vision EPS at 1:1 (1 pt = 0.3528 mm), DVK extent 12.875 x 10.3421 cm; name from DVK comment"
SB-PERSON-GEHEND,Fußgänger,Sinnbilder und Symbole (pictograms),FUSSGAENGER_SB-PERSON-GEHEND.svg,69x125 mm,"StVO § 39 Abs. 7: Sinnbilder und Symbole/StVO §39 Abs 7/person-gehend/person_gehend.eps; DV-Vision EPS at 1:1 (1 pt = 0.3528 mm), DVK extent 6.8845 x 12.5 cm; name from DVK comment"
SB-PKW-ANH,Personenkraftwagen mit Anhänger,Sinnbilder und Symbole (pictograms),PERSONENKRAFTWAGEN_MIT_ANHAENGER_SB-PKW-ANH.svg,197x50 mm,"StVO § 39 Abs. 7: Sinnbilder und Symbole/StVO §39 Abs 7/pkw-anh/pkw_anh.eps; DV-Vision EPS at 1:1 (1 pt = 0.3528 mm), DVK extent 19.75 x 5 cm; name from DVK comment; identical EPS also shipped as RWBA 2000: pkw_anh.eps"
SB-PKW-SEIT,Personenkraftwagen,Sinnbilder und Symbole (pictograms),PERSONENKRAFTWAGEN_SB-PKW-SEIT.svg,130x50 mm,"StVO § 39 Abs. 7: Sinnbilder und Symbole/StVO §39 Abs 7/pkw-seitlich/PKW_SEIT.EPS; DV-Vision EPS at 1:1 (1 pt = 0.3528 mm), DVK extent 13 x 5 cm; name from DVK comment"
SB-PKW-VORNE,Kraftwagen und sonstige mehrspurige Kraftfahrzeuge,Sinnbilder und Symbole (pictograms),KRAFTWAGEN_UND_SONSTIGE_MEHRSPURIGE_KRAFTFAHRZEUGE_SB-PKW-VORNE.svg,105x80 mm,"StVO § 39 Abs. 7: Sinnbilder und Symbole/StVO §39 Abs 7/pkw-vorne/pkw_vorne.eps; DV-Vision EPS at 1:1 (1 pt = 0.3528 mm), DVK extent 10.5 x 8 cm; name from DVK comment"
SB-REITER,Reiter,Sinnbilder und Symbole (pictograms),REITER_SB-REITER.svg,132x115 mm,"StVO § 39 Abs. 7: Sinnbilder und Symbole/StVO §39 Abs 7/reiter/reiter.eps; DV-Vision EPS at 1:1 (1 pt = 0.3528 mm), DVK extent 13.1875 x 11.5 cm; name from DVK comment"
SB-STRASSENBAHN,Straßenbahn,Sinnbilder und Symbole (pictograms),STRASSENBAHN_SB-STRASSENBAHN.svg,140x67 mm,"StVO § 39 Abs. 7: Sinnbilder und Symbole/StVO §39 Abs 7/strassenbahn/strassenbahn.eps; DV-Vision EPS at 1:1 (1 pt = 0.3528 mm), DVK extent 14 x 6.65023 cm; name from DVK comment"
SB-TRAKTOR,"Kraftfahrzeuge und Züge, die nicht schneller als 25 km/h fahren können oder dürfen",Sinnbilder und Symbole (pictograms),KRAFTFAHRZEUGE_UND_ZUEGE_DIE_NICHT_SCHNELLER_ALS_25_KM_H_FAHREN_KOENNE_SB-TRAKTOR.svg,130x105 mm,"StVO § 39 Abs. 7: Sinnbilder und Symbole/StVO §39 Abs 7/traktor/traktor.eps; DV-Vision EPS at 1:1 (1 pt = 0.3528 mm), DVK extent 13 x 10.5 cm; name from DVK comment"
SB-AMPHIBIENWANDERUNG,Amphibienwanderung,Sinnbilder und Symbole (pictograms),AMPHIBIENWANDERUNG_SB-AMPHIBIENWANDERUNG.svg,278x218 mm,StVO § 39 Abs. 8: Sinnbilder und Symbole/StVO §39 Abs 8/amphibienwanderung/Amphibienwanderung.eps; DV-Vision EPS at 1:1 (1 pt = 0.3528 mm); name from DVK comment
SB-BEWEGLICHE-BRUECKE,Bewegliche Brücke,Sinnbilder und Symbole (pictograms),BEWEGLICHE_BRUECKE_SB-BEWEGLICHE-BRUECKE.svg,554x285 mm,StVO § 39 Abs. 8: Sinnbilder und Symbole/StVO §39 Abs 8/bewegliche-brücke/Bewegliche-Brücke.eps; DV-Vision EPS at 1:1 (1 pt = 0.3528 mm); name from DVK comment
SB-FLUGBETRIEB,Flugbetrieb,Sinnbilder und Symbole (pictograms),FLUGBETRIEB_SB-FLUGBETRIEB.svg,267x252 mm,StVO § 39 Abs. 8: Sinnbilder und Symbole/StVO §39 Abs 8/flugbetrieb/Flugbetrieb.eps; DV-Vision EPS at 1:1 (1 pt = 0.3528 mm); name from DVK comment
SB-FUSSGAENGERUEBERWEG,Fußgängerüberweg,Sinnbilder und Symbole (pictograms),FUSSGAENGERUEBERWEG_SB-FUSSGAENGERUEBERWEG.svg,460x392 mm,StVO § 39 Abs. 8: Sinnbilder und Symbole/StVO §39 Abs 8/fußgängerüberweg/Fußgängerüberweg.eps; DV-Vision EPS at 1:1 (1 pt = 0.3528 mm); name from DVK comment
SB-SCHNEE-ODER-EISGLAETTE,Schnee- oder Eisglätte,Sinnbilder und Symbole (pictograms),SCHNEE_ODER_EISGLAETTE_SB-SCHNEE-ODER-EISGLAETTE.svg,246x285 mm,StVO § 39 Abs. 8: Sinnbilder und Symbole/StVO §39 Abs 8/schnee-oder eisglätte/Schnee-oder Eisglätte.eps; DV-Vision EPS at 1:1 (1 pt = 0.3528 mm); name from DVK comment
SB-SPLITT-SCHOTTER,"Splitt, Schotter",Sinnbilder und Symbole (pictograms),SPLITT_SCHOTTER_SB-SPLITT-SCHOTTER.svg,548x215 mm,StVO § 39 Abs. 8: Sinnbilder und Symbole/StVO §39 Abs 8/splitt-schotter/Splitt-Schotter.eps; DV-Vision EPS at 1:1 (1 pt = 0.3528 mm); name from DVK comment
SB-STEINSCHLAG,Steinschlag,Sinnbilder und Symbole (pictograms),STEINSCHLAG_SB-STEINSCHLAG.svg,554x390 mm,StVO § 39 Abs. 8: Sinnbilder und Symbole/StVO §39 Abs 8/steinschlag/Steinschlag.eps; DV-Vision EPS at 1:1 (1 pt = 0.3528 mm); name from DVK comment
SB-UFER,Ufer,Sinnbilder und Symbole (pictograms),UFER_SB-UFER.svg,548x239 mm,StVO § 39 Abs. 8: Sinnbilder und Symbole/StVO §39 Abs 8/ufer/Ufer.eps; DV-Vision EPS at 1:1 (1 pt = 0.3528 mm); name from DVK comment
SB-UNZUREICHENDES-LICHTRAUMPROFIL,Unzureichendes Lichtraumprofil,Sinnbilder und Symbole (pictograms),UNZUREICHENDES_LICHTRAUMPROFIL_SB-UNZUREICHENDES-LICHTRAUMPROFIL.svg,300x319 mm,StVO § 39 Abs. 8: Sinnbilder und Symbole/StVO §39 Abs 8/unzureichendes lichtraumprofil/Unzureichendes-Lichtraumprofil.eps; DV-Vision EPS at 1:1 (1 pt = 0.3528 mm); name from DVK comment
RWB-FREIBAD,Freibad,Sinnbilder und Symbole (pictograms),FREIBAD_RWB-FREIBAD.svg,150x150 mm,"RWB 2000: Sinnbilder und Symbole/RWB 2000/Freibad/Freibad.EPS; DV-Vision EPS at 1:1 (1 pt = 0.3528 mm), DVK extent 15 x 15 cm; name from DVK comment; drawn on its white symbol field as BASt supplies it"
RWB-HALLENBAD,Hallenbad,Sinnbilder und Symbole (pictograms),HALLENBAD_RWB-HALLENBAD.svg,150x150 mm,"RWB 2000: Sinnbilder und Symbole/RWB 2000/Hallenbad/Hallenbad.EPS; DV-Vision EPS at 1:1 (1 pt = 0.3528 mm), DVK extent 15 x 15 cm; name from DVK comment; drawn on its white symbol field as BASt supplies it"
RWB-AUTOHOF,Autohof,Sinnbilder und Symbole (pictograms),AUTOHOF_RWB-AUTOHOF.svg,399x130 mm,"RWB 2000: Sinnbilder und Symbole/RWB 2000/autohof/autohof-sym.eps; DV-Vision EPS at 1:1 (1 pt = 0.3528 mm), DVK extent 39.875 x 13 cm; name from DVK comment; drawn on its white symbol field as BASt supplies it; identical EPS also shipped as RWBA 2000: autohof-sym.eps"
RWB-AUTOZUG,Auto im Reisezug,Sinnbilder und Symbole (pictograms),AUTO_IM_REISEZUG_RWB-AUTOZUG.svg,150x150 mm,"RWB 2000: Sinnbilder und Symbole/RWB 2000/autozug/autozug.eps; DV-Vision EPS at 1:1 (1 pt = 0.3528 mm), DVK extent 15 x 15 cm; name from DVK comment; drawn on its white symbol field as BASt supplies it"
RWB-BAHNHOF,Bahnhof,Sinnbilder und Symbole (pictograms),BAHNHOF_RWB-BAHNHOF.svg,150x150 mm,"RWB 2000: Sinnbilder und Symbole/RWB 2000/bahnhof/bahnhof.eps; DV-Vision EPS at 1:1 (1 pt = 0.3528 mm), DVK extent 15 x 15 cm; name from DVK comment; drawn on its white symbol field as BASt supplies it"
RWB-ERSTE-HILFE,"Erste-Hilfe""-Station",Sinnbilder und Symbole (pictograms),ERSTE_HILFE_STATION_RWB-ERSTE-HILFE.svg,150x150 mm,"RWB 2000: Sinnbilder und Symbole/RWB 2000/erste-hilfe/erste-hilfe.eps; DV-Vision EPS at 1:1 (1 pt = 0.3528 mm), DVK extent 15 x 15 cm; name from DVK comment; drawn on its white symbol field as BASt supplies it; identical EPS also shipped as RWBA 2000: erste-hilfe.eps"
RWB-FLUGHAFEN,Flughafen,Sinnbilder und Symbole (pictograms),FLUGHAFEN_RWB-FLUGHAFEN.svg,150x150 mm,"RWB 2000: Sinnbilder und Symbole/RWB 2000/flughafen/flughafen.eps; DV-Vision EPS at 1:1 (1 pt = 0.3528 mm), DVK extent 15 x 15 cm; name from DVK comment; drawn on its white symbol field as BASt supplies it; identical EPS also shipped as RWBA 2000: flughafen.eps"
RWB-FREIZEITSPORTANLAGE,Freizeitsportanlage,Sinnbilder und Symbole (pictograms),FREIZEITSPORTANLAGE_RWB-FREIZEITSPORTANLAGE.svg,150x150 mm,"RWB 2000: Sinnbilder und Symbole/RWB 2000/freizeit/freizeitsportanlage.eps; DV-Vision EPS at 1:1 (1 pt = 0.3528 mm), DVK extent 15 x 15 cm; name from DVK comment; drawn on its white symbol field as BASt supplies it"
RWB-GUETERVERKEHRSZENTRUM,Güterverkehrszentrum,Sinnbilder und Symbole (pictograms),GUETERVERKEHRSZENTRUM_RWB-GUETERVERKEHRSZENTRUM.svg,150x150 mm,"RWB 2000: Sinnbilder und Symbole/RWB 2000/gueterverkehr/güterverkehrszentrum.eps; DV-Vision EPS at 1:1 (1 pt = 0.3528 mm), DVK extent 15 x 15 cm; name from DVK comment; drawn on its white symbol field as BASt supplies it"
RWB-HAFEN-FAEHRE,"Hafen, Fährhafen, Fähre",Sinnbilder und Symbole (pictograms),HAFEN_FAEHRHAFEN_FAEHRE_RWB-HAFEN-FAEHRE.svg,150x150 mm,"RWB 2000: Sinnbilder und Symbole/RWB 2000/hafen/hafen-fähre.eps; DV-Vision EPS at 1:1 (1 pt = 0.3528 mm), DVK extent 15 x 15 cm; name from DVK comment; drawn on its white symbol field as BASt supplies it"
RWB-INDUSTRIEGEBIET,"Industriegebiet, Gewerbegebiet",Sinnbilder und Symbole (pictograms),INDUSTRIEGEBIET_GEWERBEGEBIET_RWB-INDUSTRIEGEBIET.svg,150x150 mm,"RWB 2000: Sinnbilder und Symbole/RWB 2000/industrie/industriegebiet.eps; DV-Vision EPS at 1:1 (1 pt = 0.3528 mm), DVK extent 15 x 15 cm; name from DVK comment; drawn on its white symbol field as BASt supplies it"
RWB-INFORMATIONS,Informationsstelle,Sinnbilder und Symbole (pictograms),INFORMATIONSSTELLE_RWB-INFORMATIONS.svg,150x150 mm,"RWB 2000: Sinnbilder und Symbole/RWB 2000/information/informations.eps; DV-Vision EPS at 1:1 (1 pt = 0.3528 mm), DVK extent 15 x 15 cm; name from DVK comment; drawn on its white symbol field as BASt supplies it; identical EPS also shipped as RWBA 2000: informations.eps"
RWB-KRANKENHAUS,Krankenhaus,Sinnbilder und Symbole (pictograms),KRANKENHAUS_RWB-KRANKENHAUS.svg,150x150 mm,"RWB 2000: Sinnbilder und Symbole/RWB 2000/krankenhaus/krankenhaus.eps; DV-Vision EPS at 1:1 (1 pt = 0.3528 mm), DVK extent 15 x 15 cm; name from DVK comment; drawn on its white symbol field as BASt supplies it"
RWB-PARKHAUS,"Parkhaus, Parkgarage",Sinnbilder und Symbole (pictograms),PARKHAUS_PARKGARAGE_RWB-PARKHAUS.svg,150x150 mm,"RWB 2000: Sinnbilder und Symbole/RWB 2000/parkhaus/parkhaus.eps; DV-Vision EPS at 1:1 (1 pt = 0.3528 mm), DVK extent 15 x 15 cm; name from DVK comment"
RWB-PARKPLATZ,Parkplatz,Sinnbilder und Symbole (pictograms),PARKPLATZ_RWB-PARKPLATZ.svg,150x150 mm,"RWB 2000: Sinnbilder und Symbole/RWB 2000/parkplatz/parkplatz.eps; DV-Vision EPS at 1:1 (1 pt = 0.3528 mm), DVK extent 15 x 15 cm; name from DVK comment; identical EPS also shipped as RWBA 2000: parkplatz.eps"
RWB-POLIZEI,Polizeistation,Sinnbilder und Symbole (pictograms),POLIZEISTATION_RWB-POLIZEI.svg,150x150 mm,"RWB 2000: Sinnbilder und Symbole/RWB 2000/poizeistation/polizei.eps; DV-Vision EPS at 1:1 (1 pt = 0.3528 mm), DVK extent 15 x 15 cm; name from DVK comment; drawn on its white symbol field as BASt supplies it; identical EPS also shipped as RWBA 2000: polizei.eps"
RWB-STADION,"Großsportanlage, Stadion",Sinnbilder und Symbole (pictograms),GROSSSPORTANLAGE_STADION_RWB-STADION.svg,150x150 mm,"RWB 2000: Sinnbilder und Symbole/RWB 2000/sportanlage/stadion.eps; DV-Vision EPS at 1:1 (1 pt = 0.3528 mm), DVK extent 15 x 15 cm; name from DVK comment; drawn on its white symbol field as BASt supplies it"
RWB-ZELT-WOHNWAGENPLATZ,Zelt- und Wohnwagenplatz,Sinnbilder und Symbole (pictograms),ZELT_UND_WOHNWAGENPLATZ_RWB-ZELT-WOHNWAGENPLATZ.svg,150x150 mm,"RWB 2000: Sinnbilder und Symbole/RWB 2000/zeltplatz/zelt-wohnwagenplatz.eps; DV-Vision EPS at 1:1 (1 pt = 0.3528 mm), DVK extent 15 x 15 cm; name from DVK comment; drawn on its white symbol field as BASt supplies it"
RWBA-BAB-AUSFAHRT,Autobahnausfahrt,Sinnbilder und Symbole (pictograms),AUTOBAHNAUSFAHRT_RWBA-BAB-AUSFAHRT.svg,150x150 mm,"RWBA 2000: Sinnbilder und Symbole/RWBA 2000/autobahnausfahrt/bab-ausfahrt.eps; DV-Vision EPS at 1:1 (1 pt = 0.3528 mm), DVK extent 15 x 15 cm; name from DVK comment"
RWBA-BAB-KREUZ-DREIECK,Autobahnkreuz oder Autobahndreieck,Sinnbilder und Symbole (pictograms),AUTOBAHNKREUZ_ODER_AUTOBAHNDREIECK_RWBA-BAB-KREUZ-DREIECK.svg,150x150 mm,"RWBA 2000: Sinnbilder und Symbole/RWBA 2000/autobahnkreuz/bab-kreuz-dreieck.eps; DV-Vision EPS at 1:1 (1 pt = 0.3528 mm), DVK extent 15 x 15 cm; name from DVK comment"
RWBA-BEHINDERTEN-WC,Behindertentoiletten,Sinnbilder und Symbole (pictograms),BEHINDERTENTOILETTEN_RWBA-BEHINDERTEN-WC.svg,150x150 mm,"RWBA 2000: Sinnbilder und Symbole/RWBA 2000/beh-toiletten/behinderten-wc.eps; DV-Vision EPS at 1:1 (1 pt = 0.3528 mm), DVK extent 15 x 15 cm; name from DVK comment; drawn on its white symbol field as BASt supplies it"
RWBA-FERNSPRECHER,Fernsprecher,Sinnbilder und Symbole (pictograms),FERNSPRECHER_RWBA-FERNSPRECHER.svg,150x150 mm,"RWBA 2000: Sinnbilder und Symbole/RWBA 2000/fernsprecher/fernsprecher.eps; DV-Vision EPS at 1:1 (1 pt = 0.3528 mm), DVK extent 15 x 15 cm; name from DVK comment; drawn on its white symbol field as BASt supplies it"
RWBA-GASTHAUS,Gasthaus,Sinnbilder und Symbole (pictograms),GASTHAUS_RWBA-GASTHAUS.svg,150x150 mm,"RWBA 2000: Sinnbilder und Symbole/RWBA 2000/gasthaus/gasthaus.eps; DV-Vision EPS at 1:1 (1 pt = 0.3528 mm), DVK extent 15 x 15 cm; name from DVK comment; drawn on its white symbol field as BASt supplies it"
RWBA-HAFEN-FAEHRE,"Hafen, Fährhafen, Fähre",Sinnbilder und Symbole (pictograms),HAFEN_FAEHRHAFEN_FAEHRE_RWBA-HAFEN-FAEHRE.svg,150x150 mm,"RWBA 2000: Sinnbilder und Symbole/RWBA 2000/hafen-bab/hafen-fähre.eps; DV-Vision EPS at 1:1 (1 pt = 0.3528 mm), DVK extent 15 x 15 cm; name from DVK comment; drawn on its white symbol field as BASt supplies it"
RWBA-KIRCHE,Kirche,Sinnbilder und Symbole (pictograms),KIRCHE_RWBA-KIRCHE.svg,150x150 mm,"RWBA 2000: Sinnbilder und Symbole/RWBA 2000/kapelle/kirche.eps; DV-Vision EPS at 1:1 (1 pt = 0.3528 mm), DVK extent 15 x 15 cm; name from file name; drawn on its white symbol field as BASt supplies it"
RWBA-VERKAUFSKIOSK,Verkaufskiosk,Sinnbilder und Symbole (pictograms),VERKAUFSKIOSK_RWBA-VERKAUFSKIOSK.svg,150x150 mm,"RWBA 2000: Sinnbilder und Symbole/RWBA 2000/kiosk/verkaufskiosk.eps; DV-Vision EPS at 1:1 (1 pt = 0.3528 mm), DVK extent 15 x 15 cm; name from DVK comment; drawn on its white symbol field as BASt supplies it"
RWBA-LKW,Lastkraftwagen,Sinnbilder und Symbole (pictograms),LASTKRAFTWAGEN_RWBA-LKW.svg,150x150 mm,"RWBA 2000: Sinnbilder und Symbole/RWBA 2000/lkw/lkw.eps; DV-Vision EPS at 1:1 (1 pt = 0.3528 mm), DVK extent 15 x 15 cm; name from DVK comment; drawn on its white symbol field as BASt supplies it"
RWBA-MOTEL-HOTEL,"Motel, Hotel",Sinnbilder und Symbole (pictograms),MOTEL_HOTEL_RWBA-MOTEL-HOTEL.svg,150x150 mm,"RWBA 2000: Sinnbilder und Symbole/RWBA 2000/motel/motel-hotel.eps; DV-Vision EPS at 1:1 (1 pt = 0.3528 mm), DVK extent 15 x 15 cm; name from DVK comment; drawn on its white symbol field as BASt supplies it"
RWBA-NOTRUFSAEULE,Notrufsäule,Sinnbilder und Symbole (pictograms),NOTRUFSAEULE_RWBA-NOTRUFSAEULE.svg,150x150 mm,"RWBA 2000: Sinnbilder und Symbole/RWBA 2000/notruf/notrufsäule.eps; DV-Vision EPS at 1:1 (1 pt = 0.3528 mm), DVK extent 15 x 15 cm; name from DVK comment; drawn on its white symbol field as BASt supplies it"
RWBA-ROLLSTUHLFAHRER,Rollstuhlfahrersymbol,Sinnbilder und Symbole (pictograms),ROLLSTUHLFAHRERSYMBOL_RWBA-ROLLSTUHLFAHRER.svg,150x150 mm,"RWBA 2000: Sinnbilder und Symbole/RWBA 2000/rollstuhlfahrer/rollstuhlfahrer.eps; DV-Vision EPS at 1:1 (1 pt = 0.3528 mm), DVK extent 15 x 15 cm; name from DVK comment; drawn on its white symbol field as BASt supplies it"
RWBA-TOILETTEN,Toiletten,Sinnbilder und Symbole (pictograms),TOILETTEN_RWBA-TOILETTEN.svg,150x150 mm,"RWBA 2000: Sinnbilder und Symbole/RWBA 2000/toiletten/toiletten.eps; DV-Vision EPS at 1:1 (1 pt = 0.3528 mm), DVK extent 15 x 15 cm; name from DVK comment; drawn on its white symbol field as BASt supplies it"
RWBA-WERKSTATT,Pannenhilfe,Sinnbilder und Symbole (pictograms),PANNENHILFE_RWBA-WERKSTATT.svg,150x150 mm,"RWBA 2000: Sinnbilder und Symbole/RWBA 2000/werkstatt/werkstatt.eps; DV-Vision EPS at 1:1 (1 pt = 0.3528 mm), DVK extent 15 x 15 cm; name from DVK comment; drawn on its white symbol field as BASt supplies it"
