series,text,url,file,local
202607-2026-camutcd-deleted-ca-signs-list-v1-0-a11y.pdf,2026 CA MUTCD Deleted CA Signs List (PDF),https://dot.ca.gov/-/media/dot-media/programs/safety-programs/documents/signs/202607-2026-camutcd-deleted-ca-signs-list-v1-0-a11y.pdf,202607-2026-camutcd-deleted-ca-signs-list-v1-0-a11y.pdf,Original PDFs/other/202607-2026-camutcd-deleted-ca-signs-list-v1-0-a11y.pdf
g,G1-4(CA) (PDF),https://dot.ca.gov/-/media/dot-media/programs/safety-programs/documents/signs/g/f0018776-g1-4-a11y.pdf,f0018776-g1-4-a11y.pdf,Original PDFs/g/f0018776-g1-4-a11y.pdf
g,G1-10(CA) (PDF),https://dot.ca.gov/-/media/dot-media/programs/safety-programs/documents/signs/g/g1-10-a11y.pdf,g1-10-a11y.pdf,Original PDFs/g/g1-10-a11y.pdf
g,G1-13(CA) (PDF),https://dot.ca.gov/-/media/dot-media/programs/safety-programs/documents/signs/g/g1-13-a11y.pdf,g1-13-a11y.pdf,Original PDFs/g/g1-13-a11y.pdf
g,G1-16(CA) (PDF),https://dot.ca.gov/-/media/dot-media/programs/safety-programs/documents/signs/g/g1-16-a11y.pdf,g1-16-a11y.pdf,Original PDFs/g/g1-16-a11y.pdf
g,G1-19(CA) (PDF),https://dot.ca.gov/-/media/dot-media/programs/safety-programs/documents/signs/g/g1-19-a11y.pdf,g1-19-a11y.pdf,Original PDFs/g/g1-19-a11y.pdf
g,G5(CA) (PDF),https://dot.ca.gov/-/media/dot-media/programs/safety-programs/documents/signs/g/f0018831-g5-a11y.pdf,f0018831-g5-a11y.pdf,Original PDFs/g/f0018831-g5-a11y.pdf
g,G8-4(CA) (PDF),https://dot.ca.gov/-/media/dot-media/programs/safety-programs/documents/signs/g/g8-4-a11y.pdf,g8-4-a11y.pdf,Original PDFs/g/g8-4-a11y.pdf
g,G8-10(CA) (PDF),https://dot.ca.gov/-/media/dot-media/programs/safety-programs/documents/signs/g/g8-10-a11y.pdf,g8-10-a11y.pdf,Original PDFs/g/g8-10-a11y.pdf
g,G8-13(CA) (PDF),https://dot.ca.gov/-/media/dot-media/programs/safety-programs/documents/signs/g/f0018888-g8-13-a11y.pdf,f0018888-g8-13-a11y.pdf,Original PDFs/g/f0018888-g8-13-a11y.pdf
g,G8-19(CA) (PDF),https://dot.ca.gov/-/media/dot-media/programs/safety-programs/documents/signs/g/g8-19-a11y.pdf,g8-19-a11y.pdf,Original PDFs/g/g8-19-a11y.pdf
g,G8-22(CA) (PDF),https://dot.ca.gov/-/media/dot-media/programs/safety-programs/documents/signs/g/f0018899-g8-22-a11y.pdf,f0018899-g8-22-a11y.pdf,Original PDFs/g/f0018899-g8-22-a11y.pdf
g,G9-1(CA) (PDF),https://dot.ca.gov/-/media/dot-media/programs/safety-programs/documents/signs/g/g9-1-a11y.pdf,g9-1-a11y.pdf,Original PDFs/g/g9-1-a11y.pdf
g,G9-2(CA) (PDF),https://dot.ca.gov/-/media/dot-media/programs/safety-programs/documents/signs/g/g9-2-a11y.pdf,g9-2-a11y.pdf,Original PDFs/g/g9-2-a11y.pdf
g,G9-5(CA) (PDF),https://dot.ca.gov/-/media/dot-media/programs/safety-programs/documents/signs/g/g9-5-a11y.pdf,g9-5-a11y.pdf,Original PDFs/g/g9-5-a11y.pdf
g,G10-4P(CA) (PDF),https://dot.ca.gov/-/media/dot-media/programs/safety-programs/documents/signs/g/g10-4-a11y.pdf,g10-4-a11y.pdf,Original PDFs/g/g10-4-a11y.pdf
g,G10B(CA) (PDF),https://dot.ca.gov/-/media/dot-media/programs/safety-programs/documents/signs/g/f0018754-g10b-a11y.pdf,f0018754-g10b-a11y.pdf,Original PDFs/g/f0018754-g10b-a11y.pdf
g,G11-1(CA) (PDF),https://dot.ca.gov/-/media/dot-media/programs/safety-programs/documents/signs/g/f0018757-g11-1-a11y.pdf,f0018757-g11-1-a11y.pdf,Original PDFs/g/f0018757-g11-1-a11y.pdf
g,G11-2(CA) (PDF),https://dot.ca.gov/-/media/dot-media/programs/safety-programs/documents/signs/g/f0018759-g11-2-a11y.pdf,f0018759-g11-2-a11y.pdf,Original PDFs/g/f0018759-g11-2-a11y.pdf
g,G11-4.1(CA) (PDF),https://dot.ca.gov/-/media/dot-media/programs/safety-programs/documents/signs/g/f0018761-g11-4-1-a11y.pdf,f0018761-g11-4-1-a11y.pdf,Original PDFs/g/f0018761-g11-4-1-a11y.pdf
g,G11-4A(CA) (PDF),https://dot.ca.gov/-/media/dot-media/programs/safety-programs/documents/signs/g/f0018762-g11-4a-a11y.pdf,f0018762-g11-4a-a11y.pdf,Original PDFs/g/f0018762-g11-4a-a11y.pdf
g,G11-4B(CA) (PDF),https://dot.ca.gov/-/media/dot-media/programs/safety-programs/documents/signs/g/f0018763-g11-4b-a11y.pdf,f0018763-g11-4b-a11y.pdf,Original PDFs/g/f0018763-g11-4b-a11y.pdf
g,G11-5(CA) (PDF),https://dot.ca.gov/-/media/dot-media/programs/safety-programs/documents/signs/g/f0018764-g11-5-a11y.pdf,f0018764-g11-5-a11y.pdf,Original PDFs/g/f0018764-g11-5-a11y.pdf
g,G11-6(CA) (PDF),https://dot.ca.gov/-/media/dot-media/programs/safety-programs/documents/signs/g/f0018765-g11-6-a11y.pdf,f0018765-g11-6-a11y.pdf,Original PDFs/g/f0018765-g11-6-a11y.pdf
g,G11-7(CA) (PDF),https://dot.ca.gov/-/media/dot-media/programs/safety-programs/documents/signs/g/f0018767-g11-7-a11y.pdf,f0018767-g11-7-a11y.pdf,Original PDFs/g/f0018767-g11-7-a11y.pdf
g,G11-8(CA) (PDF),https://dot.ca.gov/-/media/dot-media/programs/safety-programs/documents/signs/g/f0018768-g11-8-a11y.pdf,f0018768-g11-8-a11y.pdf,Original PDFs/g/f0018768-g11-8-a11y.pdf
g,G11-9(CA) (PDF),https://dot.ca.gov/-/media/dot-media/programs/safety-programs/documents/signs/g/f0018769-g11-9-slightly-moves-a11y.pdf,f0018769-g11-9-slightly-moves-a11y.pdf,Original PDFs/g/f0018769-g11-9-slightly-moves-a11y.pdf
g,G11-10(CA) (PDF),https://dot.ca.gov/-/media/dot-media/programs/safety-programs/documents/signs/g/f0018758-g11-10-a11y.pdf,f0018758-g11-10-a11y.pdf,Original PDFs/g/f0018758-g11-10-a11y.pdf
g,G12-1(CA) (PDF),https://dot.ca.gov/-/media/dot-media/programs/safety-programs/documents/signs/g/g12-1-a11y.pdf,g12-1-a11y.pdf,Original PDFs/g/g12-1-a11y.pdf
g,G12-3(CA) (PDF),https://dot.ca.gov/-/media/dot-media/programs/safety-programs/documents/signs/g/g12-30-ca-a11y.pdf,g12-30-ca-a11y.pdf,Original PDFs/g/g12-30-ca-a11y.pdf
g,G16(CA) (PDF),https://dot.ca.gov/-/media/dot-media/programs/safety-programs/documents/signs/g/g16-ca-a11y.pdf,g16-ca-a11y.pdf,Original PDFs/g/g16-ca-a11y.pdf
g,G17(CA) (PDF),https://dot.ca.gov/-/media/dot-media/programs/safety-programs/documents/signs/g/f0018779-g17-a11y.pdf,f0018779-g17-a11y.pdf,Original PDFs/g/f0018779-g17-a11y.pdf
g,G20-1(CA) (PDF),https://dot.ca.gov/-/media/dot-media/programs/safety-programs/documents/signs/g/f0018787-g20-1-a11y.pdf,f0018787-g20-1-a11y.pdf,Original PDFs/g/f0018787-g20-1-a11y.pdf
g,G20-3(CA) (PDF),https://dot.ca.gov/-/media/dot-media/programs/safety-programs/documents/signs/g/f0018788-g20-3-a11y.pdf,f0018788-g20-3-a11y.pdf,Original PDFs/g/f0018788-g20-3-a11y.pdf
g,G20-5(CA) (PDF),https://dot.ca.gov/-/media/dot-media/programs/safety-programs/documents/signs/g/f0018789-g20-5-a11y.pdf,f0018789-g20-5-a11y.pdf,Original PDFs/g/f0018789-g20-5-a11y.pdf
g,G20-7(CA) (PDF),https://dot.ca.gov/-/media/dot-media/programs/safety-programs/documents/signs/g/f0018790-g20-7-a11y.pdf,f0018790-g20-7-a11y.pdf,Original PDFs/g/f0018790-g20-7-a11y.pdf
g,G21-1(CA) (PDF),https://dot.ca.gov/-/media/dot-media/programs/safety-programs/documents/signs/g/f0018792-g21-1-a11y.pdf,f0018792-g21-1-a11y.pdf,Original PDFs/g/f0018792-g21-1-a11y.pdf
g,G21-3(CA) (PDF),https://dot.ca.gov/-/media/dot-media/programs/safety-programs/documents/signs/g/f0018793-g21-3-a11y.pdf,f0018793-g21-3-a11y.pdf,Original PDFs/g/f0018793-g21-3-a11y.pdf
g,G22(CA) (PDF),https://dot.ca.gov/-/media/dot-media/programs/safety-programs/documents/signs/g/f0018794-g22-a11y.pdf,f0018794-g22-a11y.pdf,Original PDFs/g/f0018794-g22-a11y.pdf
g,G24-1(CA) (PDF),https://dot.ca.gov/-/media/dot-media/programs/safety-programs/documents/signs/g/g24-1-a11y.pdf,g24-1-a11y.pdf,Original PDFs/g/g24-1-a11y.pdf
g,G24-3(CA) (PDF),https://dot.ca.gov/-/media/dot-media/programs/safety-programs/documents/signs/g/g24-3-a11y.pdf,g24-3-a11y.pdf,Original PDFs/g/g24-3-a11y.pdf
g,G24-4(CA) (PDF),https://dot.ca.gov/-/media/dot-media/programs/safety-programs/documents/signs/g/g24-4-a11y.pdf,g24-4-a11y.pdf,Original PDFs/g/g24-4-a11y.pdf
g,G24-5(CA) (PDF),https://dot.ca.gov/-/media/dot-media/programs/safety-programs/documents/signs/g/g24-5-a11y.pdf,g24-5-a11y.pdf,Original PDFs/g/g24-5-a11y.pdf
g,G24-6(CA) (PDF),https://dot.ca.gov/-/media/dot-media/programs/safety-programs/documents/signs/g/g24-6-a11y.pdf,g24-6-a11y.pdf,Original PDFs/g/g24-6-a11y.pdf
g,G28-1(CA) (PDF),https://dot.ca.gov/-/media/dot-media/programs/safety-programs/documents/signs/g/f0018811-g28-1-a11y.pdf,f0018811-g28-1-a11y.pdf,Original PDFs/g/f0018811-g28-1-a11y.pdf
g,G28-2(CA) (PDF),https://dot.ca.gov/-/media/dot-media/programs/safety-programs/documents/signs/g/f0018812-g28-2-a11y.pdf,f0018812-g28-2-a11y.pdf,Original PDFs/g/f0018812-g28-2-a11y.pdf
g,G30(CA) (PDF),https://dot.ca.gov/-/media/dot-media/programs/safety-programs/documents/signs/g/f0018813-g30-a11y.pdf,f0018813-g30-a11y.pdf,Original PDFs/g/f0018813-g30-a11y.pdf
g,G30AP(CA) (PDF),https://dot.ca.gov/-/media/dot-media/programs/safety-programs/documents/signs/g/f0018814-g30a-a11y.pdf,f0018814-g30a-a11y.pdf,Original PDFs/g/f0018814-g30a-a11y.pdf
g,G30BP(CA) (PDF),https://dot.ca.gov/-/media/dot-media/programs/safety-programs/documents/signs/g/f0018815-g30b-a11y.pdf,f0018815-g30b-a11y.pdf,Original PDFs/g/f0018815-g30b-a11y.pdf
g,G33-1P(CA) (PDF),https://dot.ca.gov/-/media/dot-media/programs/safety-programs/documents/signs/g/f0018820-g33-1-a11y.pdf,f0018820-g33-1-a11y.pdf,Original PDFs/g/f0018820-g33-1-a11y.pdf
g,G58P(CA) (PDF),https://dot.ca.gov/-/media/dot-media/programs/safety-programs/documents/signs/g/f0018837-g58-a11y.pdf,f0018837-g58-a11y.pdf,Original PDFs/g/f0018837-g58-a11y.pdf
g,G66-21AP(CA) (PDF),https://dot.ca.gov/-/media/dot-media/programs/safety-programs/documents/signs/g/f0018843-g66-21a-a11y.pdf,f0018843-g66-21a-a11y.pdf,Original PDFs/g/f0018843-g66-21a-a11y.pdf
g,G66-21CP(CA) (PDF),https://dot.ca.gov/-/media/dot-media/programs/safety-programs/documents/signs/g/g66-21c-a11y.pdf,g66-21c-a11y.pdf,Original PDFs/g/g66-21c-a11y.pdf
g,G66-55(CA) (PDF),https://dot.ca.gov/-/media/dot-media/programs/safety-programs/documents/signs/g/f0018855-g66-55-a11y.pdf,f0018855-g66-55-a11y.pdf,Original PDFs/g/f0018855-g66-55-a11y.pdf
g,G66-56(CA) (PDF),https://dot.ca.gov/-/media/dot-media/programs/safety-programs/documents/signs/g/f0018856-g66-56-a11y.pdf,f0018856-g66-56-a11y.pdf,Original PDFs/g/f0018856-g66-56-a11y.pdf
g,G66-56AP(CA) (PDF),https://dot.ca.gov/-/media/dot-media/programs/safety-programs/documents/signs/g/f0018857-g66-56a-a11y.pdf,f0018857-g66-56a-a11y.pdf,Original PDFs/g/f0018857-g66-56a-a11y.pdf
g,G66-58(CA) (PDF),https://dot.ca.gov/-/media/dot-media/programs/safety-programs/documents/signs/g/f0018859-g66-58-a11y.pdf,f0018859-g66-58-a11y.pdf,Original PDFs/g/f0018859-g66-58-a11y.pdf
g,G68(CA) (PDF),https://dot.ca.gov/-/media/dot-media/programs/safety-programs/documents/signs/g/f0018864-g68-a11y.pdf,f0018864-g68-a11y.pdf,Original PDFs/g/f0018864-g68-a11y.pdf
g,G72(CA) (PDF),https://dot.ca.gov/-/media/dot-media/programs/safety-programs/documents/signs/g/f0018871-g72-a11y.pdf,f0018871-g72-a11y.pdf,Original PDFs/g/f0018871-g72-a11y.pdf
g,G76(CA) (PDF),https://dot.ca.gov/-/media/dot-media/programs/safety-programs/documents/signs/g/f0018873-g76-a11y.pdf,f0018873-g76-a11y.pdf,Original PDFs/g/f0018873-g76-a11y.pdf
g,G77-1(CA) (PDF),https://dot.ca.gov/-/media/dot-media/programs/safety-programs/documents/signs/g/f0018874-g77-1-a11y.pdf,f0018874-g77-1-a11y.pdf,Original PDFs/g/f0018874-g77-1-a11y.pdf
g,G77-4(CA) (PDF),https://dot.ca.gov/-/media/dot-media/programs/safety-programs/documents/signs/g/f0018875-g77-4-a11y.pdf,f0018875-g77-4-a11y.pdf,Original PDFs/g/f0018875-g77-4-a11y.pdf
g,G77-7(CA) (PDF),https://dot.ca.gov/-/media/dot-media/programs/safety-programs/documents/signs/g/f0018876-g77-7-a11y.pdf,f0018876-g77-7-a11y.pdf,Original PDFs/g/f0018876-g77-7-a11y.pdf
g,G77A(CA) (PDF),https://dot.ca.gov/-/media/dot-media/programs/safety-programs/documents/signs/g/f0018877-g77a-a11y.pdf,f0018877-g77a-a11y.pdf,Original PDFs/g/f0018877-g77a-a11y.pdf
g,G78-1(CA) (PDF),https://dot.ca.gov/-/media/dot-media/programs/safety-programs/documents/signs/g/f0018878-g78-1-a11y.pdf,f0018878-g78-1-a11y.pdf,Original PDFs/g/f0018878-g78-1-a11y.pdf
g,G78-4(CA) (PDF),https://dot.ca.gov/-/media/dot-media/programs/safety-programs/documents/signs/g/f0018879-g78-4-a11y.pdf,f0018879-g78-4-a11y.pdf,Original PDFs/g/f0018879-g78-4-a11y.pdf
g,G79AP(CA) (PDF),https://dot.ca.gov/-/media/dot-media/programs/safety-programs/documents/signs/g/g79a-a11y.pdf,g79a-a11y.pdf,Original PDFs/g/g79a-a11y.pdf
g,G80BP(CA) (PDF),https://dot.ca.gov/-/media/dot-media/programs/safety-programs/documents/signs/g/g80b-a11y.pdf,g80b-a11y.pdf,Original PDFs/g/g80b-a11y.pdf
g,G81-21(CA) (PDF),https://dot.ca.gov/-/media/dot-media/programs/safety-programs/documents/signs/g/f0018886-g81-21-a11y.pdf,f0018886-g81-21-a11y.pdf,Original PDFs/g/f0018886-g81-21-a11y.pdf
g,G81-24(CA) (PDF),https://dot.ca.gov/-/media/dot-media/programs/safety-programs/documents/signs/g/f0018887-g81-24-a11y.pdf,f0018887-g81-24-a11y.pdf,Original PDFs/g/f0018887-g81-24-a11y.pdf
g,G81-61P(CA) (PDF),https://dot.ca.gov/-/media/dot-media/programs/safety-programs/documents/signs/g/f0018891-g81-61-a11y.pdf,f0018891-g81-61-a11y.pdf,Original PDFs/g/f0018891-g81-61-a11y.pdf
g,G81-63(CA) (PDF),https://dot.ca.gov/-/media/dot-media/programs/safety-programs/documents/signs/g/f0018893-g81-63-a11y.pdf,f0018893-g81-63-a11y.pdf,Original PDFs/g/f0018893-g81-63-a11y.pdf
g,G81-64AP(CA) (PDF),https://dot.ca.gov/-/media/dot-media/programs/safety-programs/documents/signs/g/g81-64a-a11y.pdf,g81-64a-a11y.pdf,Original PDFs/g/g81-64a-a11y.pdf
g,G81-65(CA) (PDF),https://dot.ca.gov/-/media/dot-media/programs/safety-programs/documents/signs/g/g81-65-a11y.pdf,g81-65-a11y.pdf,Original PDFs/g/g81-65-a11y.pdf
g,G81-66(CA) (PDF),https://dot.ca.gov/-/media/dot-media/programs/safety-programs/documents/signs/g/g81-66-a11y.pdf,g81-66-a11y.pdf,Original PDFs/g/g81-66-a11y.pdf
g,G81-67(CA) (PDF),https://dot.ca.gov/-/media/dot-media/programs/safety-programs/documents/signs/g/g81-67-ca-a11y.pdf,g81-67-ca-a11y.pdf,Original PDFs/g/g81-67-ca-a11y.pdf
g,G82(CA) (PDF),https://dot.ca.gov/-/media/dot-media/programs/safety-programs/documents/signs/g/f0018898-g82-a11y.pdf,f0018898-g82-a11y.pdf,Original PDFs/g/f0018898-g82-a11y.pdf
g,G83-2(CA) (PDF),https://dot.ca.gov/-/media/dot-media/programs/safety-programs/documents/signs/g/g83-2-ca-a11y.pdf,g83-2-ca-a11y.pdf,Original PDFs/g/g83-2-ca-a11y.pdf
g,G83-5(CA) (PDF),https://dot.ca.gov/-/media/dot-media/programs/safety-programs/documents/signs/g/g83-5-ca-v2-a11y.pdf,g83-5-ca-v2-a11y.pdf,Original PDFs/g/g83-5-ca-v2-a11y.pdf
g,G83-6(CA) (PDF),https://dot.ca.gov/-/media/dot-media/programs/safety-programs/documents/signs/g/g83-6-ca-a11y.pdf,g83-6-ca-a11y.pdf,Original PDFs/g/g83-6-ca-a11y.pdf
g,G85-2(CA) (PDF),https://dot.ca.gov/-/media/dot-media/programs/safety-programs/documents/signs/g/g85-2-ca-a11y.pdf,g85-2-ca-a11y.pdf,Original PDFs/g/g85-2-ca-a11y.pdf
g,G85-3(CA) (PDF),https://dot.ca.gov/-/media/dot-media/programs/safety-programs/documents/signs/g/g85-3-ca-a11y.pdf,g85-3-ca-a11y.pdf,Original PDFs/g/g85-3-ca-a11y.pdf
g,G85-4(CA) (PDF),https://dot.ca.gov/-/media/dot-media/programs/safety-programs/documents/signs/g/g85-4-ca-a11y.pdf,g85-4-ca-a11y.pdf,Original PDFs/g/g85-4-ca-a11y.pdf
g,G85-5(CA) (PDF),https://dot.ca.gov/-/media/dot-media/programs/safety-programs/documents/signs/g/g85-5-ca-a11y.pdf,g85-5-ca-a11y.pdf,Original PDFs/g/g85-5-ca-a11y.pdf
g,G85-6(CA) (PDF),https://dot.ca.gov/-/media/dot-media/programs/safety-programs/documents/signs/g/g85-6-ca-a11y.pdf,g85-6-ca-a11y.pdf,Original PDFs/g/g85-6-ca-a11y.pdf
g,G85-11(CA) (PDF),https://dot.ca.gov/-/media/dot-media/programs/safety-programs/documents/signs/g/g85-11-ca-a11y.pdf,g85-11-ca-a11y.pdf,Original PDFs/g/g85-11-ca-a11y.pdf
g,G85-12(CA) (PDF),https://dot.ca.gov/-/media/dot-media/programs/safety-programs/documents/signs/g/g85-12-ca-a11y.pdf,g85-12-ca-a11y.pdf,Original PDFs/g/g85-12-ca-a11y.pdf
g,G86-1(CA) (PDF),https://dot.ca.gov/-/media/dot-media/programs/safety-programs/documents/signs/g/f0018916-g86-1-a11y.pdf,f0018916-g86-1-a11y.pdf,Original PDFs/g/f0018916-g86-1-a11y.pdf
g,G86-3(CA) (PDF),https://dot.ca.gov/-/media/dot-media/programs/safety-programs/documents/signs/g/g86-3-a11y.pdf,g86-3-a11y.pdf,Original PDFs/g/g86-3-a11y.pdf
g,G86-5(CA) (PDF),https://dot.ca.gov/-/media/dot-media/programs/safety-programs/documents/signs/g/g86-5-a11y.pdf,g86-5-a11y.pdf,Original PDFs/g/g86-5-a11y.pdf
g,G86-7(CA) (PDF),https://dot.ca.gov/-/media/dot-media/programs/safety-programs/documents/signs/g/g86-7-a11y.pdf,g86-7-a11y.pdf,Original PDFs/g/g86-7-a11y.pdf
g,G86-11(CA) (PDF),https://dot.ca.gov/-/media/dot-media/programs/safety-programs/documents/signs/g/f0018917-g86-11-a11y.pdf,f0018917-g86-11-a11y.pdf,Original PDFs/g/f0018917-g86-11-a11y.pdf
g,G86-13(CA) (PDF),https://dot.ca.gov/-/media/dot-media/programs/safety-programs/documents/signs/g/g86-13-ca-a11y.pdf,g86-13-ca-a11y.pdf,Original PDFs/g/g86-13-ca-a11y.pdf
g,G86-14(CA) (PDF),https://dot.ca.gov/-/media/dot-media/programs/safety-programs/documents/signs/g/g86-14-ca-a11y.pdf,g86-14-ca-a11y.pdf,Original PDFs/g/g86-14-ca-a11y.pdf
g,G86-15(CA) (PDF),https://dot.ca.gov/-/media/dot-media/programs/safety-programs/documents/signs/g/g86-15-a11y.pdf,g86-15-a11y.pdf,Original PDFs/g/g86-15-a11y.pdf
g,G86-16(CA) (PDF),https://dot.ca.gov/-/media/dot-media/programs/safety-programs/documents/signs/g/g86-16-ca-a11y.pdf,g86-16-ca-a11y.pdf,Original PDFs/g/g86-16-ca-a11y.pdf
g,G92-1(CA) (PDF),https://dot.ca.gov/-/media/dot-media/programs/safety-programs/documents/signs/g/g92-1-a11y.pdf,g92-1-a11y.pdf,Original PDFs/g/g92-1-a11y.pdf
g,G95DP(CA) (PDF),https://dot.ca.gov/-/media/dot-media/programs/safety-programs/documents/signs/g/f0018937-g95d-a11y.pdf,f0018937-g95d-a11y.pdf,Original PDFs/g/f0018937-g95d-a11y.pdf
g,G95EP(CA) (PDF),https://dot.ca.gov/-/media/dot-media/programs/safety-programs/documents/signs/g/g95e-a11y.pdf,g95e-a11y.pdf,Original PDFs/g/g95e-a11y.pdf
g,G96AP(CA) (PDF),https://dot.ca.gov/-/media/dot-media/programs/safety-programs/documents/signs/g/f0018942-g96a-a11y.pdf,f0018942-g96a-a11y.pdf,Original PDFs/g/f0018942-g96a-a11y.pdf
g,G97A(CA) (PDF),https://dot.ca.gov/-/media/dot-media/programs/safety-programs/documents/signs/g/g97a-a11y.pdf,g97a-a11y.pdf,Original PDFs/g/g97a-a11y.pdf
g,G200-81AP(CA)(PDF),https://dot.ca.gov/-/media/dot-media/programs/safety-programs/documents/signs/g/f0018783-g200-81a-a11y.pdf,f0018783-g200-81a-a11y.pdf,Original PDFs/g/f0018783-g200-81a-a11y.pdf
g,G200-82(CA) (PDF),https://dot.ca.gov/-/media/dot-media/programs/safety-programs/documents/signs/g/202405-g200-82ca-a11y.pdf,202405-g200-82ca-a11y.pdf,Original PDFs/g/202405-g200-82ca-a11y.pdf
g,G200-82A(CA) (PDF),https://dot.ca.gov/-/media/dot-media/programs/safety-programs/documents/signs/g/f0018786-g200-82a-a11y.pdf,f0018786-g200-82a-a11y.pdf,Original PDFs/g/f0018786-g200-82a-a11y.pdf
sg,SG1(CA) (PDF),https://dot.ca.gov/-/media/dot-media/programs/safety-programs/documents/signs/sg/f0019315-sg1-a11y.pdf,f0019315-sg1-a11y.pdf,Original PDFs/sg/f0019315-sg1-a11y.pdf
g,SG2(CA) (PDF),https://dot.ca.gov/-/media/dot-media/programs/safety-programs/documents/signs/g/f0019317-sg2-a11y.pdf,f0019317-sg2-a11y.pdf,Original PDFs/g/f0019317-sg2-a11y.pdf
sg,SG2A(CA) (PDF),https://dot.ca.gov/-/media/dot-media/programs/safety-programs/documents/signs/sg/f0019325-sg2a-a11y.pdf,f0019325-sg2a-a11y.pdf,Original PDFs/sg/f0019325-sg2a-a11y.pdf
sg,SG19(CA) (PDF),https://dot.ca.gov/-/media/dot-media/programs/safety-programs/documents/signs/sg/f0019316-sg19-a11y.pdf,f0019316-sg19-a11y.pdf,Original PDFs/sg/f0019316-sg19-a11y.pdf
sg,SG20(CA) (PDF),https://dot.ca.gov/-/media/dot-media/programs/safety-programs/documents/signs/sg/f0019318-sg20-a11y.pdf,f0019318-sg20-a11y.pdf,Original PDFs/sg/f0019318-sg20-a11y.pdf
sg,SG25(CA) (PDF),https://dot.ca.gov/-/media/dot-media/programs/safety-programs/documents/signs/sg/f0019319-sg25-a11y.pdf,f0019319-sg25-a11y.pdf,Original PDFs/sg/f0019319-sg25-a11y.pdf
sg,SG26(CA) (PDF),https://dot.ca.gov/-/media/dot-media/programs/safety-programs/documents/signs/sg/f0019321-sg26-a11y.pdf,f0019321-sg26-a11y.pdf,Original PDFs/sg/f0019321-sg26-a11y.pdf
sg,SG30(CA) (PDF),https://dot.ca.gov/-/media/dot-media/programs/safety-programs/documents/signs/sg/f0019326-sg30-a11y.pdf,f0019326-sg30-a11y.pdf,Original PDFs/sg/f0019326-sg30-a11y.pdf
sg,SG31(CA) (PDF),https://dot.ca.gov/-/media/dot-media/programs/safety-programs/documents/signs/sg/f0019327-sg31-a11y.pdf,f0019327-sg31-a11y.pdf,Original PDFs/sg/f0019327-sg31-a11y.pdf
sg,SG32(CA) (PDF),https://dot.ca.gov/-/media/dot-media/programs/safety-programs/documents/signs/sg/f0019328-sg32-a11y.pdf,f0019328-sg32-a11y.pdf,Original PDFs/sg/f0019328-sg32-a11y.pdf
sg,SG33(CA) (PDF),https://dot.ca.gov/-/media/dot-media/programs/safety-programs/documents/signs/sg/f0019329-sg33-a11y.pdf,f0019329-sg33-a11y.pdf,Original PDFs/sg/f0019329-sg33-a11y.pdf
sg,SG34(CA) (PDF),https://dot.ca.gov/-/media/dot-media/programs/safety-programs/documents/signs/sg/f0019330-sg34-a11y.pdf,f0019330-sg34-a11y.pdf,Original PDFs/sg/f0019330-sg34-a11y.pdf
sg,SG35P(CA) (PDF),https://dot.ca.gov/-/media/dot-media/programs/safety-programs/documents/signs/sg/f0019331-sg35-a11y.pdf,f0019331-sg35-a11y.pdf,Original PDFs/sg/f0019331-sg35-a11y.pdf
sg,SG35-1P(CA) (PDF),https://dot.ca.gov/-/media/dot-media/programs/safety-programs/documents/signs/sg/f0019332-sg35-1-a11y.pdf,f0019332-sg35-1-a11y.pdf,Original PDFs/sg/f0019332-sg35-1-a11y.pdf
sg,SG41(CA) (PDF),https://dot.ca.gov/-/media/dot-media/programs/safety-programs/documents/signs/sg/f0019334-sg41-a11y.pdf,f0019334-sg41-a11y.pdf,Original PDFs/sg/f0019334-sg41-a11y.pdf
sg,SG42-1(CA) (PDF),https://dot.ca.gov/-/media/dot-media/programs/safety-programs/documents/signs/sg/f0019335-sg42-1-a11y.pdf,f0019335-sg42-1-a11y.pdf,Original PDFs/sg/f0019335-sg42-1-a11y.pdf
sg,SG42-2(CA) (PDF),https://dot.ca.gov/-/media/dot-media/programs/safety-programs/documents/signs/sg/f0019339-sg42-2-a11y.pdf,f0019339-sg42-2-a11y.pdf,Original PDFs/sg/f0019339-sg42-2-a11y.pdf
sg,SG42-3(CA) (PDF),https://dot.ca.gov/-/media/dot-media/programs/safety-programs/documents/signs/sg/f0019340-sg42-3-a11y.pdf,f0019340-sg42-3-a11y.pdf,Original PDFs/sg/f0019340-sg42-3-a11y.pdf
sg,SG42-4(CA) (PDF),https://dot.ca.gov/-/media/dot-media/programs/safety-programs/documents/signs/sg/f0019341-sg42-4-a11y.pdf,f0019341-sg42-4-a11y.pdf,Original PDFs/sg/f0019341-sg42-4-a11y.pdf
sg,SG42-5(CA) (PDF),https://dot.ca.gov/-/media/dot-media/programs/safety-programs/documents/signs/sg/f0019342-sg42-5-a11y.pdf,f0019342-sg42-5-a11y.pdf,Original PDFs/sg/f0019342-sg42-5-a11y.pdf
sg,SG42-6(CA) (PDF),https://dot.ca.gov/-/media/dot-media/programs/safety-programs/documents/signs/sg/f0019343-sg42-6-a11y.pdf,f0019343-sg42-6-a11y.pdf,Original PDFs/sg/f0019343-sg42-6-a11y.pdf
sg,SG42-7(CA) (PDF),https://dot.ca.gov/-/media/dot-media/programs/safety-programs/documents/signs/sg/f0019344-sg42-7-a11y.pdf,f0019344-sg42-7-a11y.pdf,Original PDFs/sg/f0019344-sg42-7-a11y.pdf
sg,SG42-8(CA) (PDF),https://dot.ca.gov/-/media/dot-media/programs/safety-programs/documents/signs/sg/f0019345-sg42-8-a11y.pdf,f0019345-sg42-8-a11y.pdf,Original PDFs/sg/f0019345-sg42-8-a11y.pdf
sg,SG42-9(CA) (PDF),https://dot.ca.gov/-/media/dot-media/programs/safety-programs/documents/signs/sg/f0019346-sg42-9-a11y.pdf,f0019346-sg42-9-a11y.pdf,Original PDFs/sg/f0019346-sg42-9-a11y.pdf
sg,SG42-10(CA) (PDF),https://dot.ca.gov/-/media/dot-media/programs/safety-programs/documents/signs/sg/f0019336-sg42-10-a11y.pdf,f0019336-sg42-10-a11y.pdf,Original PDFs/sg/f0019336-sg42-10-a11y.pdf
sg,SG42-11(CA) (PDF),https://dot.ca.gov/-/media/dot-media/programs/safety-programs/documents/signs/sg/f0019337-sg42-11-a11y.pdf,f0019337-sg42-11-a11y.pdf,Original PDFs/sg/f0019337-sg42-11-a11y.pdf
sg,SG42-12(CA) (PDF),https://dot.ca.gov/-/media/dot-media/programs/safety-programs/documents/signs/sg/f0019338-sg42-12-a11y.pdf,f0019338-sg42-12-a11y.pdf,Original PDFs/sg/f0019338-sg42-12-a11y.pdf
sg,SG47A(CA) (PDF),https://dot.ca.gov/-/media/dot-media/programs/safety-programs/documents/signs/sg/sg47a-a11y.pdf,sg47a-a11y.pdf,Original PDFs/sg/sg47a-a11y.pdf
sg,SG47B(CA) (PDF),https://dot.ca.gov/-/media/dot-media/programs/safety-programs/documents/signs/sg/f0019360-sg47b-a11y.pdf,f0019360-sg47b-a11y.pdf,Original PDFs/sg/f0019360-sg47b-a11y.pdf
sg,SG47C(CA) (PDF),https://dot.ca.gov/-/media/dot-media/programs/safety-programs/documents/signs/sg/f0019361-sg47c-a11y.pdf,f0019361-sg47c-a11y.pdf,Original PDFs/sg/f0019361-sg47c-a11y.pdf
sg,SG47D(CA) (PDF),https://dot.ca.gov/-/media/dot-media/programs/safety-programs/documents/signs/sg/f0019362-sg47d-2-a11y.pdf,f0019362-sg47d-2-a11y.pdf,Original PDFs/sg/f0019362-sg47d-2-a11y.pdf
sg,SG47E(CA) (PDF),https://dot.ca.gov/-/media/dot-media/programs/safety-programs/documents/signs/sg/f0019363-sg47e-a11y.pdf,f0019363-sg47e-a11y.pdf,Original PDFs/sg/f0019363-sg47e-a11y.pdf
s,S1-1(CA) (PDF),https://dot.ca.gov/-/media/dot-media/programs/safety-programs/documents/signs/s/s1-1_ca-a11y.pdf,s1-1_ca-a11y.pdf,Original PDFs/s/s1-1_ca-a11y.pdf
s,S2(CA) (PDF),https://dot.ca.gov/-/media/dot-media/programs/safety-programs/documents/signs/s/f0019258-s2-a11y.pdf,f0019258-s2-a11y.pdf,Original PDFs/s/f0019258-s2-a11y.pdf
s,S3-1(CA) (PDF),https://dot.ca.gov/-/media/dot-media/programs/safety-programs/documents/signs/s/f0019277-s3-1-a11y.pdf,f0019277-s3-1-a11y.pdf,Original PDFs/s/f0019277-s3-1-a11y.pdf
s,S8(CA) (PDF),https://dot.ca.gov/-/media/dot-media/programs/safety-programs/documents/signs/s/f0019294-s8-a11y.pdf,f0019294-s8-a11y.pdf,Original PDFs/s/f0019294-s8-a11y.pdf
s,S9(CA) (PDF),https://dot.ca.gov/-/media/dot-media/programs/safety-programs/documents/signs/s/f0019295-s9-a11y.pdf,f0019295-s9-a11y.pdf,Original PDFs/s/f0019295-s9-a11y.pdf
s,S10(CA) (PDF),https://dot.ca.gov/-/media/dot-media/programs/safety-programs/documents/signs/s/f0019252-s10-a11y.pdf,f0019252-s10-a11y.pdf,Original PDFs/s/f0019252-s10-a11y.pdf
s,S12(CA) (PDF),https://dot.ca.gov/-/media/dot-media/programs/safety-programs/documents/signs/s/f0019254-s12-a11y.pdf,f0019254-s12-a11y.pdf,Original PDFs/s/f0019254-s12-a11y.pdf
s,S18(CA) (PDF),https://dot.ca.gov/-/media/dot-media/programs/safety-programs/documents/signs/s/f0019256-s18-a11y.pdf,f0019256-s18-a11y.pdf,Original PDFs/s/f0019256-s18-a11y.pdf
s,S19(CA) (PDF),https://dot.ca.gov/-/media/dot-media/programs/safety-programs/documents/signs/s/f0019257-s19-a11y.pdf,f0019257-s19-a11y.pdf,Original PDFs/s/f0019257-s19-a11y.pdf
s,S20(CA) (PDF),https://dot.ca.gov/-/media/dot-media/programs/safety-programs/documents/signs/s/f0019259-s20-a11y.pdf,f0019259-s20-a11y.pdf,Original PDFs/s/f0019259-s20-a11y.pdf
s,S21P(CA) (PDF),https://dot.ca.gov/-/media/dot-media/programs/safety-programs/documents/signs/s/f0019260-s21-a11y.pdf,f0019260-s21-a11y.pdf,Original PDFs/s/f0019260-s21-a11y.pdf
s,S22(CA) (PDF),https://dot.ca.gov/-/media/dot-media/programs/safety-programs/documents/signs/s/f0019261-s22-a11y.pdf,f0019261-s22-a11y.pdf,Original PDFs/s/f0019261-s22-a11y.pdf
s,S22-1(CA) (PDF),https://dot.ca.gov/-/media/dot-media/programs/safety-programs/documents/signs/s/s22-1-a11y.pdf,s22-1-a11y.pdf,Original PDFs/s/s22-1-a11y.pdf
s,S23(CA) (PDF),https://dot.ca.gov/-/media/dot-media/programs/safety-programs/documents/signs/s/f0019263-s23-a11y.pdf,f0019263-s23-a11y.pdf,Original PDFs/s/f0019263-s23-a11y.pdf
s,S24(CA) (PDF),https://dot.ca.gov/-/media/dot-media/programs/safety-programs/documents/signs/s/f0019264-s24-a11y.pdf,f0019264-s24-a11y.pdf,Original PDFs/s/f0019264-s24-a11y.pdf
s,S25(CA) (PDF),https://dot.ca.gov/-/media/dot-media/programs/safety-programs/documents/signs/s/f0019265-s25-a11y.pdf,f0019265-s25-a11y.pdf,Original PDFs/s/f0019265-s25-a11y.pdf
s,S26(CA) (PDF),https://dot.ca.gov/-/media/dot-media/programs/safety-programs/documents/signs/s/f0019266-s26-a11y.pdf,f0019266-s26-a11y.pdf,Original PDFs/s/f0019266-s26-a11y.pdf
s,S27(CA) (PDF),https://dot.ca.gov/-/media/dot-media/programs/safety-programs/documents/signs/s/f0019267-s27-a11y.pdf,f0019267-s27-a11y.pdf,Original PDFs/s/f0019267-s27-a11y.pdf
s,S28(CA) (PDF),https://dot.ca.gov/-/media/dot-media/programs/safety-programs/documents/signs/s/s28-a11y.pdf,s28-a11y.pdf,Original PDFs/s/s28-a11y.pdf
s,S29(CA) (PDF),https://dot.ca.gov/-/media/dot-media/programs/safety-programs/documents/signs/s/s29-a11y.pdf,s29-a11y.pdf,Original PDFs/s/s29-a11y.pdf
s,S29-1(CA) (PDF),https://dot.ca.gov/-/media/dot-media/programs/safety-programs/documents/signs/s/s29-1-a11y.pdf,s29-1-a11y.pdf,Original PDFs/s/s29-1-a11y.pdf
s,S29-2(CA) (PDF),https://dot.ca.gov/-/media/dot-media/programs/safety-programs/documents/signs/s/s29-2-a11y.pdf,s29-2-a11y.pdf,Original PDFs/s/s29-2-a11y.pdf
s,S30-1(CA) (PDF),https://dot.ca.gov/-/media/dot-media/programs/safety-programs/documents/signs/s/f0019272-s30-1-a11y.pdf,f0019272-s30-1-a11y.pdf,Original PDFs/s/f0019272-s30-1-a11y.pdf
s,S32(CA) One Post (PDF),https://dot.ca.gov/-/media/dot-media/programs/safety-programs/documents/signs/s/s32-ca-single-post-a11y.pdf,s32-ca-single-post-a11y.pdf,Original PDFs/s/s32-ca-single-post-a11y.pdf
s,S32(CA) Two Posts (PDF),https://dot.ca.gov/-/media/dot-media/programs/safety-programs/documents/signs/s/s32-ca-2posts-v2-a11y.pdf,s32-ca-2posts-v2-a11y.pdf,Original PDFs/s/s32-ca-2posts-v2-a11y.pdf
s,S32A(CA) (PDF),https://dot.ca.gov/-/media/dot-media/programs/safety-programs/documents/signs/s/s32a-ca-a11y.pdf,s32a-ca-a11y.pdf,Original PDFs/s/s32a-ca-a11y.pdf
s,S32B(CA) (PDF),https://dot.ca.gov/-/media/dot-media/programs/safety-programs/documents/signs/s/s32b-ca-a11y.pdf,s32b-ca-a11y.pdf,Original PDFs/s/s32b-ca-a11y.pdf
s,S32-1(CA) (PDF),https://dot.ca.gov/-/media/dot-media/programs/safety-programs/documents/signs/s/s32-1-a11y.pdf,s32-1-a11y.pdf,Original PDFs/s/s32-1-a11y.pdf
s,S32-2(CA) (PDF),https://dot.ca.gov/-/media/dot-media/programs/safety-programs/documents/signs/s/s32-2-a11y.pdf,s32-2-a11y.pdf,Original PDFs/s/s32-2-a11y.pdf
s,S32-3(CA) (PDF),https://dot.ca.gov/-/media/dot-media/programs/safety-programs/documents/signs/s/s32-3-a11y.pdf,s32-3-a11y.pdf,Original PDFs/s/s32-3-a11y.pdf
s,S32-4(CA) (PDF),https://dot.ca.gov/-/media/dot-media/programs/safety-programs/documents/signs/s/s32-4-a11y.pdf,s32-4-a11y.pdf,Original PDFs/s/s32-4-a11y.pdf
s,S32-5(CA) (PDF),https://dot.ca.gov/-/media/dot-media/programs/safety-programs/documents/signs/s/s32-5-a11y.pdf,s32-5-a11y.pdf,Original PDFs/s/s32-5-a11y.pdf
s,S34(CA) (PDF),https://dot.ca.gov/-/media/dot-media/programs/safety-programs/documents/signs/s/s34-a11y.pdf,s34-a11y.pdf,Original PDFs/s/s34-a11y.pdf
s,S35(CA) (PDF),https://dot.ca.gov/-/media/dot-media/programs/safety-programs/documents/signs/s/s35-a11y.pdf,s35-a11y.pdf,Original PDFs/s/s35-a11y.pdf
s,S35-1P(CA) (PDF),https://dot.ca.gov/-/media/dot-media/programs/safety-programs/documents/signs/s/s35-1-a11y.pdf,s35-1-a11y.pdf,Original PDFs/s/s35-1-a11y.pdf
s,S35-2P(CA) (PDF),https://dot.ca.gov/-/media/dot-media/programs/safety-programs/documents/signs/s/s35-2-a11y.pdf,s35-2-a11y.pdf,Original PDFs/s/s35-2-a11y.pdf
s,S35-3P(CA) (PDF),https://dot.ca.gov/-/media/dot-media/programs/safety-programs/documents/signs/s/s35-3-a11y.pdf,s35-3-a11y.pdf,Original PDFs/s/s35-3-a11y.pdf
s,S36(CA) (PDF),https://dot.ca.gov/-/media/dot-media/programs/safety-programs/documents/signs/s/s36-a11y.pdf,s36-a11y.pdf,Original PDFs/s/s36-a11y.pdf
s,S36A(CA) (PDF),https://dot.ca.gov/-/media/dot-media/programs/safety-programs/documents/signs/s/f0019293-s36a-s36b-a11y.pdf,f0019293-s36a-s36b-a11y.pdf,Original PDFs/s/f0019293-s36a-s36b-a11y.pdf
s,S36B(CA) (PDF),https://dot.ca.gov/-/media/dot-media/programs/safety-programs/documents/signs/s/f0019293-s36a-s36b-a11y.pdf,f0019293-s36a-s36b-a11y.pdf,Original PDFs/s/f0019293-s36a-s36b-a11y.pdf
f0018950-ps-series-grids-a11y.pdf,PS-Series Grids (CA) (PDF),https://dot.ca.gov/-/media/dot-media/programs/safety-programs/documents/signs/f0018950-ps-series-grids-a11y.pdf,f0018950-ps-series-grids-a11y.pdf,Original PDFs/other/f0018950-ps-series-grids-a11y.pdf
rs,RS-Series Grids [MUTCD] (PDF),https://dot.ca.gov/-/media/dot-media/programs/safety-programs/documents/signs/rs/rs-series-grids-a11y.pdf,rs-series-grids-a11y.pdf,Original PDFs/rs/rs-series-grids-a11y.pdf
r,R2-4(CA) (PDF),https://dot.ca.gov/-/media/dot-media/programs/safety-programs/documents/signs/r/r2-4-a11y.pdf,r2-4-a11y.pdf,Original PDFs/r/r2-4-a11y.pdf
r,R3(CA) (PDF),https://dot.ca.gov/-/media/dot-media/programs/safety-programs/documents/signs/r/r3-a11y.pdf,r3-a11y.pdf,Original PDFs/r/r3-a11y.pdf
r,R3-1 ABO (PDF),https://dot.ca.gov/-/media/dot-media/programs/safety-programs/documents/signs/r/r3-1-abo-a11y.pdf,r3-1-abo-a11y.pdf,Original PDFs/r/r3-1-abo-a11y.pdf
r,R3-2 ABO (PDF),https://dot.ca.gov/-/media/dot-media/programs/safety-programs/documents/signs/r/r3-2-abo-a11y.pdf,r3-2-abo-a11y.pdf,Original PDFs/r/r3-2-abo-a11y.pdf
r,R3-4 ABO (PDF),https://dot.ca.gov/-/media/dot-media/programs/safety-programs/documents/signs/r/f0019050-r3-4-abo-a11y.pdf,f0019050-r3-4-abo-a11y.pdf,Original PDFs/r/f0019050-r3-4-abo-a11y.pdf
r,R3-18 ABO (PDF),https://dot.ca.gov/-/media/dot-media/programs/safety-programs/documents/signs/r/r3-18-abo-a11y.pdf,r3-18-abo-a11y.pdf,Original PDFs/r/r3-18-abo-a11y.pdf
r,R3-27 ABO (PDF),https://dot.ca.gov/-/media/dot-media/programs/safety-programs/documents/signs/r/r3-27-abo-a11y.pdf,r3-27-abo-a11y.pdf,Original PDFs/r/r3-27-abo-a11y.pdf
r,R5-1 ABO (PDF),https://dot.ca.gov/-/media/dot-media/programs/safety-programs/documents/signs/r/f0019070-r5-1-abo-a11y.pdf,f0019070-r5-1-abo-a11y.pdf,Original PDFs/r/f0019070-r5-1-abo-a11y.pdf
r,R5-1a ABO (PDF),https://dot.ca.gov/-/media/dot-media/programs/safety-programs/documents/signs/r/f0019069-r5-1a-abo-a11y.pdf,f0019069-r5-1a-abo-a11y.pdf,Original PDFs/r/f0019069-r5-1a-abo-a11y.pdf
r,R6-3A(CA) (PDF),https://dot.ca.gov/-/media/dot-media/programs/safety-programs/documents/signs/r/f0019105-r6-3a-a11y.pdf,f0019105-r6-3a-a11y.pdf,Original PDFs/r/f0019105-r6-3a-a11y.pdf
r,R6-4A(CA) (PDF),https://dot.ca.gov/-/media/dot-media/programs/safety-programs/documents/signs/r/f0019107-r6-4a-a11y.pdf,f0019107-r6-4a-a11y.pdf,Original PDFs/r/f0019107-r6-4a-a11y.pdf
r,R10-3e(CA) (PDF),https://dot.ca.gov/-/media/dot-media/programs/safety-programs/documents/signs/r/r10-3e_ca-a11y.pdf,r10-3e_ca-a11y.pdf,Original PDFs/r/r10-3e_ca-a11y.pdf
r,R10-3i(CA) (PDF),https://dot.ca.gov/-/media/dot-media/programs/safety-programs/documents/signs/r/r10-3i_ca-a11y.pdf,r10-3i_ca-a11y.pdf,Original PDFs/r/r10-3i_ca-a11y.pdf
r,R10-3j(CA) (PDF),https://dot.ca.gov/-/media/dot-media/programs/safety-programs/documents/signs/r/r10-3j-ca-a11y.pdf,r10-3j-ca-a11y.pdf,Original PDFs/r/r10-3j-ca-a11y.pdf
r,R10-3k(CA) (PDF),https://dot.ca.gov/-/media/dot-media/programs/safety-programs/documents/signs/r/202505-r10-3k-ca-a11y.pdf,202505-r10-3k-ca-a11y.pdf,Original PDFs/r/202505-r10-3k-ca-a11y.pdf
r,R18B(CA) (PDF),https://dot.ca.gov/-/media/dot-media/programs/safety-programs/documents/signs/r/f0018982-r18b-a11y.pdf,f0018982-r18b-a11y.pdf,Original PDFs/r/f0018982-r18b-a11y.pdf
r,R20-1(CA) (PDF),https://dot.ca.gov/-/media/dot-media/programs/safety-programs/documents/signs/r/f0018983-r20-1-a11y.pdf,f0018983-r20-1-a11y.pdf,Original PDFs/r/f0018983-r20-1-a11y.pdf
f0018986-r20dseries-a11y.pdf,R20D-1P(CA) (PDF),https://dot.ca.gov/-/media/dot-media/programs/safety-programs/documents/signs/f0018986-r20dseries-a11y.pdf,f0018986-r20dseries-a11y.pdf,Original PDFs/other/f0018986-r20dseries-a11y.pdf
f0018986-r20dseries-a11y.pdf,R20D-2P(CA) (PDF),https://dot.ca.gov/-/media/dot-media/programs/safety-programs/documents/signs/f0018986-r20dseries-a11y.pdf,f0018986-r20dseries-a11y.pdf,Original PDFs/other/f0018986-r20dseries-a11y.pdf
f0018986-r20dseries-a11y.pdf,R20D-3P(CA) (PDF),https://dot.ca.gov/-/media/dot-media/programs/safety-programs/documents/signs/f0018986-r20dseries-a11y.pdf,f0018986-r20dseries-a11y.pdf,Original PDFs/other/f0018986-r20dseries-a11y.pdf
f0018986-r20dseries-a11y.pdf,R20D-4P(CA) (PDF),https://dot.ca.gov/-/media/dot-media/programs/safety-programs/documents/signs/f0018986-r20dseries-a11y.pdf,f0018986-r20dseries-a11y.pdf,Original PDFs/other/f0018986-r20dseries-a11y.pdf
r,R20H(CA) (PDF),https://dot.ca.gov/-/media/dot-media/programs/safety-programs/documents/signs/r/f0018987-r20h-a11y.pdf,f0018987-r20h-a11y.pdf,Original PDFs/r/f0018987-r20h-a11y.pdf
r,R20-1AP(CA) (PDF),https://dot.ca.gov/-/media/dot-media/programs/safety-programs/documents/signs/r/f0018984-r20-1a-a11y.pdf,f0018984-r20-1a-a11y.pdf,Original PDFs/r/f0018984-r20-1a-a11y.pdf
r,R21(CA) (PDF),https://dot.ca.gov/-/media/dot-media/programs/safety-programs/documents/signs/r/f0018988-r21-a11y.pdf,f0018988-r21-a11y.pdf,Original PDFs/r/f0018988-r21-a11y.pdf
r,R22(CA) (PDF),https://dot.ca.gov/-/media/dot-media/programs/safety-programs/documents/signs/r/f0018989-r22-a11y.pdf,f0018989-r22-a11y.pdf,Original PDFs/r/f0018989-r22-a11y.pdf
r,R23(CA) (PDF),https://dot.ca.gov/-/media/dot-media/programs/safety-programs/documents/signs/r/f0018990-r23-a11y.pdf,f0018990-r23-a11y.pdf,Original PDFs/r/f0018990-r23-a11y.pdf
r,R24(CA) (PDF),https://dot.ca.gov/-/media/dot-media/programs/safety-programs/documents/signs/r/f0018991-r24-a11y.pdf,f0018991-r24-a11y.pdf,Original PDFs/r/f0018991-r24-a11y.pdf
r,R24A (CA) (PDF),https://dot.ca.gov/-/media/dot-media/programs/safety-programs/documents/signs/r/r24a-a11y.pdf,r24a-a11y.pdf,Original PDFs/r/r24a-a11y.pdf
r,R24B(CA) (PDF),https://dot.ca.gov/-/media/dot-media/programs/safety-programs/documents/signs/r/r24b-a11y.pdf,r24b-a11y.pdf,Original PDFs/r/r24b-a11y.pdf
r,R24C(CA) (PDF),https://dot.ca.gov/-/media/dot-media/programs/safety-programs/documents/signs/r/r24c-a11y.pdf,r24c-a11y.pdf,Original PDFs/r/r24c-a11y.pdf
r,R24D(CA) (PDF),https://dot.ca.gov/-/media/dot-media/programs/safety-programs/documents/signs/r/r24d-a11y.pdf,r24d-a11y.pdf,Original PDFs/r/r24d-a11y.pdf
r,R24E(CA) (PDF),https://dot.ca.gov/-/media/dot-media/programs/safety-programs/documents/signs/r/f0018997-r24e-a11y.pdf,f0018997-r24e-a11y.pdf,Original PDFs/r/f0018997-r24e-a11y.pdf
r,R24F(CA) (PDF),https://dot.ca.gov/-/media/dot-media/programs/safety-programs/documents/signs/r/r24f-ca-a11y.pdf,r24f-ca-a11y.pdf,Original PDFs/r/r24f-ca-a11y.pdf
r,R25(CA) (PDF),https://dot.ca.gov/-/media/dot-media/programs/safety-programs/documents/signs/r/f0018998-r25-a11y.pdf,f0018998-r25-a11y.pdf,Original PDFs/r/f0018998-r25-a11y.pdf
r,R25C(CA) (PDF),https://dot.ca.gov/-/media/dot-media/programs/safety-programs/documents/signs/r/f0019001-r25c-a11y.pdf,f0019001-r25c-a11y.pdf,Original PDFs/r/f0019001-r25c-a11y.pdf
r,R25E(CA) (PDF),https://dot.ca.gov/-/media/dot-media/programs/safety-programs/documents/signs/r/f0019003-r25e-a11y.pdf,f0019003-r25e-a11y.pdf,Original PDFs/r/f0019003-r25e-a11y.pdf
r,R25F(CA) (PDF),https://dot.ca.gov/-/media/dot-media/programs/safety-programs/documents/signs/r/r25f-a11y.pdf,r25f-a11y.pdf,Original PDFs/r/r25f-a11y.pdf
r,R25J(CA) (PDF),https://dot.ca.gov/-/media/dot-media/programs/safety-programs/documents/signs/r/r25j-a11y.pdf,r25j-a11y.pdf,Original PDFs/r/r25j-a11y.pdf
r,R26(CA) (PDF),https://dot.ca.gov/-/media/dot-media/programs/safety-programs/documents/signs/r/f0019008-r26-a11y.pdf,f0019008-r26-a11y.pdf,Original PDFs/r/f0019008-r26-a11y.pdf
r,R26(S)(CA) (PDF),https://dot.ca.gov/-/media/dot-media/programs/safety-programs/documents/signs/r/f0019007-r26-s-a11y.pdf,f0019007-r26-s-a11y.pdf,Original PDFs/r/f0019007-r26-s-a11y.pdf
r,R26A(CA) (PDF),https://dot.ca.gov/-/media/dot-media/programs/safety-programs/documents/signs/r/f0019010-r26a-a11y.pdf,f0019010-r26a-a11y.pdf,Original PDFs/r/f0019010-r26a-a11y.pdf
r,R26A(S)(CA) (PDF),https://dot.ca.gov/-/media/dot-media/programs/safety-programs/documents/signs/r/f0019009-r26a-s-a11y.pdf,f0019009-r26a-s-a11y.pdf,Original PDFs/r/f0019009-r26a-s-a11y.pdf
r,R26F(CA) (PDF),https://dot.ca.gov/-/media/dot-media/programs/safety-programs/documents/signs/r/f0019011-r26f-a11y.pdf,f0019011-r26f-a11y.pdf,Original PDFs/r/f0019011-r26f-a11y.pdf
r,R26K(CA) (PDF),https://dot.ca.gov/-/media/dot-media/programs/safety-programs/documents/signs/r/r26k-a11y.pdf,r26k-a11y.pdf,Original PDFs/r/r26k-a11y.pdf
r,R26L(CA) (PDF),https://dot.ca.gov/-/media/dot-media/programs/safety-programs/documents/signs/r/r26l-a11y.pdf,r26l-a11y.pdf,Original PDFs/r/r26l-a11y.pdf
r,R27(CA) (PDF),https://dot.ca.gov/-/media/dot-media/programs/safety-programs/documents/signs/r/f0019014-r27-a11y.pdf,f0019014-r27-a11y.pdf,Original PDFs/r/f0019014-r27-a11y.pdf
r,R27A(CA) (PDF),https://dot.ca.gov/-/media/dot-media/programs/safety-programs/documents/signs/r/f0019015-r27a-a11y.pdf,f0019015-r27a-a11y.pdf,Original PDFs/r/f0019015-r27a-a11y.pdf
r,R28(CA) (PDF),https://dot.ca.gov/-/media/dot-media/programs/safety-programs/documents/signs/r/f0019017-r28-a11y.pdf,f0019017-r28-a11y.pdf,Original PDFs/r/f0019017-r28-a11y.pdf
r,R28(S)(CA) (PDF),https://dot.ca.gov/-/media/dot-media/programs/safety-programs/documents/signs/r/f0019016-r28-s-a11y.pdf,f0019016-r28-s-a11y.pdf,Original PDFs/r/f0019016-r28-s-a11y.pdf
r,R28A(CA) (PDF),https://dot.ca.gov/-/media/dot-media/programs/safety-programs/documents/signs/r/f0019019-r28a-a11y.pdf,f0019019-r28a-a11y.pdf,Original PDFs/r/f0019019-r28a-a11y.pdf
r,R28A(S)(CA) (PDF),https://dot.ca.gov/-/media/dot-media/programs/safety-programs/documents/signs/r/f0019018-r28a-s-a11y.pdf,f0019018-r28a-s-a11y.pdf,Original PDFs/r/f0019018-r28a-s-a11y.pdf
r,R28C(CA) (PDF),https://dot.ca.gov/-/media/dot-media/programs/safety-programs/documents/signs/r/r28c-a11y.pdf,r28c-a11y.pdf,Original PDFs/r/r28c-a11y.pdf
r,R28D(CA) (PDF),https://dot.ca.gov/-/media/dot-media/programs/safety-programs/documents/signs/r/r28d-a11y.pdf,r28d-a11y.pdf,Original PDFs/r/r28d-a11y.pdf
r,R28D(S)(CA) (PDF),https://dot.ca.gov/-/media/dot-media/programs/safety-programs/documents/signs/r/f0019021-r28d-s-a11y.pdf,f0019021-r28d-s-a11y.pdf,Original PDFs/r/f0019021-r28d-s-a11y.pdf
r,R28E(CA) (PDF),https://dot.ca.gov/-/media/dot-media/programs/safety-programs/documents/signs/r/r28e-a11y.pdf,r28e-a11y.pdf,Original PDFs/r/r28e-a11y.pdf
r,R28F(CA) (PDF),https://dot.ca.gov/-/media/dot-media/programs/safety-programs/documents/signs/r/r28f-a11y.pdf,r28f-a11y.pdf,Original PDFs/r/r28f-a11y.pdf
r,R29(CA) (PDF),https://dot.ca.gov/-/media/dot-media/programs/safety-programs/documents/signs/r/f0019025-r29-a11y.pdf,f0019025-r29-a11y.pdf,Original PDFs/r/f0019025-r29-a11y.pdf
r,R30(CA) (PDF),https://dot.ca.gov/-/media/dot-media/programs/safety-programs/documents/signs/r/f0019027-r30-a11y.pdf,f0019027-r30-a11y.pdf,Original PDFs/r/f0019027-r30-a11y.pdf
r,R30A(CA) (PDF),https://dot.ca.gov/-/media/dot-media/programs/safety-programs/documents/signs/r/f0019028-r30a-a11y.pdf,f0019028-r30a-a11y.pdf,Original PDFs/r/f0019028-r30a-a11y.pdf
r,R30B(CA) (PDF),https://dot.ca.gov/-/media/dot-media/programs/safety-programs/documents/signs/r/r30b-ca-a11y.pdf,r30b-ca-a11y.pdf,Original PDFs/r/r30b-ca-a11y.pdf
r,R30C(CA) (PDF),https://dot.ca.gov/-/media/dot-media/programs/safety-programs/documents/signs/r/r30c-a11y.pdf,r30c-a11y.pdf,Original PDFs/r/r30c-a11y.pdf
r,R30D(CA) (PDF),https://dot.ca.gov/-/media/dot-media/programs/safety-programs/documents/signs/r/r30d-a11y.pdf,r30d-a11y.pdf,Original PDFs/r/r30d-a11y.pdf
r,R30E(CA) (PDF),https://dot.ca.gov/-/media/dot-media/programs/safety-programs/documents/signs/r/f0019032-r30e-a11y.pdf,f0019032-r30e-a11y.pdf,Original PDFs/r/f0019032-r30e-a11y.pdf
r,R30F(CA) (PDF),https://dot.ca.gov/-/media/dot-media/programs/safety-programs/documents/signs/r/r30f-a11y.pdf,r30f-a11y.pdf,Original PDFs/r/r30f-a11y.pdf
r,R31(CA) (PDF),https://dot.ca.gov/-/media/dot-media/programs/safety-programs/documents/signs/r/f0019035-r31-a11y.pdf,f0019035-r31-a11y.pdf,Original PDFs/r/f0019035-r31-a11y.pdf
r,R31(S)(CA) (PDF),https://dot.ca.gov/-/media/dot-media/programs/safety-programs/documents/signs/r/f0019034-r31-s-a11y.pdf,f0019034-r31-s-a11y.pdf,Original PDFs/r/f0019034-r31-s-a11y.pdf
r,R32(CA) (PDF),https://dot.ca.gov/-/media/dot-media/programs/safety-programs/documents/signs/r/f0019038-r32-a11y.pdf,f0019038-r32-a11y.pdf,Original PDFs/r/f0019038-r32-a11y.pdf
r,R32B(CA) (PDF),https://dot.ca.gov/-/media/dot-media/programs/safety-programs/documents/signs/r/f0019041-r32b-a11y.pdf,f0019041-r32b-a11y.pdf,Original PDFs/r/f0019041-r32b-a11y.pdf
r,R32C(CA) (PDF),https://dot.ca.gov/-/media/dot-media/programs/safety-programs/documents/signs/r/r32c-a11y.pdf,r32c-a11y.pdf,Original PDFs/r/r32c-a11y.pdf
r,R32D(CA) (PDF),https://dot.ca.gov/-/media/dot-media/programs/safety-programs/documents/signs/r/r32d-a11y.pdf,r32d-a11y.pdf,Original PDFs/r/r32d-a11y.pdf
r,R32E(CA) (PDF),https://dot.ca.gov/-/media/dot-media/programs/safety-programs/documents/signs/r/r32e-a11y.pdf,r32e-a11y.pdf,Original PDFs/r/r32e-a11y.pdf
r,R32F(CA) (PDF),https://dot.ca.gov/-/media/dot-media/programs/safety-programs/documents/signs/r/r32f-a11y.pdf,r32f-a11y.pdf,Original PDFs/r/r32f-a11y.pdf
r,R33B(CA) (PDF),https://dot.ca.gov/-/media/dot-media/programs/safety-programs/documents/signs/r/r33b-a11y.pdf,r33b-a11y.pdf,Original PDFs/r/r33b-a11y.pdf
r,R33C(CA) (PDF),https://dot.ca.gov/-/media/dot-media/programs/safety-programs/documents/signs/r/r33c-a11y.pdf,r33c-a11y.pdf,Original PDFs/r/r33c-a11y.pdf
r,R36(CA) (PDF),https://dot.ca.gov/-/media/dot-media/programs/safety-programs/documents/signs/r/f0019051-r36-a11y.pdf,f0019051-r36-a11y.pdf,Original PDFs/r/f0019051-r36-a11y.pdf
r,R37(CA) (PDF),https://dot.ca.gov/-/media/dot-media/programs/safety-programs/documents/signs/r/f0019052-r37-a11y.pdf,f0019052-r37-a11y.pdf,Original PDFs/r/f0019052-r37-a11y.pdf
r,R38(CA) (PDF),https://dot.ca.gov/-/media/dot-media/programs/safety-programs/documents/signs/r/f0019054-r38-a11y.pdf,f0019054-r38-a11y.pdf,Original PDFs/r/f0019054-r38-a11y.pdf
r,R38(S)(CA) (PDF),https://dot.ca.gov/-/media/dot-media/programs/safety-programs/documents/signs/r/f0019053-r38-s-a11y.pdf,f0019053-r38-s-a11y.pdf,Original PDFs/r/f0019053-r38-s-a11y.pdf
r,R38A(CA) (PDF),https://dot.ca.gov/-/media/dot-media/programs/safety-programs/documents/signs/r/f0019055-r38a-a11y.pdf,f0019055-r38a-a11y.pdf,Original PDFs/r/f0019055-r38a-a11y.pdf
r,R39(CA) (PDF),https://dot.ca.gov/-/media/dot-media/programs/safety-programs/documents/signs/r/r39-a11y.pdf,r39-a11y.pdf,Original PDFs/r/r39-a11y.pdf
r,R39-1(CA) (PDF),https://dot.ca.gov/-/media/dot-media/programs/safety-programs/documents/signs/r/f0019057-r39-1-a11y.pdf,f0019057-r39-1-a11y.pdf,Original PDFs/r/f0019057-r39-1-a11y.pdf
r,R39-2(CA) (PDF),https://dot.ca.gov/-/media/dot-media/programs/safety-programs/documents/signs/r/f0019058-r39-2-a11y.pdf,f0019058-r39-2-a11y.pdf,Original PDFs/r/f0019058-r39-2-a11y.pdf
r,R39-3(CA) (PDF),https://dot.ca.gov/-/media/dot-media/programs/safety-programs/documents/signs/r/r39-3_ca-a11y.pdf,r39-3_ca-a11y.pdf,Original PDFs/r/r39-3_ca-a11y.pdf
r,R44B(CA) (PDF),https://dot.ca.gov/-/media/dot-media/programs/safety-programs/documents/signs/r/f0019061-r44b-a11y.pdf,f0019061-r44b-a11y.pdf,Original PDFs/r/f0019061-r44b-a11y.pdf
r,R47(CA) (PDF),https://dot.ca.gov/-/media/dot-media/programs/safety-programs/documents/signs/r/f0019063-r47-a11y.pdf,f0019063-r47-a11y.pdf,Original PDFs/r/f0019063-r47-a11y.pdf
r,R47A(CA) (PDF),https://dot.ca.gov/-/media/dot-media/programs/safety-programs/documents/signs/r/f0019064-r47a-a11y.pdf,f0019064-r47a-a11y.pdf,Original PDFs/r/f0019064-r47a-a11y.pdf
r,R48(CA) (PDF),https://dot.ca.gov/-/media/dot-media/programs/safety-programs/documents/signs/r/r48-a11y.pdf,r48-a11y.pdf,Original PDFs/r/r48-a11y.pdf
r,R48-1P(CA) (PDF),https://dot.ca.gov/-/media/dot-media/programs/safety-programs/documents/signs/r/f0019066-r48-1-a11y.pdf,f0019066-r48-1-a11y.pdf,Original PDFs/r/f0019066-r48-1-a11y.pdf
r,R48-2(CA) (PDF),https://dot.ca.gov/-/media/dot-media/programs/safety-programs/documents/signs/r/r48-2-a11y.pdf,r48-2-a11y.pdf,Original PDFs/r/r48-2-a11y.pdf
r,R49(CA) (PDF),https://dot.ca.gov/-/media/dot-media/programs/safety-programs/documents/signs/r/r49-ca-a11y.pdf,r49-ca-a11y.pdf,Original PDFs/r/r49-ca-a11y.pdf
r,R53D(CA) (PDF),https://dot.ca.gov/-/media/dot-media/programs/safety-programs/documents/signs/r/f0019073-r53d-a11y.pdf,f0019073-r53d-a11y.pdf,Original PDFs/r/f0019073-r53d-a11y.pdf
r,R53E(CA) (PDF),https://dot.ca.gov/-/media/dot-media/programs/safety-programs/documents/signs/r/f0019074-r53e-a11y.pdf,f0019074-r53e-a11y.pdf,Original PDFs/r/f0019074-r53e-a11y.pdf
r,R55(CA) (PDF),https://dot.ca.gov/-/media/dot-media/programs/safety-programs/documents/signs/r/f0019075-r55-a11y.pdf,f0019075-r55-a11y.pdf,Original PDFs/r/f0019075-r55-a11y.pdf
r,R57(CA) (PDF),https://dot.ca.gov/-/media/dot-media/programs/safety-programs/documents/signs/r/f0019076-r57-a11y.pdf,f0019076-r57-a11y.pdf,Original PDFs/r/f0019076-r57-a11y.pdf
r,R58(CA) (PDF),https://dot.ca.gov/-/media/dot-media/programs/safety-programs/documents/signs/r/f0019077-r58-a11y.pdf,f0019077-r58-a11y.pdf,Original PDFs/r/f0019077-r58-a11y.pdf
r,R60B(CA) (PDF),https://dot.ca.gov/-/media/dot-media/programs/safety-programs/documents/signs/r/f0019080-r60b-a11y.pdf,f0019080-r60b-a11y.pdf,Original PDFs/r/f0019080-r60b-a11y.pdf
r,R61-1(CA) (PDF),https://dot.ca.gov/-/media/dot-media/programs/safety-programs/documents/signs/r/f0019081-r61-1-a11y.pdf,f0019081-r61-1-a11y.pdf,Original PDFs/r/f0019081-r61-1-a11y.pdf
r,R61-3(CA) (PDF),https://dot.ca.gov/-/media/dot-media/programs/safety-programs/documents/signs/r/f0019091-r61-3-a11y.pdf,f0019091-r61-3-a11y.pdf,Original PDFs/r/f0019091-r61-3-a11y.pdf
r,R61-5(CA) (PDF),https://dot.ca.gov/-/media/dot-media/programs/safety-programs/documents/signs/r/f0019096-r61-5-a11y.pdf,f0019096-r61-5-a11y.pdf,Original PDFs/r/f0019096-r61-5-a11y.pdf
r,R61-7(CA) (PDF),https://dot.ca.gov/-/media/dot-media/programs/safety-programs/documents/signs/r/f0019097-r61-7-a11y.pdf,f0019097-r61-7-a11y.pdf,Original PDFs/r/f0019097-r61-7-a11y.pdf
r,R61-9(CA) (PDF),https://dot.ca.gov/-/media/dot-media/programs/safety-programs/documents/signs/r/f0019098-r61-9-a11y.pdf,f0019098-r61-9-a11y.pdf,Original PDFs/r/f0019098-r61-9-a11y.pdf
r,R61-11(CA) (PDF),https://dot.ca.gov/-/media/dot-media/programs/safety-programs/documents/signs/r/f0019082-r61-11-a11y.pdf,f0019082-r61-11-a11y.pdf,Original PDFs/r/f0019082-r61-11-a11y.pdf
r,R61-13(CA) (PDF),https://dot.ca.gov/-/media/dot-media/programs/safety-programs/documents/signs/r/f0019083-r61-13-a11y.pdf,f0019083-r61-13-a11y.pdf,Original PDFs/r/f0019083-r61-13-a11y.pdf
r,R61-15(CA) (PDF),https://dot.ca.gov/-/media/dot-media/programs/safety-programs/documents/signs/r/f0019084-r61-15-a11y.pdf,f0019084-r61-15-a11y.pdf,Original PDFs/r/f0019084-r61-15-a11y.pdf
r,R61-17(CA) (PDF),https://dot.ca.gov/-/media/dot-media/programs/safety-programs/documents/signs/r/f0019085-r61-17-a11y.pdf,f0019085-r61-17-a11y.pdf,Original PDFs/r/f0019085-r61-17-a11y.pdf
r,R61-19(CA) (PDF),https://dot.ca.gov/-/media/dot-media/programs/safety-programs/documents/signs/r/f0019086-r61-19-a11y.pdf,f0019086-r61-19-a11y.pdf,Original PDFs/r/f0019086-r61-19-a11y.pdf
r,R61-22(CA) (PDF),https://dot.ca.gov/-/media/dot-media/programs/safety-programs/documents/signs/r/f0019087-r61-22-a11y.pdf,f0019087-r61-22-a11y.pdf,Original PDFs/r/f0019087-r61-22-a11y.pdf
r,R61-24(CA) (PDF),https://dot.ca.gov/-/media/dot-media/programs/safety-programs/documents/signs/r/f0019088-r61-24-a11y.pdf,f0019088-r61-24-a11y.pdf,Original PDFs/r/f0019088-r61-24-a11y.pdf
r,R61-26(CA) (PDF),https://dot.ca.gov/-/media/dot-media/programs/safety-programs/documents/signs/r/f0019089-r61-26-a11y.pdf,f0019089-r61-26-a11y.pdf,Original PDFs/r/f0019089-r61-26-a11y.pdf
r,R61-28(CA) (PDF),https://dot.ca.gov/-/media/dot-media/programs/safety-programs/documents/signs/r/f0019090-r61-28-a11y.pdf,f0019090-r61-28-a11y.pdf,Original PDFs/r/f0019090-r61-28-a11y.pdf
r,R61-30(CA) (PDF),https://dot.ca.gov/-/media/dot-media/programs/safety-programs/documents/signs/r/f0019092-r61-30-a11y.pdf,f0019092-r61-30-a11y.pdf,Original PDFs/r/f0019092-r61-30-a11y.pdf
r,R61-32(CA) (PDF),https://dot.ca.gov/-/media/dot-media/programs/safety-programs/documents/signs/r/f0019093-r61-32-a11y.pdf,f0019093-r61-32-a11y.pdf,Original PDFs/r/f0019093-r61-32-a11y.pdf
r,R61-34(CA) (PDF),https://dot.ca.gov/-/media/dot-media/programs/safety-programs/documents/signs/r/f0019094-r61-34-a11y.pdf,f0019094-r61-34-a11y.pdf,Original PDFs/r/f0019094-r61-34-a11y.pdf
r,R61-36(CA) (PDF),https://dot.ca.gov/-/media/dot-media/programs/safety-programs/documents/signs/r/f0019095-r61-36-a11y.pdf,f0019095-r61-36-a11y.pdf,Original PDFs/r/f0019095-r61-36-a11y.pdf
r,R70(CA) (PDF),https://dot.ca.gov/-/media/dot-media/programs/safety-programs/documents/signs/r/f0019108-r70-a11y.pdf,f0019108-r70-a11y.pdf,Original PDFs/r/f0019108-r70-a11y.pdf
r,R70A(CA) & R70B(CA) (PDF),https://dot.ca.gov/-/media/dot-media/programs/safety-programs/documents/signs/r/r70a-b-ca-a11y.pdf,r70a-b-ca-a11y.pdf,Original PDFs/r/r70a-b-ca-a11y.pdf
r,R73-1(CA) (PDF),https://dot.ca.gov/-/media/dot-media/programs/safety-programs/documents/signs/r/f0019109-r73-1-a11y.pdf,f0019109-r73-1-a11y.pdf,Original PDFs/r/f0019109-r73-1-a11y.pdf
r,R73-2(CA) (PDF),https://dot.ca.gov/-/media/dot-media/programs/safety-programs/documents/signs/r/f0019110-r73-2-a11y.pdf,f0019110-r73-2-a11y.pdf,Original PDFs/r/f0019110-r73-2-a11y.pdf
r,R73-3(CA) (PDF),https://dot.ca.gov/-/media/dot-media/programs/safety-programs/documents/signs/r/f0019111-r73-3-a11y.pdf,f0019111-r73-3-a11y.pdf,Original PDFs/r/f0019111-r73-3-a11y.pdf
r,R73-4(CA) (PDF),https://dot.ca.gov/-/media/dot-media/programs/safety-programs/documents/signs/r/f0019112-r73-4-a11y.pdf,f0019112-r73-4-a11y.pdf,Original PDFs/r/f0019112-r73-4-a11y.pdf
r,R73-5(CA) (PDF),https://dot.ca.gov/-/media/dot-media/programs/safety-programs/documents/signs/r/f0019113-r73-5-a11y.pdf,f0019113-r73-5-a11y.pdf,Original PDFs/r/f0019113-r73-5-a11y.pdf
r,R73-6(CA) (PDF),https://dot.ca.gov/-/media/dot-media/programs/safety-programs/documents/signs/r/f0019114-r73-6-a11y.pdf,f0019114-r73-6-a11y.pdf,Original PDFs/r/f0019114-r73-6-a11y.pdf
r,R73-8(CA) (PDF),https://dot.ca.gov/-/media/dot-media/programs/safety-programs/documents/signs/r/r73-8-a11y.pdf,r73-8-a11y.pdf,Original PDFs/r/r73-8-a11y.pdf
r,R74(CA) (PDF),https://dot.ca.gov/-/media/dot-media/programs/safety-programs/documents/signs/r/r74-ca-a11y.pdf,r74-ca-a11y.pdf,Original PDFs/r/r74-ca-a11y.pdf
r,R75(CA) (PDF),https://dot.ca.gov/-/media/dot-media/programs/safety-programs/documents/signs/r/r75-ca-a11y.pdf,r75-ca-a11y.pdf,Original PDFs/r/r75-ca-a11y.pdf
r,R76(CA) (PDF),https://dot.ca.gov/-/media/dot-media/programs/safety-programs/documents/signs/r/r76-ca-a11y.pdf,r76-ca-a11y.pdf,Original PDFs/r/r76-ca-a11y.pdf
r,R76-1(CA) (PDF),https://dot.ca.gov/-/media/dot-media/programs/safety-programs/documents/signs/r/r76-1-ca-a11y.pdf,r76-1-ca-a11y.pdf,Original PDFs/r/r76-1-ca-a11y.pdf
r,R77(CA) (PDF),https://dot.ca.gov/-/media/dot-media/programs/safety-programs/documents/signs/r/r77-ca-a11y.pdf,r77-ca-a11y.pdf,Original PDFs/r/r77-ca-a11y.pdf
r,R78(CA) (PDF),https://dot.ca.gov/-/media/dot-media/programs/safety-programs/documents/signs/r/r78-ca-a11y.pdf,r78-ca-a11y.pdf,Original PDFs/r/r78-ca-a11y.pdf
r,R79(CA) (PDF),https://dot.ca.gov/-/media/dot-media/programs/safety-programs/documents/signs/r/r79-ca-a11y.pdf,r79-ca-a11y.pdf,Original PDFs/r/r79-ca-a11y.pdf
r,R80-1(CA) (PDF),https://dot.ca.gov/-/media/dot-media/programs/safety-programs/documents/signs/r/r80-1-ca-a11y.pdf,r80-1-ca-a11y.pdf,Original PDFs/r/r80-1-ca-a11y.pdf
r,R82AP(CA) (PDF),https://dot.ca.gov/-/media/dot-media/programs/safety-programs/documents/signs/r/f0019130-r82a-a11y.pdf,f0019130-r82a-a11y.pdf,Original PDFs/r/f0019130-r82a-a11y.pdf
r,R82BP(CA) (PDF),https://dot.ca.gov/-/media/dot-media/programs/safety-programs/documents/signs/r/r82b-a11y.pdf,r82b-a11y.pdf,Original PDFs/r/r82b-a11y.pdf
r,R88(CA) (PDF),https://dot.ca.gov/-/media/dot-media/programs/safety-programs/documents/signs/r/f0019137-r88-a11y.pdf,f0019137-r88-a11y.pdf,Original PDFs/r/f0019137-r88-a11y.pdf
r,R90-1(CA) (PDF),https://dot.ca.gov/-/media/dot-media/programs/safety-programs/documents/signs/r/r90-1-a11y.pdf,r90-1-a11y.pdf,Original PDFs/r/r90-1-a11y.pdf
r,R91-1(CA) (PDF),https://dot.ca.gov/-/media/dot-media/programs/safety-programs/documents/signs/r/r91-1-a11y.pdf,r91-1-a11y.pdf,Original PDFs/r/r91-1-a11y.pdf
r,R91-4(CA) (PDF),https://dot.ca.gov/-/media/dot-media/programs/safety-programs/documents/signs/r/r91-4-a11y.pdf,r91-4-a11y.pdf,Original PDFs/r/r91-4-a11y.pdf
r,R91BP(CA) (PDF),https://dot.ca.gov/-/media/dot-media/programs/safety-programs/documents/signs/r/f0019145-r91b-a11y.pdf,f0019145-r91b-a11y.pdf,Original PDFs/r/f0019145-r91b-a11y.pdf
r,R94 LT(CA) (PDF),https://dot.ca.gov/-/media/dot-media/programs/safety-programs/documents/signs/r/r94-lt-a11y.pdf,r94-lt-a11y.pdf,Original PDFs/r/r94-lt-a11y.pdf
r,R94 RT(CA) (PDF),https://dot.ca.gov/-/media/dot-media/programs/safety-programs/documents/signs/r/r94-rt-a11y.pdf,r94-rt-a11y.pdf,Original PDFs/r/r94-rt-a11y.pdf
r,R99(CA) (PDF),https://dot.ca.gov/-/media/dot-media/programs/safety-programs/documents/signs/r/r99-r99b-a11y.pdf,r99-r99b-a11y.pdf,Original PDFs/r/r99-r99b-a11y.pdf
r,R99B(CA) (PDF),https://dot.ca.gov/-/media/dot-media/programs/safety-programs/documents/signs/r/r99-r99b-a11y.pdf,r99-r99b-a11y.pdf,Original PDFs/r/r99-r99b-a11y.pdf
r,R99C(CA) (PDF),https://dot.ca.gov/-/media/dot-media/programs/safety-programs/documents/signs/r/r99c-a11y.pdf,r99c-a11y.pdf,Original PDFs/r/r99c-a11y.pdf
r,R100A(CA) (PDF),https://dot.ca.gov/-/media/dot-media/programs/safety-programs/documents/signs/r/f0018951-r100a-a11y.pdf,f0018951-r100a-a11y.pdf,Original PDFs/r/f0018951-r100a-a11y.pdf
r,R100B(CA) (PDF),https://dot.ca.gov/-/media/dot-media/programs/safety-programs/documents/signs/r/f0018952-r100b-a11y.pdf,f0018952-r100b-a11y.pdf,Original PDFs/r/f0018952-r100b-a11y.pdf
r,R101(CA) (PDF),https://dot.ca.gov/-/media/dot-media/programs/safety-programs/documents/signs/r/f0018953-r101-a11y.pdf,f0018953-r101-a11y.pdf,Original PDFs/r/f0018953-r101-a11y.pdf
r,R102AP(CA) (PDF),https://dot.ca.gov/-/media/dot-media/programs/safety-programs/documents/signs/r/f0018955-r102a-a11y.pdf,f0018955-r102a-a11y.pdf,Original PDFs/r/f0018955-r102a-a11y.pdf
r,R103AP(CA) (PDF),https://dot.ca.gov/-/media/dot-media/programs/safety-programs/documents/signs/r/f0018957-r103a-a11y.pdf,f0018957-r103a-a11y.pdf,Original PDFs/r/f0018957-r103a-a11y.pdf
r,R104AP(CA) (PDF),https://dot.ca.gov/-/media/dot-media/programs/safety-programs/documents/signs/r/f0018959-r104a-a11y.pdf,f0018959-r104a-a11y.pdf,Original PDFs/r/f0018959-r104a-a11y.pdf
r,R105AP(CA) (PDF),https://dot.ca.gov/-/media/dot-media/programs/safety-programs/documents/signs/r/f0018961-r105a-a11y.pdf,f0018961-r105a-a11y.pdf,Original PDFs/r/f0018961-r105a-a11y.pdf
r,R107(CA) (PDF),https://dot.ca.gov/-/media/dot-media/programs/safety-programs/documents/signs/r/r107-a11y.pdf,r107-a11y.pdf,Original PDFs/r/r107-a11y.pdf
r,R107 GRID(CA) (PDF),https://dot.ca.gov/-/media/dot-media/programs/safety-programs/documents/signs/r/r107grid-a11y.pdf,r107grid-a11y.pdf,Original PDFs/r/r107grid-a11y.pdf
r,R108(CA) (PDF),https://dot.ca.gov/-/media/dot-media/programs/safety-programs/documents/signs/r/r108-a11y.pdf,r108-a11y.pdf,Original PDFs/r/r108-a11y.pdf
r,R109P(CA) (PDF),https://dot.ca.gov/-/media/dot-media/programs/safety-programs/documents/signs/r/r109-a11y.pdf,r109-a11y.pdf,Original PDFs/r/r109-a11y.pdf
r,R111(CA) (PDF),https://dot.ca.gov/-/media/dot-media/programs/safety-programs/documents/signs/r/r111-a11y.pdf,r111-a11y.pdf,Original PDFs/r/r111-a11y.pdf
r,R112(CA) (PDF),https://dot.ca.gov/-/media/dot-media/programs/safety-programs/documents/signs/r/r112-a11y.pdf,r112-a11y.pdf,Original PDFs/r/r112-a11y.pdf
r,R113(CA) (PDF),https://dot.ca.gov/-/media/dot-media/programs/safety-programs/documents/signs/r/r113-a11y.pdf,r113-a11y.pdf,Original PDFs/r/r113-a11y.pdf
r,R113A(CA) (PDF),https://dot.ca.gov/-/media/dot-media/programs/safety-programs/documents/signs/r/r113a-a11y.pdf,r113a-a11y.pdf,Original PDFs/r/r113a-a11y.pdf
r,R114(CA) (PDF),https://dot.ca.gov/-/media/dot-media/programs/safety-programs/documents/signs/r/r114-a11y.pdf,r114-a11y.pdf,Original PDFs/r/r114-a11y.pdf
r,R114A(CA) (PDF),https://dot.ca.gov/-/media/dot-media/programs/safety-programs/documents/signs/r/r114a-a11y.pdf,r114a-a11y.pdf,Original PDFs/r/r114a-a11y.pdf
r,R115(CA) (PDF),https://dot.ca.gov/-/media/dot-media/programs/safety-programs/documents/signs/r/r115-a11y.pdf,r115-a11y.pdf,Original PDFs/r/r115-a11y.pdf
r,R116(CA) (PDF),https://dot.ca.gov/-/media/dot-media/programs/safety-programs/documents/signs/r/f0018975-r116-a11y.pdf,f0018975-r116-a11y.pdf,Original PDFs/r/f0018975-r116-a11y.pdf
r,R119(CA) (PDF),https://dot.ca.gov/-/media/dot-media/programs/safety-programs/documents/signs/r/r119-ca2-a11y.pdf,r119-ca2-a11y.pdf,Original PDFs/r/r119-ca2-a11y.pdf
sr,SR2(CA) (PDF),https://dot.ca.gov/-/media/dot-media/programs/safety-programs/documents/signs/sr/f0019385-sr2-a11y.pdf,f0019385-sr2-a11y.pdf,Original PDFs/sr/f0019385-sr2-a11y.pdf
sr,SR4-1(CA) (PDF),https://dot.ca.gov/-/media/dot-media/programs/safety-programs/documents/signs/sr/f0019396-sr4-1-a11y.pdf,f0019396-sr4-1-a11y.pdf,Original PDFs/sr/f0019396-sr4-1-a11y.pdf
sr,SR6-1(CA) (PDF),https://dot.ca.gov/-/media/dot-media/programs/safety-programs/documents/signs/sr/f0019422-sr6-1-a11y.pdf,f0019422-sr6-1-a11y.pdf,Original PDFs/sr/f0019422-sr6-1-a11y.pdf
sr,SR7-1(CA) (PDF),https://dot.ca.gov/-/media/dot-media/programs/safety-programs/documents/signs/sr/f0019426-sr7-1-a11y.pdf,f0019426-sr7-1-a11y.pdf,Original PDFs/sr/f0019426-sr7-1-a11y.pdf
sr,SR8-1(CA) (PDF),https://dot.ca.gov/-/media/dot-media/programs/safety-programs/documents/signs/sr/f0019427-sr8-1-a11y.pdf,f0019427-sr8-1-a11y.pdf,Original PDFs/sr/f0019427-sr8-1-a11y.pdf
sr,SR9-1(CA) (PDF),https://dot.ca.gov/-/media/dot-media/programs/safety-programs/documents/signs/sr/f0019428-sr9-1-a11y.pdf,f0019428-sr9-1-a11y.pdf,Original PDFs/sr/f0019428-sr9-1-a11y.pdf
sr,SR10-1(CA) (PDF),https://dot.ca.gov/-/media/dot-media/programs/safety-programs/documents/signs/sr/f0019376-sr10-1-a11y.pdf,f0019376-sr10-1-a11y.pdf,Original PDFs/sr/f0019376-sr10-1-a11y.pdf
sr,SR11-1(CA) (PDF),https://dot.ca.gov/-/media/dot-media/programs/safety-programs/documents/signs/sr/f0019377-sr11-1-a11y.pdf,f0019377-sr11-1-a11y.pdf,Original PDFs/sr/f0019377-sr11-1-a11y.pdf
sr,SR12-1(CA) (PDF),https://dot.ca.gov/-/media/dot-media/programs/safety-programs/documents/signs/sr/f0019378-sr12-1-a11y.pdf,f0019378-sr12-1-a11y.pdf,Original PDFs/sr/f0019378-sr12-1-a11y.pdf
sr,SR13-1P(CA) (PDF),https://dot.ca.gov/-/media/dot-media/programs/safety-programs/documents/signs/sr/f0019379-sr13-1-a11y.pdf,f0019379-sr13-1-a11y.pdf,Original PDFs/sr/f0019379-sr13-1-a11y.pdf
sr,SR15(CA) (PDF),https://dot.ca.gov/-/media/dot-media/programs/safety-programs/documents/signs/sr/f0019380-sr15-a11y.pdf,f0019380-sr15-a11y.pdf,Original PDFs/sr/f0019380-sr15-a11y.pdf
sr,SR15AP(CA) (PDF),https://dot.ca.gov/-/media/dot-media/programs/safety-programs/documents/signs/sr/f0019381-sr15a-a11y.pdf,f0019381-sr15a-a11y.pdf,Original PDFs/sr/f0019381-sr15a-a11y.pdf
sr,SR17(CA) (PDF),https://dot.ca.gov/-/media/dot-media/programs/safety-programs/documents/signs/sr/f0019382-sr17-a11y.pdf,f0019382-sr17-a11y.pdf,Original PDFs/sr/f0019382-sr17-a11y.pdf
sr,SR18(CA) (PDF),https://dot.ca.gov/-/media/dot-media/programs/safety-programs/documents/signs/sr/f0019383-sr18-a11y.pdf,f0019383-sr18-a11y.pdf,Original PDFs/sr/f0019383-sr18-a11y.pdf
sr,SR19-1(CA) (PDF),https://dot.ca.gov/-/media/dot-media/programs/safety-programs/documents/signs/sr/f0019384-sr19-1-a11y.pdf,f0019384-sr19-1-a11y.pdf,Original PDFs/sr/f0019384-sr19-1-a11y.pdf
sr,SR20-1(CA) (PDF),https://dot.ca.gov/-/media/dot-media/programs/safety-programs/documents/signs/sr/f0019386-sr20-1-a11y.pdf,f0019386-sr20-1-a11y.pdf,Original PDFs/sr/f0019386-sr20-1-a11y.pdf
sr,SR22-1(CA) (PDF),https://dot.ca.gov/-/media/dot-media/programs/safety-programs/documents/signs/sr/f0019387-sr22-1-a11y.pdf,f0019387-sr22-1-a11y.pdf,Original PDFs/sr/f0019387-sr22-1-a11y.pdf
sr,SR23-1(CA) (PDF),https://dot.ca.gov/-/media/dot-media/programs/safety-programs/documents/signs/sr/f0019388-sr23-1-a11y.pdf,f0019388-sr23-1-a11y.pdf,Original PDFs/sr/f0019388-sr23-1-a11y.pdf
sr,SR25(CA) (PDF),https://dot.ca.gov/-/media/dot-media/programs/safety-programs/documents/signs/sr/f0019389-sr25-a11y.pdf,f0019389-sr25-a11y.pdf,Original PDFs/sr/f0019389-sr25-a11y.pdf
sr,SR26(CA) (PDF),https://dot.ca.gov/-/media/dot-media/programs/safety-programs/documents/signs/sr/f0019390-sr26-a11y.pdf,f0019390-sr26-a11y.pdf,Original PDFs/sr/f0019390-sr26-a11y.pdf
sr,SR39A(U)(CA) (PDF),https://dot.ca.gov/-/media/dot-media/programs/safety-programs/documents/signs/sr/f0019392-sr39a-u-a11y.pdf,f0019392-sr39a-u-a11y.pdf,Original PDFs/sr/f0019392-sr39a-u-a11y.pdf
sr,SR40(CA) (PDF),https://dot.ca.gov/-/media/dot-media/programs/safety-programs/documents/signs/sr/f0019394-sr40-a11y.pdf,f0019394-sr40-a11y.pdf,Original PDFs/sr/f0019394-sr40-a11y.pdf
sr,SR41(CA) (PDF),https://dot.ca.gov/-/media/dot-media/programs/safety-programs/documents/signs/sr/f0019392-sr39a-u-a11y.pdf,f0019392-sr39a-u-a11y.pdf,Original PDFs/sr/f0019392-sr39a-u-a11y.pdf
sr,SR42(CA) (PDF),https://dot.ca.gov/-/media/dot-media/programs/safety-programs/documents/signs/sr/f0019397-sr42-a11y.pdf,f0019397-sr42-a11y.pdf,Original PDFs/sr/f0019397-sr42-a11y.pdf
sr,SR43(CA) (PDF),https://dot.ca.gov/-/media/dot-media/programs/safety-programs/documents/signs/sr/f0019398-sr43-a11y.pdf,f0019398-sr43-a11y.pdf,Original PDFs/sr/f0019398-sr43-a11y.pdf
sr,SR44(CA) (PDF),https://dot.ca.gov/-/media/dot-media/programs/safety-programs/documents/signs/sr/f0019399-sr44-a11y.pdf,f0019399-sr44-a11y.pdf,Original PDFs/sr/f0019399-sr44-a11y.pdf
sr,SR46(CA) (PDF),https://dot.ca.gov/-/media/dot-media/programs/safety-programs/documents/signs/sr/f0019400-sr46-a11y.pdf,f0019400-sr46-a11y.pdf,Original PDFs/sr/f0019400-sr46-a11y.pdf
sr,SR47(CA) (PDF),https://dot.ca.gov/-/media/dot-media/programs/safety-programs/documents/signs/sr/f0019401-sr47-a11y.pdf,f0019401-sr47-a11y.pdf,Original PDFs/sr/f0019401-sr47-a11y.pdf
sr,SR48(CA) (PDF),https://dot.ca.gov/-/media/dot-media/programs/safety-programs/documents/signs/sr/f0019402-sr48-a11y.pdf,f0019402-sr48-a11y.pdf,Original PDFs/sr/f0019402-sr48-a11y.pdf
sr,SR49(CA) (PDF),https://dot.ca.gov/-/media/dot-media/programs/safety-programs/documents/signs/sr/f0019403-sr49-a11y.pdf,f0019403-sr49-a11y.pdf,Original PDFs/sr/f0019403-sr49-a11y.pdf
sr,SR50-1(CA) (PDF),https://dot.ca.gov/-/media/dot-media/programs/safety-programs/documents/signs/sr/f0019404-sr50-1-a11y.pdf,f0019404-sr50-1-a11y.pdf,Original PDFs/sr/f0019404-sr50-1-a11y.pdf
sr,SR50-2(CA) (PDF),https://dot.ca.gov/-/media/dot-media/programs/safety-programs/documents/signs/sr/f0019405-sr50-2-a11y.pdf,f0019405-sr50-2-a11y.pdf,Original PDFs/sr/f0019405-sr50-2-a11y.pdf
sr,SR53(CA) (PDF),https://dot.ca.gov/-/media/dot-media/programs/safety-programs/documents/signs/sr/f0019406-sr53-a11y.pdf,f0019406-sr53-a11y.pdf,Original PDFs/sr/f0019406-sr53-a11y.pdf
sr,SR54(CA) (PDF),https://dot.ca.gov/-/media/dot-media/programs/safety-programs/documents/signs/sr/f0019407-sr54-a11y.pdf,f0019407-sr54-a11y.pdf,Original PDFs/sr/f0019407-sr54-a11y.pdf
sr,SR55(CA) (PDF),https://dot.ca.gov/-/media/dot-media/programs/safety-programs/documents/signs/sr/f0019408-sr55-a11y.pdf,f0019408-sr55-a11y.pdf,Original PDFs/sr/f0019408-sr55-a11y.pdf
sr,SR58(CA) (PDF),https://dot.ca.gov/-/media/dot-media/programs/safety-programs/documents/signs/sr/f0019411-sr58-a11y.pdf,f0019411-sr58-a11y.pdf,Original PDFs/sr/f0019411-sr58-a11y.pdf
sr,SR60-1(CA) (PDF),https://dot.ca.gov/-/media/dot-media/programs/safety-programs/documents/signs/sr/f0019412-sr60-1-a11y.pdf,f0019412-sr60-1-a11y.pdf,Original PDFs/sr/f0019412-sr60-1-a11y.pdf
sr,SR60-2(CA) (PDF),https://dot.ca.gov/-/media/dot-media/programs/safety-programs/documents/signs/sr/f0019413-sr60-2-a11y.pdf,f0019413-sr60-2-a11y.pdf,Original PDFs/sr/f0019413-sr60-2-a11y.pdf
sr,SR60-4(CA) (PDF),https://dot.ca.gov/-/media/dot-media/programs/safety-programs/documents/signs/sr/f0019415-sr60-4-a11y.pdf,f0019415-sr60-4-a11y.pdf,Original PDFs/sr/f0019415-sr60-4-a11y.pdf
sr,SR60-6(CA) (PDF),https://dot.ca.gov/-/media/dot-media/programs/safety-programs/documents/signs/sr/f0019417-sr60-6-a11y.pdf,f0019417-sr60-6-a11y.pdf,Original PDFs/sr/f0019417-sr60-6-a11y.pdf
sr,SR60-8(CA) (PDF),https://dot.ca.gov/-/media/dot-media/programs/safety-programs/documents/signs/sr/f0019419-sr60-8-a11y.pdf,f0019419-sr60-8-a11y.pdf,Original PDFs/sr/f0019419-sr60-8-a11y.pdf
sr,SR62(CA) (PDF),https://dot.ca.gov/-/media/dot-media/programs/safety-programs/documents/signs/sr/f0019423-sr62-a11y.pdf,f0019423-sr62-a11y.pdf,Original PDFs/sr/f0019423-sr62-a11y.pdf
sr,SR63(CA) (PDF),https://dot.ca.gov/-/media/dot-media/programs/safety-programs/documents/signs/sr/f0019424-sr63-a11y.pdf,f0019424-sr63-a11y.pdf,Original PDFs/sr/f0019424-sr63-a11y.pdf
sr,SR63A(CA) (PDF),https://dot.ca.gov/-/media/dot-media/programs/safety-programs/documents/signs/sr/sr63a-ca-a11y.pdf,sr63a-ca-a11y.pdf,Original PDFs/sr/sr63a-ca-a11y.pdf
sr,SR63 GRID(CA) (PDF),https://dot.ca.gov/-/media/dot-media/programs/safety-programs/documents/signs/sr/f0019425-sr63grid-a11y.pdf,f0019425-sr63grid-a11y.pdf,Original PDFs/sr/f0019425-sr63grid-a11y.pdf
sr,SR64A(CA) (PDF),https://dot.ca.gov/-/media/dot-media/programs/safety-programs/documents/signs/sr/sr64a-ca-a11y.pdf,sr64a-ca-a11y.pdf,Original PDFs/sr/sr64a-ca-a11y.pdf
sr,SR64B(CA) (PDF),https://dot.ca.gov/-/media/dot-media/programs/safety-programs/documents/signs/sr/sr64b-ca-a11y.pdf,sr64b-ca-a11y.pdf,Original PDFs/sr/sr64b-ca-a11y.pdf
c,C2(CA) (PDF),https://dot.ca.gov/-/media/dot-media/programs/safety-programs/documents/signs/c/f0018717-c2-a11y.pdf,f0018717-c2-a11y.pdf,Original PDFs/c/f0018717-c2-a11y.pdf
c,C12(CA) (PDF),https://dot.ca.gov/-/media/dot-media/programs/safety-programs/documents/signs/c/f0018714-c12-a11y.pdf,f0018714-c12-a11y.pdf,Original PDFs/c/f0018714-c12-a11y.pdf
c,C19(CA) (PDF),https://dot.ca.gov/-/media/dot-media/programs/safety-programs/documents/signs/c/f0018716-c19-a11y.pdf,f0018716-c19-a11y.pdf,Original PDFs/c/f0018716-c19-a11y.pdf
c,C20(CA) (PDF),https://dot.ca.gov/-/media/dot-media/programs/safety-programs/documents/signs/c/f0018718-c20-a11y.pdf,f0018718-c20-a11y.pdf,Original PDFs/c/f0018718-c20-a11y.pdf
c,C20A(CA) (PDF),https://dot.ca.gov/-/media/dot-media/programs/safety-programs/documents/signs/c/f0018719-c20a-c20b-a11y.pdf,f0018719-c20a-c20b-a11y.pdf,Original PDFs/c/f0018719-c20a-c20b-a11y.pdf
c,C20B(CA) (PDF),https://dot.ca.gov/-/media/dot-media/programs/safety-programs/documents/signs/c/f0018719-c20a-c20b-a11y.pdf,f0018719-c20a-c20b-a11y.pdf,Original PDFs/c/f0018719-c20a-c20b-a11y.pdf
c,C23(CA) (PDF),https://dot.ca.gov/-/media/dot-media/programs/safety-programs/documents/signs/c/f0018720-c23-a11y.pdf,f0018720-c23-a11y.pdf,Original PDFs/c/f0018720-c23-a11y.pdf
c,C23BP(CA) (PDF),https://dot.ca.gov/-/media/dot-media/programs/safety-programs/documents/signs/c/f0018721-c23b-a11y.pdf,f0018721-c23b-a11y.pdf,Original PDFs/c/f0018721-c23b-a11y.pdf
c,C24(CA) (PDF),https://dot.ca.gov/-/media/dot-media/programs/safety-programs/documents/signs/c/f0018722-c24-a11y.pdf,f0018722-c24-a11y.pdf,Original PDFs/c/f0018722-c24-a11y.pdf
c,C27(CA) (PDF),https://dot.ca.gov/-/media/dot-media/programs/safety-programs/documents/signs/c/f0018724-c27-a11y.pdf,f0018724-c27-a11y.pdf,Original PDFs/c/f0018724-c27-a11y.pdf
c,C28C(CA) (PDF),https://dot.ca.gov/-/media/dot-media/programs/safety-programs/documents/signs/c/f0018725-c28c-ca-a11y.pdf,f0018725-c28c-ca-a11y.pdf,Original PDFs/c/f0018725-c28c-ca-a11y.pdf
c,C30(CA) (PDF),https://dot.ca.gov/-/media/dot-media/programs/safety-programs/documents/signs/c/f0018727-c30-a11y.pdf,f0018727-c30-a11y.pdf,Original PDFs/c/f0018727-c30-a11y.pdf
c,C30A(CA) (PDF),https://dot.ca.gov/-/media/dot-media/programs/safety-programs/documents/signs/c/f0018728-c30a-a11y.pdf,f0018728-c30a-a11y.pdf,Original PDFs/c/f0018728-c30a-a11y.pdf
c,C37(CA) (PDF),https://dot.ca.gov/-/media/dot-media/programs/safety-programs/documents/signs/c/f0018730-c37-a11y.pdf,f0018730-c37-a11y.pdf,Original PDFs/c/f0018730-c37-a11y.pdf
c,C38(CA) (PDF),https://dot.ca.gov/-/media/dot-media/programs/safety-programs/documents/signs/c/f0018731-c38-a11y.pdf,f0018731-c38-a11y.pdf,Original PDFs/c/f0018731-c38-a11y.pdf
c,C40(CA) (PDF),https://dot.ca.gov/-/media/dot-media/programs/safety-programs/documents/signs/c/f0018732-c40-a11y.pdf,f0018732-c40-a11y.pdf,Original PDFs/c/f0018732-c40-a11y.pdf
c,C40A(CA) (PDF),https://dot.ca.gov/-/media/dot-media/programs/safety-programs/documents/signs/c/f0018733-c40a-a11y.pdf,f0018733-c40a-a11y.pdf,Original PDFs/c/f0018733-c40a-a11y.pdf
c,C43(CA) (PDF),https://dot.ca.gov/-/media/dot-media/programs/safety-programs/documents/signs/c/f0018734-c43-a11y.pdf,f0018734-c43-a11y.pdf,Original PDFs/c/f0018734-c43-a11y.pdf
c,C44(CA) (PDF),https://dot.ca.gov/-/media/dot-media/programs/safety-programs/documents/signs/c/f0018735-c44-a11y.pdf,f0018735-c44-a11y.pdf,Original PDFs/c/f0018735-c44-a11y.pdf
c,C45(CA) (PDF),https://dot.ca.gov/-/media/dot-media/programs/safety-programs/documents/signs/c/f0018736-c45-a11y.pdf,f0018736-c45-a11y.pdf,Original PDFs/c/f0018736-c45-a11y.pdf
c,C46(CA) (PDF),https://dot.ca.gov/-/media/dot-media/programs/safety-programs/documents/signs/c/f0018737-c46-a11y.pdf,f0018737-c46-a11y.pdf,Original PDFs/c/f0018737-c46-a11y.pdf
c,C46P(CA) (PDF),https://dot.ca.gov/-/media/dot-media/programs/safety-programs/documents/signs/c/f0018738-c46p-a11y.pdf,f0018738-c46p-a11y.pdf,Original PDFs/c/f0018738-c46p-a11y.pdf
cfi,C48B(CA),https://dot.ca.gov/-/media/dot-media/programs/safety-programs/documents/signs/cfi/202506-c48b-ca-specification-a11y.pdf,202506-c48b-ca-specification-a11y.pdf,Original PDFs/cfi/202506-c48b-ca-specification-a11y.pdf
cfi,C49D(CA),https://dot.ca.gov/-/media/dot-media/programs/safety-programs/documents/signs/cfi/202506-c49d-ca-specification-a11y.pdf,202506-c49d-ca-specification-a11y.pdf,Original PDFs/cfi/202506-c49d-ca-specification-a11y.pdf
cfi,C50C(CA),https://dot.ca.gov/-/media/dot-media/programs/safety-programs/documents/signs/cfi/202506-c50c-ca-specification-a11y.pdf,202506-c50c-ca-specification-a11y.pdf,Original PDFs/cfi/202506-c50c-ca-specification-a11y.pdf
cfi,C50D(CA),https://dot.ca.gov/-/media/dot-media/programs/safety-programs/documents/signs/cfi/202506-c50d-ca-specification-a11y.pdf,202506-c50d-ca-specification-a11y.pdf,Original PDFs/cfi/202506-c50d-ca-specification-a11y.pdf
c,C51(CA),https://dot.ca.gov/-/media/dot-media/programs/safety-programs/documents/signs/c/c51-ca-a11y.pdf,c51-ca-a11y.pdf,Original PDFs/c/c51-ca-a11y.pdf
sc,SC3(CA) (PDF),https://dot.ca.gov/-/media/dot-media/programs/safety-programs/documents/signs/sc/f0019306-sc3-a11y.pdf,f0019306-sc3-a11y.pdf,Original PDFs/sc/f0019306-sc3-a11y.pdf
sc,SC5(CA) (PDF),https://dot.ca.gov/-/media/dot-media/programs/safety-programs/documents/signs/sc/f0019307-sc5-a11y.pdf,f0019307-sc5-a11y.pdf,Original PDFs/sc/f0019307-sc5-a11y.pdf
sc,SC7(CA) (PDF),https://dot.ca.gov/-/media/dot-media/programs/safety-programs/documents/signs/sc/f0019312-sc7-a11y.pdf,f0019312-sc7-a11y.pdf,Original PDFs/sc/f0019312-sc7-a11y.pdf
sc,SC8(CA) (PDF),https://dot.ca.gov/-/media/dot-media/programs/safety-programs/documents/signs/sc/f0019313-sc8-a11y.pdf,f0019313-sc8-a11y.pdf,Original PDFs/sc/f0019313-sc8-a11y.pdf
sc,SC9(CA) (PDF),https://dot.ca.gov/-/media/dot-media/programs/safety-programs/documents/signs/sc/f0019314-sc9-a11y.pdf,f0019314-sc9-a11y.pdf,Original PDFs/sc/f0019314-sc9-a11y.pdf
sc,SC10(CA) (PDF),https://dot.ca.gov/-/media/dot-media/programs/safety-programs/documents/signs/sc/f0019297-sc10-a11y.pdf,f0019297-sc10-a11y.pdf,Original PDFs/sc/f0019297-sc10-a11y.pdf
sc,SC11(CA) (PDF),https://dot.ca.gov/-/media/dot-media/programs/safety-programs/documents/signs/sc/f0019298-sc11-a11y.pdf,f0019298-sc11-a11y.pdf,Original PDFs/sc/f0019298-sc11-a11y.pdf
sc,SC13(CA) (PDF),https://dot.ca.gov/-/media/dot-media/programs/safety-programs/documents/signs/sc/f0019300-sc13-a11y.pdf,f0019300-sc13-a11y.pdf,Original PDFs/sc/f0019300-sc13-a11y.pdf
sc,SC15(CA) (PDF),https://dot.ca.gov/-/media/dot-media/programs/safety-programs/documents/signs/sc/f0019301-sc15-a11y.pdf,f0019301-sc15-a11y.pdf,Original PDFs/sc/f0019301-sc15-a11y.pdf
sc,SC18(CA) (PDF),https://dot.ca.gov/-/media/dot-media/programs/safety-programs/documents/signs/sc/f0019302-sc18-a11y.pdf,f0019302-sc18-a11y.pdf,Original PDFs/sc/f0019302-sc18-a11y.pdf
sc,SC19(CA) (PDF),https://dot.ca.gov/-/media/dot-media/programs/safety-programs/documents/signs/sc/f0019303-sc19-a11y.pdf,f0019303-sc19-a11y.pdf,Original PDFs/sc/f0019303-sc19-a11y.pdf
sc,SC20(CA) (PDF),https://dot.ca.gov/-/media/dot-media/programs/safety-programs/documents/signs/sc/f0019304-sc20-a11y.pdf,f0019304-sc20-a11y.pdf,Original PDFs/sc/f0019304-sc20-a11y.pdf
sc,SC21(CA) (PDF),https://dot.ca.gov/-/media/dot-media/programs/safety-programs/documents/signs/sc/f0019305-sc21-a11y.pdf,f0019305-sc21-a11y.pdf,Original PDFs/sc/f0019305-sc21-a11y.pdf
w,W11-1(CA) (PDF),https://dot.ca.gov/-/media/dot-media/programs/safety-programs/documents/signs/w/f0019464-w11-1-a11y.pdf,f0019464-w11-1-a11y.pdf,Original PDFs/w/f0019464-w11-1-a11y.pdf
w,W11-23(CA) (PDF),https://dot.ca.gov/-/media/dot-media/programs/safety-programs/documents/signs/w/w11-23-ca-a11y.pdf,w11-23-ca-a11y.pdf,Original PDFs/w/w11-23-ca-a11y.pdf
markers,W20(CA) (PDF),https://dot.ca.gov/-/media/dot-media/programs/safety-programs/documents/signs/markers/f0019462-type-r-marker-a11y.pdf,f0019462-type-r-marker-a11y.pdf,Original PDFs/markers/f0019462-type-r-marker-a11y.pdf
w,W20A(CA) (PDF),https://dot.ca.gov/-/media/dot-media/programs/safety-programs/documents/signs/w/f0019466-w20a-a11y.pdf,f0019466-w20a-a11y.pdf,Original PDFs/w/f0019466-w20a-a11y.pdf
w,W20-8(PDF),https://dot.ca.gov/-/media/dot-media/programs/safety-programs/documents/signs/w/w20-8-a11y.pdf,w20-8-a11y.pdf,Original PDFs/w/w20-8-a11y.pdf
w,W30B(CA) (PDF),https://dot.ca.gov/-/media/dot-media/programs/safety-programs/documents/signs/w/f0019472-w30b-a11y.pdf,f0019472-w30b-a11y.pdf,Original PDFs/w/f0019472-w30b-a11y.pdf
w,W30CP(CA) (PDF),https://dot.ca.gov/-/media/dot-media/programs/safety-programs/documents/signs/w/f0019473-w30c-a11y.pdf,f0019473-w30c-a11y.pdf,Original PDFs/w/f0019473-w30c-a11y.pdf
w,W31(CA) (PDF),https://dot.ca.gov/-/media/dot-media/programs/safety-programs/documents/signs/w/f0019474-w31-a11y.pdf,f0019474-w31-a11y.pdf,Original PDFs/w/f0019474-w31-a11y.pdf
w,W34C(CA) (PDF),https://dot.ca.gov/-/media/dot-media/programs/safety-programs/documents/signs/w/f0019477-w34c-a11y.pdf,f0019477-w34c-a11y.pdf,Original PDFs/w/f0019477-w34c-a11y.pdf
w,W38(CA) (PDF),https://dot.ca.gov/-/media/dot-media/programs/safety-programs/documents/signs/w/f0019478-w38-a11y.pdf,f0019478-w38-a11y.pdf,Original PDFs/w/f0019478-w38-a11y.pdf
w,W44AP(CA) (PDF),https://dot.ca.gov/-/media/dot-media/programs/safety-programs/documents/signs/w/f0019485-w44a-a11y.pdf,f0019485-w44a-a11y.pdf,Original PDFs/w/f0019485-w44a-a11y.pdf
w,W46AP(CA) (PDF),https://dot.ca.gov/-/media/dot-media/programs/safety-programs/documents/signs/w/f0019487-w46a-a11y.pdf,f0019487-w46a-a11y.pdf,Original PDFs/w/f0019487-w46a-a11y.pdf
w,W48P(CA) (PDF),https://dot.ca.gov/-/media/dot-media/programs/safety-programs/documents/signs/w/w48-ca-a11y.pdf,w48-ca-a11y.pdf,Original PDFs/w/w48-ca-a11y.pdf
w,W51(CA) (PDF),https://dot.ca.gov/-/media/dot-media/programs/safety-programs/documents/signs/w/f0019492-w51-a11y.pdf,f0019492-w51-a11y.pdf,Original PDFs/w/f0019492-w51-a11y.pdf
w,W55(CA) (PDF),https://dot.ca.gov/-/media/dot-media/programs/safety-programs/documents/signs/w/f0019493-w55-a11y.pdf,f0019493-w55-a11y.pdf,Original PDFs/w/f0019493-w55-a11y.pdf
w,W59-1(CA) (PDF),https://dot.ca.gov/-/media/dot-media/programs/safety-programs/documents/signs/w/f0019494-w59-1-a11y.pdf,f0019494-w59-1-a11y.pdf,Original PDFs/w/f0019494-w59-1-a11y.pdf
w,W70(CA) (PDF),https://dot.ca.gov/-/media/dot-media/programs/safety-programs/documents/signs/w/f0019497-w70-a11y.pdf,f0019497-w70-a11y.pdf,Original PDFs/w/f0019497-w70-a11y.pdf
w,W72B(CA) (PDF),https://dot.ca.gov/-/media/dot-media/programs/safety-programs/documents/signs/w/f0019499-w72b-a11y.pdf,f0019499-w72b-a11y.pdf,Original PDFs/w/f0019499-w72b-a11y.pdf
w,W73(CA) (PDF),https://dot.ca.gov/-/media/dot-media/programs/safety-programs/documents/signs/w/f0019500-w73-a11y.pdf,f0019500-w73-a11y.pdf,Original PDFs/w/f0019500-w73-a11y.pdf
w,W73A(CA) (PDF),https://dot.ca.gov/-/media/dot-media/programs/safety-programs/documents/signs/w/f0019501-w73a-a11y.pdf,f0019501-w73a-a11y.pdf,Original PDFs/w/f0019501-w73a-a11y.pdf
w,W74(CA) (PDF),https://dot.ca.gov/-/media/dot-media/programs/safety-programs/documents/signs/w/f0019502-w74-a11y.pdf,f0019502-w74-a11y.pdf,Original PDFs/w/f0019502-w74-a11y.pdf
w,W74-1(CA) (PDF),https://dot.ca.gov/-/media/dot-media/programs/safety-programs/documents/signs/w/w74-1-ca-a11y.pdf,w74-1-ca-a11y.pdf,Original PDFs/w/w74-1-ca-a11y.pdf
w,W83P(CA) (PDF),https://dot.ca.gov/-/media/dot-media/programs/safety-programs/documents/signs/w/f0019507-w83-a11y.pdf,f0019507-w83-a11y.pdf,Original PDFs/w/f0019507-w83-a11y.pdf
w,W84(CA) (PDF),https://dot.ca.gov/-/media/dot-media/programs/safety-programs/documents/signs/w/f0019508-w84-a11y.pdf,f0019508-w84-a11y.pdf,Original PDFs/w/f0019508-w84-a11y.pdf
w,W85(CA) (PDF),https://dot.ca.gov/-/media/dot-media/programs/safety-programs/documents/signs/w/f0019509-w85-a11y.pdf,f0019509-w85-a11y.pdf,Original PDFs/w/f0019509-w85-a11y.pdf
w,W86(CA) (PDF),https://dot.ca.gov/-/media/dot-media/programs/safety-programs/documents/signs/w/f0019510-w86-a11y.pdf,f0019510-w86-a11y.pdf,Original PDFs/w/f0019510-w86-a11y.pdf
w,W88-2(CA) (PDF),https://dot.ca.gov/-/media/dot-media/programs/safety-programs/documents/signs/w/f0019512-w88-2-ca-a11y.pdf,f0019512-w88-2-ca-a11y.pdf,Original PDFs/w/f0019512-w88-2-ca-a11y.pdf
w,W88-3(CA) (PDF),https://dot.ca.gov/-/media/dot-media/programs/safety-programs/documents/signs/w/f0019513-w88-3-ca-a11y.pdf,f0019513-w88-3-ca-a11y.pdf,Original PDFs/w/f0019513-w88-3-ca-a11y.pdf
w,W89(CA) (PDF),https://dot.ca.gov/-/media/dot-media/programs/safety-programs/documents/signs/w/f0019514-w89-ca-a11y.pdf,f0019514-w89-ca-a11y.pdf,Original PDFs/w/f0019514-w89-ca-a11y.pdf
w,W90(CA) (PDF),https://dot.ca.gov/-/media/dot-media/programs/safety-programs/documents/signs/w/f0019515-w90-ca-a11y.pdf,f0019515-w90-ca-a11y.pdf,Original PDFs/w/f0019515-w90-ca-a11y.pdf
sw,SW4-1(CA) (PDF),https://dot.ca.gov/-/media/dot-media/programs/safety-programs/documents/signs/sw/f0019443-sw4-1-a11y.pdf,f0019443-sw4-1-a11y.pdf,Original PDFs/sw/f0019443-sw4-1-a11y.pdf
sw,SW24-1(CA) (PDF),https://dot.ca.gov/-/media/dot-media/programs/safety-programs/documents/signs/sw/f0019433-sw24-1-a11y.pdf,f0019433-sw24-1-a11y.pdf,Original PDFs/sw/f0019433-sw24-1-a11y.pdf
sw,SW24-2(CA) (PDF),https://dot.ca.gov/-/media/dot-media/programs/safety-programs/documents/signs/sw/f0019434-sw24-2-a11y.pdf,f0019434-sw24-2-a11y.pdf,Original PDFs/sw/f0019434-sw24-2-a11y.pdf
sw,SW24-3(CA) (PDF),https://dot.ca.gov/-/media/dot-media/programs/safety-programs/documents/signs/sw/f0019435-sw24-3-a11y.pdf,f0019435-sw24-3-a11y.pdf,Original PDFs/sw/f0019435-sw24-3-a11y.pdf
sw,SW32(CA) (PDF),https://dot.ca.gov/-/media/dot-media/programs/safety-programs/documents/signs/sw/f0019437-sw32-a11y.pdf,f0019437-sw32-a11y.pdf,Original PDFs/sw/f0019437-sw32-a11y.pdf
sw,SW35(CA) (PDF),https://dot.ca.gov/-/media/dot-media/programs/safety-programs/documents/signs/sw/f0019438-sw35-a11y.pdf,f0019438-sw35-a11y.pdf,Original PDFs/sw/f0019438-sw35-a11y.pdf
sw,SW37(CA) (PDF),https://dot.ca.gov/-/media/dot-media/programs/safety-programs/documents/signs/sw/f0019440-sw37-a11y.pdf,f0019440-sw37-a11y.pdf,Original PDFs/sw/f0019440-sw37-a11y.pdf
sw,SW38(CA) (PDF),https://dot.ca.gov/-/media/dot-media/programs/safety-programs/documents/signs/sw/f0019441-sw38-a11y.pdf,f0019441-sw38-a11y.pdf,Original PDFs/sw/f0019441-sw38-a11y.pdf
sw,SW41(CA) (PDF),https://dot.ca.gov/-/media/dot-media/programs/safety-programs/documents/signs/sw/f0019442-sw41-a11y.pdf,f0019442-sw41-a11y.pdf,Original PDFs/sw/f0019442-sw41-a11y.pdf
sw,SW48(CA) (PDF),https://dot.ca.gov/-/media/dot-media/programs/safety-programs/documents/signs/sw/f0019447-sw48-a11y.pdf,f0019447-sw48-a11y.pdf,Original PDFs/sw/f0019447-sw48-a11y.pdf
sw,SW48-1P(CA) (PDF),https://dot.ca.gov/-/media/dot-media/programs/safety-programs/documents/signs/sw/f0019448-sw48-1-a11y.pdf,f0019448-sw48-1-a11y.pdf,Original PDFs/sw/f0019448-sw48-1-a11y.pdf
sw,SW49P(CA) (PDF),https://dot.ca.gov/-/media/dot-media/programs/safety-programs/documents/signs/sw/f0019449-sw49-a11y.pdf,f0019449-sw49-a11y.pdf,Original PDFs/sw/f0019449-sw49-a11y.pdf
sw,SW58(CA) (PDF),https://dot.ca.gov/-/media/dot-media/programs/safety-programs/documents/signs/sw/f0019455-sw58-a11y.pdf,f0019455-sw58-a11y.pdf,Original PDFs/sw/f0019455-sw58-a11y.pdf
sw,SW100(CA) (PDF),https://dot.ca.gov/-/media/dot-media/programs/safety-programs/documents/signs/sw/f0019429-sw100-a11y.pdf,f0019429-sw100-a11y.pdf,Original PDFs/sw/f0019429-sw100-a11y.pdf
f0018704-2010crossref-reg-ca.pdf,Regulatory (PDF) (Sorted by California Code) - CA MUTCD 2010 Table 2B-101 (CA)),https://dot.ca.gov/-/media/dot-media/programs/safety-programs/documents/signs/f0018704-2010crossref-reg-ca.pdf,f0018704-2010crossref-reg-ca.pdf,Original PDFs/other/f0018704-2010crossref-reg-ca.pdf
f0018705-2010crossref-reg-mutcd-a11y.pdf,Regulatory (PDF) (Sorted by MUTCD Code) - CA MUTCD 2010 Table 2B-102 (CA)),https://dot.ca.gov/-/media/dot-media/programs/safety-programs/documents/signs/f0018705-2010crossref-reg-mutcd-a11y.pdf,f0018705-2010crossref-reg-mutcd-a11y.pdf,Original PDFs/other/f0018705-2010crossref-reg-mutcd-a11y.pdf
f0018707-2010crossref-warn-ca-a11y.pdf,Warning (PDF) (Sorted by California Code) - CA MUTCD 2010 Table 2C-101 (CA)),https://dot.ca.gov/-/media/dot-media/programs/safety-programs/documents/signs/f0018707-2010crossref-warn-ca-a11y.pdf,f0018707-2010crossref-warn-ca-a11y.pdf,Original PDFs/other/f0018707-2010crossref-warn-ca-a11y.pdf
f0018708-2010crossref-warn-mutcd-a11y.pdf,Warning (PDF) (Sorted by MUTCD Code) - CA MUTCD 2010 Table 2C-102 (CA)),https://dot.ca.gov/-/media/dot-media/programs/safety-programs/documents/signs/f0018708-2010crossref-warn-mutcd-a11y.pdf,f0018708-2010crossref-warn-mutcd-a11y.pdf,Original PDFs/other/f0018708-2010crossref-warn-mutcd-a11y.pdf
f0018702-2010crossref-guide-ca.pdf,Guide (PDF) (Sorted by California Code) - CA MUTCD 2010 Table 2D-101 (CA)),https://dot.ca.gov/-/media/dot-media/programs/safety-programs/documents/signs/f0018702-2010crossref-guide-ca.pdf,f0018702-2010crossref-guide-ca.pdf,Original PDFs/other/f0018702-2010crossref-guide-ca.pdf
f0018703-2010crossref-guide-mutcd.pdf,Guide (PDF) (Sorted by MUTCD Code) - CA MUTCD 2010 Table 2D-102 (CA)),https://dot.ca.gov/-/media/dot-media/programs/safety-programs/documents/signs/f0018703-2010crossref-guide-mutcd.pdf,f0018703-2010crossref-guide-mutcd.pdf,Original PDFs/other/f0018703-2010crossref-guide-mutcd.pdf
f0018706-2010crossref-ttc-ca-a11y.pdf,Temporary Traffic Control (TTC) (PDF) (Sorted by California Code) - CA MUTCD 2010 Table 6F-101 (CA)),https://dot.ca.gov/-/media/dot-media/programs/safety-programs/documents/signs/f0018706-2010crossref-ttc-ca-a11y.pdf,f0018706-2010crossref-ttc-ca-a11y.pdf,Original PDFs/other/f0018706-2010crossref-ttc-ca-a11y.pdf
f0018709-2010deleted-compliance-ca-a11y.pdf,CA MUTCD 2010 Figure I-101(CA) & Table I-101(CA) Deleted California Signs with Target Compliance Dates (PDF),https://dot.ca.gov/-/media/dot-media/programs/safety-programs/documents/signs/f0018709-2010deleted-compliance-ca-a11y.pdf,f0018709-2010deleted-compliance-ca-a11y.pdf,Original PDFs/other/f0018709-2010deleted-compliance-ca-a11y.pdf
f0018710-2010deleted-noncompliance-ca-a11y.pdf,CA MUTCD 2010 Table I-102(CA) Deleted California Signs - No Target Compliance Dates (PDF),https://dot.ca.gov/-/media/dot-media/programs/safety-programs/documents/signs/f0018710-2010deleted-noncompliance-ca-a11y.pdf,f0018710-2010deleted-noncompliance-ca-a11y.pdf,Original PDFs/other/f0018710-2010deleted-noncompliance-ca-a11y.pdf
f0018711-2010deleted-noncompliance-mutcd-a11y.pdf,CA MUTCD 2010 Table I-103(CA) Deleted MUTCD Signs - No Target Compliance Dates (PDF),https://dot.ca.gov/-/media/dot-media/programs/safety-programs/documents/signs/f0018711-2010deleted-noncompliance-mutcd-a11y.pdf,f0018711-2010deleted-noncompliance-mutcd-a11y.pdf,Original PDFs/other/f0018711-2010deleted-noncompliance-mutcd-a11y.pdf
appendix,Standard Arrow Detail for Regulatory & Warning Signs (PDF),https://dot.ca.gov/-/media/dot-media/programs/safety-programs/documents/signs/appendix/f0019370-specappendix-1-a11y.pdf,f0019370-specappendix-1-a11y.pdf,Original PDFs/appendix/f0019370-specappendix-1-a11y.pdf
appendix,Blank Standards (3/8” Bolt Holes) (PDF),https://dot.ca.gov/-/media/dot-media/programs/safety-programs/documents/signs/appendix/f0019371-specappendix-2-a11y.pdf,f0019371-specappendix-2-a11y.pdf,Original PDFs/appendix/f0019371-specappendix-2-a11y.pdf
appendix,Standard Arrows for Diagrammatic Signs (PDF),https://dot.ca.gov/-/media/dot-media/programs/safety-programs/documents/signs/appendix/f0019372-specappendix-3-a11y.pdf,f0019372-specappendix-3-a11y.pdf,Original PDFs/appendix/f0019372-specappendix-3-a11y.pdf
appendix,Standard Arrows for Directional Signs (PDF),https://dot.ca.gov/-/media/dot-media/programs/safety-programs/documents/signs/appendix/f0019373-specappendix-4-a11y.pdf,f0019373-specappendix-4-a11y.pdf,Original PDFs/appendix/f0019373-specappendix-4-a11y.pdf
appendix,Distance Details (PDF),https://dot.ca.gov/-/media/dot-media/programs/safety-programs/documents/signs/appendix/f0019374-specappendix-5-a11y.pdf,f0019374-specappendix-5-a11y.pdf,Original PDFs/appendix/f0019374-specappendix-5-a11y.pdf
