code,name,family,file,size,source,notes
TFM1-1,Stop,Mandatory Signs,Mandatory Signs/STOP_TFM1-1.svg,600x600 mm,SDRE14-15_TFM_1-2_March_2025.pdf p2,drawn at 1:10; 600 x 600 dimensioned on the sheet; plate edge drawn as a line: white fill with a 2 mm keyline
TFM1-2,Give Way,Mandatory Signs,Mandatory Signs/GIVE_WAY_TFM1-2.svg,600x600 mm,SDRE14-15_TFM_1-2_March_2025.pdf p2,drawn at 1:10; 600 x 600 dimensioned on the sheet; plate edge drawn as a line: white fill with a 2 mm keyline
TFM1-3,Stop-Children,Mandatory Signs,Mandatory Signs/STOP_CHILDREN_TFM1-3.svg,600x600 mm,SDRE14-15_TFM_1-2_March_2025.pdf p2,drawn at 1:10; 600 x 600 dimensioned on the sheet; plate edge drawn as a line: white fill with a 2 mm keyline
TFM1-4,Ahead Only,Mandatory Signs,Mandatory Signs/AHEAD_ONLY_TFM1-4.svg,600x600 mm,SDRE14-15_TFM_1-2_March_2025.pdf p2,drawn at 1:10; 600 x 600 dimensioned on the sheet; plate edge drawn as a line: white fill with a 2 mm keyline
TFM1-5,Turn Left,Mandatory Signs,Mandatory Signs/TURN_LEFT_TFM1-5.svg,600x600 mm,SDRE14-15_TFM_1-2_March_2025.pdf p2,drawn at 1:10; 600 x 600 dimensioned on the sheet; plate edge drawn as a line: white fill with a 2 mm keyline
TFM1-6,Turn Right,Mandatory Signs,Mandatory Signs/TURN_RIGHT_TFM1-6.svg,600x600 mm,SDRE14-15_TFM_1-2_March_2025.pdf p2,drawn at 1:10; 600 x 600 dimensioned on the sheet; plate edge drawn as a line: white fill with a 2 mm keyline
TFM2-1,Turn Left Ahead,Mandatory Signs,Mandatory Signs/TURN_LEFT_AHEAD_TFM2-1.svg,600x600 mm,SDRE14-15_TFM_1-2_March_2025.pdf p3,drawn at 1:10; 600 x 600 dimensioned on the sheet; plate edge drawn as a line: white fill with a 2 mm keyline
TFM2-2,Pass Either Side ( 600Mm X 600Mm),Mandatory Signs,Mandatory Signs/PASS_EITHER_SIDE_600MM_X_600MM_TFM2-2.svg,600x600 mm,SDRE14-15_TFM_1-2_March_2025.pdf p3,drawn at 1:10; 600 x 600 dimensioned on the sheet; plate edge drawn as a line: white fill with a 2 mm keyline
TFM2-3,Pass Either Side (900Mm X 900Mm),Mandatory Signs,Mandatory Signs/PASS_EITHER_SIDE_900MM_X_900MM_TFM2-3.svg,900x900 mm,SDRE14-15_TFM_1-2_March_2025.pdf p3,drawn at 1:10; 900 x 900 dimensioned on the sheet; plate edge drawn as a line: white fill with a 2 mm keyline
TFM2-4,Turn Right Ahead,Mandatory Signs,Mandatory Signs/TURN_RIGHT_AHEAD_TFM2-4.svg,600x600 mm,SDRE14-15_TFM_1-2_March_2025.pdf p3,drawn at 1:10; 600 x 600 dimensioned on the sheet; plate edge drawn as a line: white fill with a 2 mm keyline
TFM2-5,Keep Left,Mandatory Signs,Mandatory Signs/KEEP_LEFT_TFM2-5.svg,600x600 mm,SDRE14-15_TFM_1-2_March_2025.pdf p3,drawn at 1:10; overall size not dimensioned on the sheet: from the scale; plate edge drawn as a line: white fill with a 2 mm keyline
TFM2-6,Keep Right,Mandatory Signs,Mandatory Signs/KEEP_RIGHT_TFM2-6.svg,600x600 mm,SDRE14-15_TFM_1-2_March_2025.pdf p3,drawn at 1:10; overall size not dimensioned on the sheet: from the scale; plate edge drawn as a line: white fill with a 2 mm keyline
TFP1-1,No Right Turn,Prohibitory Signs,Prohibitory Signs/NO_RIGHT_TURN_TFP1-1.svg,600x600 mm,SDRE14-16_TFP_1-6_March_2025.pdf p2,drawn at 1:10; 600 x 600 dimensioned on the sheet; plate edge drawn as a line: white fill with a 2 mm keyline
TFP1-2,No Left Turn,Prohibitory Signs,Prohibitory Signs/NO_LEFT_TURN_TFP1-2.svg,600x600 mm,SDRE14-16_TFP_1-6_March_2025.pdf p2,drawn at 1:10; 600 x 600 dimensioned on the sheet; plate edge drawn as a line: white fill with a 2 mm keyline
TFP1-3,No Horning,Prohibitory Signs,Prohibitory Signs/NO_HORNING_TFP1-3.svg,600x600 mm,SDRE14-16_TFP_1-6_March_2025.pdf p2,drawn at 1:10; 600 x 600 dimensioned on the sheet; plate edge drawn as a line: white fill with a 2 mm keyline
TFP1-4,No Entry,Prohibitory Signs,Prohibitory Signs/NO_ENTRY_TFP1-4.svg,600x600 mm,SDRE14-16_TFP_1-6_March_2025.pdf p2,drawn at 1:10; 600 x 600 dimensioned on the sheet; plate edge drawn as a line: white fill with a 2 mm keyline
TFP1-5,Maximum Speed Limit,Prohibitory Signs,Prohibitory Signs/MAXIMUM_SPEED_LIMIT_TFP1-5.svg,600x600 mm,SDRE14-16_TFP_1-6_March_2025.pdf p2,drawn at 1:10; 600 x 600 dimensioned on the sheet; plate edge drawn as a line: white fill with a 2 mm keyline
TFP1-6,Width Limit,Prohibitory Signs,Prohibitory Signs/WIDTH_LIMIT_TFP1-6.svg,600x600 mm,SDRE14-16_TFP_1-6_March_2025.pdf p2,drawn at 1:10; 600 x 600 dimensioned on the sheet; plate edge drawn as a line: white fill with a 2 mm keyline
TFP1-7,Weight Limit,Prohibitory Signs,Prohibitory Signs/WEIGHT_LIMIT_TFP1-7.svg,600x600 mm,SDRE14-16_TFP_1-6_March_2025.pdf p2,drawn at 1:10; 600 x 600 dimensioned on the sheet; plate edge drawn as a line: white fill with a 2 mm keyline
TFP2-1,Height Limit,Prohibitory Signs,Prohibitory Signs/HEIGHT_LIMIT_TFP2-1.svg,600x600 mm,SDRE14-16_TFP_1-6_March_2025.pdf p3,drawn at 1:10; 600 x 600 dimensioned on the sheet; plate edge drawn as a line: white fill with a 2 mm keyline
TFP2-2,Height Limit,Prohibitory Signs,Prohibitory Signs/HEIGHT_LIMIT_TFP2-2.svg,900x900 mm,SDRE14-16_TFP_1-6_March_2025.pdf p3,drawn at 1:10; 900 x 900 dimensioned on the sheet; plate edge drawn as a line: white fill with a 2 mm keyline
TFP2-3,No Overtaking,Prohibitory Signs,Prohibitory Signs/NO_OVERTAKING_TFP2-3.svg,600x600 mm,SDRE14-16_TFP_1-6_March_2025.pdf p3,drawn at 1:10; 600 x 600 dimensioned on the sheet; plate edge drawn as a line: white fill with a 2 mm keyline
TFP2-4,Lorry Restriction,Prohibitory Signs,Prohibitory Signs/LORRY_RESTRICTION_TFP2-4.svg,600x600 mm,SDRE14-16_TFP_1-6_March_2025.pdf p3,drawn at 1:10; 600 x 600 dimensioned on the sheet; plate edge drawn as a line: white fill with a 2 mm keyline
TFP3-1,Restriction Of Movement Of Vehicles With 3 Or More Axles,Prohibitory Signs,Prohibitory Signs/RESTRICTION_OF_MOVEMENT_OF_VEHICLES_WITH_3_OR_MORE_AXLES_TFP3-1.svg,600x600 mm,SDRE14-16_TFP_1-6_March_2025.pdf p4,"drawn at 1:10; 600 x 600 dimensioned on the sheet; plate edge drawn as a line: white fill with a 2 mm keyline; name assigned (the sheet's title is shared, or the sign has none)"
TFP3-2,Pedestrian Crossing Prohibition,Prohibitory Signs,Prohibitory Signs/PEDESTRIAN_CROSSING_PROHIBITION_TFP3-2.svg,600x600 mm,SDRE14-16_TFP_1-6_March_2025.pdf p4,drawn at 1:10; 600 x 600 dimensioned on the sheet; plate edge drawn as a line: white fill with a 2 mm keyline
TFP3-3,Pedestrian Crossing Prohibition - Reverse Side - Pedestrians Use Crossing,Prohibitory Signs,Prohibitory Signs/PEDESTRIAN_CROSSING_PROHIBITION_REVERSE_SIDE_PEDESTRIANS_USE_CROSSING_TFP3-3.svg,600x600 mm,SDRE14-16_TFP_1-6_March_2025.pdf p4,"drawn at 1:10; 600 x 600 dimensioned on the sheet; plate edge drawn as a line: white fill with a 2 mm keyline; name assigned (the sheet's title is shared, or the sign has none)"
TFP3-4,Restriction Of Movement Of Vehicles With 3 Or More Axles - Restricted Hours Plate,Prohibitory Signs,Prohibitory Signs/RESTRICTION_OF_MOVEMENT_OF_VEHICLES_WITH_3_OR_MORE_AXLES_RESTRICTED_HO_TFP3-4.svg,900x1434 mm,SDRE14-16_TFP_1-6_March_2025.pdf p4,"drawn at 1:10; 900 x 1434 dimensioned on the sheet; plate edge drawn as a line: white fill with a 2 mm keyline; name assigned (the sheet's title is shared, or the sign has none)"
TFP3-5,Pedestrian Crossing Prohibition - Reverse Side - Pedestrians Use Underpass,Prohibitory Signs,Prohibitory Signs/PEDESTRIAN_CROSSING_PROHIBITION_REVERSE_SIDE_PEDESTRIANS_USE_UNDERPASS_TFP3-5.svg,600x600 mm,SDRE14-16_TFP_1-6_March_2025.pdf p4,"drawn at 1:10; 600 x 600 dimensioned on the sheet; plate edge drawn as a line: white fill with a 2 mm keyline; name assigned (the sheet's title is shared, or the sign has none)"
TFP3-6,Hazardous Loads Prohibition,Prohibitory Signs,Prohibitory Signs/HAZARDOUS_LOADS_PROHIBITION_TFP3-6.svg,600x600 mm,SDRE14-16_TFP_1-6_March_2025.pdf p4,drawn at 1:10; 600 x 600 dimensioned on the sheet; plate edge drawn as a line: white fill with a 2 mm keyline
TFP3-7,Pedestrian Crossing Prohibition - Reverse Side - Pedestrians Use Overpass,Prohibitory Signs,Prohibitory Signs/PEDESTRIAN_CROSSING_PROHIBITION_REVERSE_SIDE_PEDESTRIANS_USE_OVERPASS_TFP3-7.svg,600x600 mm,SDRE14-16_TFP_1-6_March_2025.pdf p4,"drawn at 1:10; overall size not dimensioned on the sheet: from the scale; plate edge drawn as a line: white fill with a 2 mm keyline; name assigned (the sheet's title is shared, or the sign has none)"
TFP4-1,Cyclist Crossing Prohibition - Reverse Side - Cyclists Use Crossing,Prohibitory Signs,Prohibitory Signs/CYCLIST_CROSSING_PROHIBITION_REVERSE_SIDE_CYCLISTS_USE_CROSSING_TFP4-1.svg,600x600 mm,SDRE14-16_TFP_1-6_March_2025.pdf p5,"drawn at 1:10; 600 x 600 dimensioned on the sheet; plate edge drawn as a line: white fill with a 2 mm keyline; name assigned (the sheet's title is shared, or the sign has none)"
TFP4-2,Cyclist Crossing Prohibition - Reverse Side - Cyclists Use Underpass,Prohibitory Signs,Prohibitory Signs/CYCLIST_CROSSING_PROHIBITION_REVERSE_SIDE_CYCLISTS_USE_UNDERPASS_TFP4-2.svg,600x600 mm,SDRE14-16_TFP_1-6_March_2025.pdf p5,"drawn at 1:10; overall size not dimensioned on the sheet: from the scale; plate edge drawn as a line: white fill with a 2 mm keyline; 1 black line outline(s) drawn 2 mm wide; name assigned (the sheet's title is shared, or the sign has none)"
TFP4-3,Four Waiting Lanes Ahead,Prohibitory Signs,Prohibitory Signs/FOUR_WAITING_LANES_AHEAD_TFP4-3.svg,1268x1091 mm,SDRE14-16_TFP_1-6_March_2025.pdf p5,"drawn at 1:10; height 1092 dimensioned on the sheet, the other side from the scale; plate edge drawn as a line: white fill with a 2 mm keyline; 1 black line outline(s) drawn 2 mm wide; name assigned (the sheet's title is shared, or the sign has none)"
TFP4-4,Cyclist Crossing Prohibition - Reverse Side - Cyclists Use Overpass,Prohibitory Signs,Prohibitory Signs/CYCLIST_CROSSING_PROHIBITION_REVERSE_SIDE_CYCLISTS_USE_OVERPASS_TFP4-4.svg,600x600 mm,SDRE14-16_TFP_1-6_March_2025.pdf p5,"drawn at 1:10; overall size not dimensioned on the sheet: from the scale; plate edge drawn as a line: white fill with a 2 mm keyline; 1 black line outline(s) drawn 2 mm wide; name assigned (the sheet's title is shared, or the sign has none)"
TFP5-1,No Stopping,Prohibitory Signs,Prohibitory Signs/NO_STOPPING_TFP5-1.svg,600x600 mm,SDRE14-16_TFP_1-6_March_2025.pdf p6,drawn at 1:10; 600 x 600 dimensioned on the sheet; plate edge drawn as a line: white fill with a 2 mm keyline
TFP5-2,No Stopping,Prohibitory Signs,Prohibitory Signs/NO_STOPPING_TFP5-2.svg,600x600 mm,SDRE14-16_TFP_1-6_March_2025.pdf p6,drawn at 1:10; 600 x 600 dimensioned on the sheet; plate edge drawn as a line: white fill with a 2 mm keyline
TFP5-3,No Waiting,Prohibitory Signs,Prohibitory Signs/NO_WAITING_TFP5-3.svg,600x600 mm,SDRE14-16_TFP_1-6_March_2025.pdf p6,drawn at 1:10; 600 x 600 dimensioned on the sheet; plate edge drawn as a line: white fill with a 2 mm keyline
TFP5-4,No Waiting,Prohibitory Signs,Prohibitory Signs/NO_WAITING_TFP5-4.svg,600x600 mm,SDRE14-16_TFP_1-6_March_2025.pdf p6,drawn at 1:10; 600 x 600 dimensioned on the sheet; plate edge drawn as a line: white fill with a 2 mm keyline
TFP6-1,Pedestrian & Cyclists Crossing Prohibition Sign,Prohibitory Signs,Prohibitory Signs/PEDESTRIAN_CYCLISTS_CROSSING_PROHIBITION_SIGN_TFP6-1.svg,601x600 mm,SDRE14-16_TFP_1-6_March_2025.pdf p7,drawn at 1:10; 600 x 600 dimensioned on the sheet; plate edge drawn as a line: white fill with a 2 mm keyline
TFP6-2,Pedestrian And Cyclists Crossing Prohibition - Reverse Side - Pedestrians And Cyclists Use Crossing,Prohibitory Signs,Prohibitory Signs/PEDESTRIAN_AND_CYCLISTS_CROSSING_PROHIBITION_REVERSE_SIDE_PEDESTRIANS__TFP6-2.svg,600x600 mm,SDRE14-16_TFP_1-6_March_2025.pdf p7,"drawn at 1:10; 600 x 600 dimensioned on the sheet; plate edge drawn as a line: white fill with a 2 mm keyline; 1 black line outline(s) drawn 2 mm wide; name assigned (the sheet's title is shared, or the sign has none)"
TFP6-3,Sign Indicating Fifty Metres (50M) Limit Of A Bicycle Crossing,Prohibitory Signs,Prohibitory Signs/SIGN_INDICATING_FIFTY_METRES_50M_LIMIT_OF_A_BICYCLE_CROSSING_TFP6-3.svg,601x600 mm,SDRE14-16_TFP_1-6_March_2025.pdf p7,drawn at 1:10; overall size not dimensioned on the sheet: from the scale; plate edge drawn as a line: white fill with a 2 mm keyline
TFP6-4,Cyclist Crossing Prohibition - Sign Indicating Fifty Metres 50M - To Left,Prohibitory Signs,Prohibitory Signs/CYCLIST_CROSSING_PROHIBITION_SIGN_INDICATING_FIFTY_METRES_50M_TO_LEFT_TFP6-4.svg,601x600 mm,SDRE14-16_TFP_1-6_March_2025.pdf p7,"drawn at 1:10; overall size not dimensioned on the sheet: from the scale; plate edge drawn as a line: white fill with a 2 mm keyline; name assigned (the sheet's title is shared, or the sign has none)"
TFP6-5,Cyclist Crossing Prohibition - Sign Indicating Fifty Metres 50M - To Right,Prohibitory Signs,Prohibitory Signs/CYCLIST_CROSSING_PROHIBITION_SIGN_INDICATING_FIFTY_METRES_50M_TO_RIGHT_TFP6-5.svg,601x600 mm,SDRE14-16_TFP_1-6_March_2025.pdf p7,"drawn at 1:10; overall size not dimensioned on the sheet: from the scale; plate edge drawn as a line: white fill with a 2 mm keyline; name assigned (the sheet's title is shared, or the sign has none)"
TFP6-6,Cyclist Crossing Prohibition,Prohibitory Signs,,,SDRE14-16_TFP_1-6_March_2025.pdf p7,not built: assembly view of the sign above on its post: the arrow plate is TFS1-3 / TFS1-5
TFP6-7,Cyclist Crossing Prohibition,Prohibitory Signs,,,SDRE14-16_TFP_1-6_March_2025.pdf p7,not built: assembly view of the sign above on its post: the arrow plate is TFS1-3 / TFS1-5
TFW1-1,Two Way Traffic Ahead,Warning Signs,Warning Signs/TWO_WAY_TRAFFIC_AHEAD_TFW1-1.svg,600x600 mm,SDRE14-17_TFW_1-9_March_2025.pdf p2,drawn at 1:10; 600 x 600 dimensioned on the sheet; plate edge drawn as a line: white fill with a 2 mm keyline
TFW1-2,Two Way Traffic Across A One Way Carriageway Ahead,Warning Signs,Warning Signs/TWO_WAY_TRAFFIC_ACROSS_A_ONE_WAY_CARRIAGEWAY_AHEAD_TFW1-2.svg,600x600 mm,SDRE14-17_TFW_1-9_March_2025.pdf p2,drawn at 1:10; 600 x 600 dimensioned on the sheet; plate edge drawn as a line: white fill with a 2 mm keyline
TFW1-3,Road Narrows On Right Ahead,Warning Signs,Warning Signs/ROAD_NARROWS_ON_RIGHT_AHEAD_TFW1-3.svg,600x600 mm,SDRE14-17_TFW_1-9_March_2025.pdf p2,drawn at 1:10; 600 x 600 dimensioned on the sheet; plate edge drawn as a line: white fill with a 2 mm keyline
TFW1-4,Cross Roads Ahead,Warning Signs,Warning Signs/CROSS_ROADS_AHEAD_TFW1-4.svg,600x600 mm,SDRE14-17_TFW_1-9_March_2025.pdf p2,drawn at 1:10; 600 x 600 dimensioned on the sheet; plate edge drawn as a line: white fill with a 2 mm keyline
TFW1-5,Road Narrows On Both Sides Ahead,Warning Signs,Warning Signs/ROAD_NARROWS_ON_BOTH_SIDES_AHEAD_TFW1-5.svg,600x600 mm,SDRE14-17_TFW_1-9_March_2025.pdf p2,drawn at 1:10; 600 x 600 dimensioned on the sheet; plate edge drawn as a line: white fill with a 2 mm keyline
TFW1-6,Road Narrows On Left Ahead,Warning Signs,Warning Signs/ROAD_NARROWS_ON_LEFT_AHEAD_TFW1-6.svg,600x601 mm,SDRE14-17_TFW_1-9_March_2025.pdf p2,drawn at 1:10; 600 x 600 dimensioned on the sheet; plate edge drawn as a line: white fill with a 2 mm keyline
TFW2-1,Bend To The Right Ahead,Warning Signs,Warning Signs/BEND_TO_THE_RIGHT_AHEAD_TFW2-1.svg,600x600 mm,SDRE14-17_TFW_1-9_March_2025.pdf p3,drawn at 1:10; 600 x 600 dimensioned on the sheet; plate edge drawn as a line: white fill with a 2 mm keyline
TFW2-2,"Double Bend Ahead, First To The Right",Warning Signs,Warning Signs/DOUBLE_BEND_AHEAD_FIRST_TO_THE_RIGHT_TFW2-2.svg,600x599 mm,SDRE14-17_TFW_1-9_March_2025.pdf p3,drawn at 1:10; 600 x 600 dimensioned on the sheet; plate edge drawn as a line: white fill with a 2 mm keyline
TFW2-3,"Series Of Bends First, To The Right Ahead",Warning Signs,Warning Signs/SERIES_OF_BENDS_FIRST_TO_THE_RIGHT_AHEAD_TFW2-3.svg,600x600 mm,SDRE14-17_TFW_1-9_March_2025.pdf p3,drawn at 1:10; 600 x 600 dimensioned on the sheet; plate edge drawn as a line: white fill with a 2 mm keyline
TFW2-4,Bend To The Left Ahead,Warning Signs,Warning Signs/BEND_TO_THE_LEFT_AHEAD_TFW2-4.svg,600x599 mm,SDRE14-17_TFW_1-9_March_2025.pdf p3,drawn at 1:10; 600 x 600 dimensioned on the sheet; plate edge drawn as a line: white fill with a 2 mm keyline
TFW2-5,"Double Bend Ahead, First To The Left",Warning Signs,Warning Signs/DOUBLE_BEND_AHEAD_FIRST_TO_THE_LEFT_TFW2-5.svg,600x600 mm,SDRE14-17_TFW_1-9_March_2025.pdf p3,drawn at 1:10; 600 x 600 dimensioned on the sheet; plate edge drawn as a line: white fill with a 2 mm keyline
TFW2-6,"Series Of Bends First, To The Left Ahead",Warning Signs,Warning Signs/SERIES_OF_BENDS_FIRST_TO_THE_LEFT_AHEAD_TFW2-6.svg,600x601 mm,SDRE14-17_TFW_1-9_March_2025.pdf p3,drawn at 1:10; 600 x 600 dimensioned on the sheet; plate edge drawn as a line: white fill with a 2 mm keyline
TFW3-1,Side Road To The Right Ahead,Warning Signs,Warning Signs/SIDE_ROAD_TO_THE_RIGHT_AHEAD_TFW3-1.svg,600x600 mm,SDRE14-17_TFW_1-9_March_2025.pdf p4,drawn at 1:10; 600 x 600 dimensioned on the sheet; plate edge drawn as a line: white fill with a 2 mm keyline
TFW3-2,"Staggered Junction, Left Turn First Ahead",Warning Signs,Warning Signs/STAGGERED_JUNCTION_LEFT_TURN_FIRST_AHEAD_TFW3-2.svg,600x599 mm,SDRE14-17_TFW_1-9_March_2025.pdf p4,drawn at 1:10; 600 x 600 dimensioned on the sheet; plate edge drawn as a line: white fill with a 2 mm keyline
TFW3-3,Traffic Merges From Left Ahead,Warning Signs,Warning Signs/TRAFFIC_MERGES_FROM_LEFT_AHEAD_TFW3-3.svg,600x599 mm,SDRE14-17_TFW_1-9_March_2025.pdf p4,drawn at 1:10; 600 x 600 dimensioned on the sheet; plate edge drawn as a line: white fill with a 2 mm keyline
TFW3-4,Side Road To The Left Ahead,Warning Signs,Warning Signs/SIDE_ROAD_TO_THE_LEFT_AHEAD_TFW3-4.svg,600x600 mm,SDRE14-17_TFW_1-9_March_2025.pdf p4,drawn at 1:10; 600 x 600 dimensioned on the sheet; plate edge drawn as a line: white fill with a 2 mm keyline
TFW3-5,"Staggered Junction, Right Turn First Ahead",Warning Signs,Warning Signs/STAGGERED_JUNCTION_RIGHT_TURN_FIRST_AHEAD_TFW3-5.svg,600x600 mm,SDRE14-17_TFW_1-9_March_2025.pdf p4,drawn at 1:10; 600 x 600 dimensioned on the sheet; plate edge drawn as a line: white fill with a 2 mm keyline
TFW3-6,Traffic Merges From Right Ahead,Warning Signs,Warning Signs/TRAFFIC_MERGES_FROM_RIGHT_AHEAD_TFW3-6.svg,600x600 mm,SDRE14-17_TFW_1-9_March_2025.pdf p4,drawn at 1:10; 600 x 600 dimensioned on the sheet; plate edge drawn as a line: white fill with a 2 mm keyline
TFW4-1,Merging Into Traffic On Right Ahead,Warning Signs,Warning Signs/MERGING_INTO_TRAFFIC_ON_RIGHT_AHEAD_TFW4-1.svg,600x599 mm,SDRE14-17_TFW_1-9_March_2025.pdf p5,drawn at 1:10; 600 x 600 dimensioned on the sheet; plate edge drawn as a line: white fill with a 2 mm keyline
TFW4-2,T-Junction Ahead,Warning Signs,Warning Signs/T_JUNCTION_AHEAD_TFW4-2.svg,600x599 mm,SDRE14-17_TFW_1-9_March_2025.pdf p5,drawn at 1:10; 600 x 600 dimensioned on the sheet; plate edge drawn as a line: white fill with a 2 mm keyline
TFW4-3,Roundabout Ahead,Warning Signs,Warning Signs/ROUNDABOUT_AHEAD_TFW4-3.svg,600x600 mm,SDRE14-17_TFW_1-9_March_2025.pdf p5,drawn at 1:10; 600 x 600 dimensioned on the sheet; plate edge drawn as a line: white fill with a 2 mm keyline
TFW4-4,Merging Into Traffic On Left Ahead,Warning Signs,Warning Signs/MERGING_INTO_TRAFFIC_ON_LEFT_AHEAD_TFW4-4.svg,600x600 mm,SDRE14-17_TFW_1-9_March_2025.pdf p5,drawn at 1:10; 600 x 600 dimensioned on the sheet; plate edge drawn as a line: white fill with a 2 mm keyline
TFW4-5,Dual Carriageway Ends Ahead,Warning Signs,Warning Signs/DUAL_CARRIAGEWAY_ENDS_AHEAD_TFW4-5.svg,600x600 mm,SDRE14-17_TFW_1-9_March_2025.pdf p5,drawn at 1:10; 600 x 600 dimensioned on the sheet; plate edge drawn as a line: white fill with a 2 mm keyline
TFW4-6,Traffic Signals Ahead,Warning Signs,Warning Signs/TRAFFIC_SIGNALS_AHEAD_TFW4-6.svg,600x599 mm,SDRE14-17_TFW_1-9_March_2025.pdf p5,drawn at 1:10; 600 x 600 dimensioned on the sheet; plate edge drawn as a line: white fill with a 2 mm keyline
TFW5-1,Pedestrian Crossing Ahead,Warning Signs,Warning Signs/PEDESTRIAN_CROSSING_AHEAD_TFW5-1.svg,600x600 mm,SDRE14-17_TFW_1-9_March_2025.pdf p6,drawn at 1:10; 600 x 600 dimensioned on the sheet; plate edge drawn as a line: white fill with a 2 mm keyline
TFW5-2,Steep Hill Upwards Ahead,Warning Signs,Warning Signs/STEEP_HILL_UPWARDS_AHEAD_TFW5-2.svg,600x600 mm,SDRE14-17_TFW_1-9_March_2025.pdf p6,drawn at 1:10; 600 x 600 dimensioned on the sheet; plate edge drawn as a line: white fill with a 2 mm keyline
TFW5-3,Slippery Road Ahead,Warning Signs,Warning Signs/SLIPPERY_ROAD_AHEAD_TFW5-3.svg,600x600 mm,SDRE14-17_TFW_1-9_March_2025.pdf p6,drawn at 1:10; 600 x 600 dimensioned on the sheet; plate edge drawn as a line: white fill with a 2 mm keyline
TFW5-4,Children Ahead,Warning Signs,Warning Signs/CHILDREN_AHEAD_TFW5-4.svg,600x600 mm,SDRE14-17_TFW_1-9_March_2025.pdf p6,drawn at 1:10; 600 x 600 dimensioned on the sheet; plate edge drawn as a line: white fill with a 2 mm keyline
TFW5-5,Steep Hill Downwards Ahead,Warning Signs,Warning Signs/STEEP_HILL_DOWNWARDS_AHEAD_TFW5-5.svg,600x600 mm,SDRE14-17_TFW_1-9_March_2025.pdf p6,drawn at 1:10; 600 x 600 dimensioned on the sheet; plate edge drawn as a line: white fill with a 2 mm keyline
TFW5-6,Uneven Road Ahead,Warning Signs,Warning Signs/UNEVEN_ROAD_AHEAD_TFW5-6.svg,600x600 mm,SDRE14-17_TFW_1-9_March_2025.pdf p6,drawn at 1:10; 600 x 600 dimensioned on the sheet; plate edge drawn as a line: white fill with a 2 mm keyline
TFW6-1,Height Limit Ahead,Warning Signs,Warning Signs/HEIGHT_LIMIT_AHEAD_TFW6-1.svg,600x600 mm,SDRE14-17_TFW_1-9_March_2025.pdf p7,drawn at 1:10; 600 x 600 dimensioned on the sheet; plate edge drawn as a line: white fill with a 2 mm keyline
TFW6-2,Reduce Speed Now,Warning Signs,Warning Signs/REDUCE_SPEED_NOW_TFW6-2.svg,600x600 mm,SDRE14-17_TFW_1-9_March_2025.pdf p7,drawn at 1:10; 600 x 600 dimensioned on the sheet; plate edge drawn as a line: white fill with a 2 mm keyline
TFW6-3,Horses Or Ponies Ahead,Warning Signs,Warning Signs/HORSES_OR_PONIES_AHEAD_TFW6-3.svg,600x600 mm,SDRE14-17_TFW_1-9_March_2025.pdf p7,drawn at 1:10; 600 x 600 dimensioned on the sheet; plate edge drawn as a line: white fill with a 2 mm keyline
TFW6-4,Road Hump Ahead,Warning Signs,Warning Signs/ROAD_HUMP_AHEAD_TFW6-4.svg,600x600 mm,SDRE14-17_TFW_1-9_March_2025.pdf p7,drawn at 1:10; 600 x 600 dimensioned on the sheet; plate edge drawn as a line: white fill with a 2 mm keyline
TFW6-5,Raised Zebra Crossing,Warning Signs,Warning Signs/RAISED_ZEBRA_CROSSING_TFW6-5.svg,599x1200 mm,SDRE14-17_TFW_1-9_March_2025.pdf p7,drawn at 1:10; 600 x 1200 dimensioned on the sheet; plate edge drawn as a line: white fill with a 2 mm keyline
TFW7-1,Electronic Road Pricing Zone Ahead,Warning Signs,Warning Signs/ELECTRONIC_ROAD_PRICING_ZONE_AHEAD_TFW7-1.svg,600x600 mm,SDRE14-17_TFW_1-9_March_2025.pdf p8,"drawn at 1:10; 600 x 600 dimensioned on the sheet; plate edge drawn as a line: white fill with a 2 mm keyline; symbol drawn on the sheet as a hatch of hairlines, not a fill: traced from them (potrace)"
TFW7-2,Narrow Bridge Ahead,Warning Signs,Warning Signs/NARROW_BRIDGE_AHEAD_TFW7-2.svg,600x600 mm,SDRE14-17_TFW_1-9_March_2025.pdf p8,drawn at 1:10; 600 x 600 dimensioned on the sheet; plate edge drawn as a line: white fill with a 2 mm keyline
TFW7-3,Danger Ahead,Warning Signs,Warning Signs/DANGER_AHEAD_TFW7-3.svg,600x600 mm,SDRE14-17_TFW_1-9_March_2025.pdf p8,drawn at 1:10; 600 x 600 dimensioned on the sheet; plate edge drawn as a line: white fill with a 2 mm keyline
TFW7-4,Other Danger Ahead,Warning Signs,Warning Signs/OTHER_DANGER_AHEAD_TFW7-4.svg,600x600 mm,SDRE14-17_TFW_1-9_March_2025.pdf p8,drawn at 1:10; 600 x 600 dimensioned on the sheet; plate edge drawn as a line: white fill with a 2 mm keyline
TFW7-5,Quayside Or River Bank Ahead,Warning Signs,Warning Signs/QUAYSIDE_OR_RIVER_BANK_AHEAD_TFW7-5.svg,600x600 mm,SDRE14-17_TFW_1-9_March_2025.pdf p8,drawn at 1:10; 600 x 600 dimensioned on the sheet; plate edge drawn as a line: white fill with a 2 mm keyline
TFW7-6,Accident Area Ahead,Warning Signs,Warning Signs/ACCIDENT_AREA_AHEAD_TFW7-6.svg,600x900 mm,SDRE14-17_TFW_1-9_March_2025.pdf p8,drawn at 1:10; 600 x 900 dimensioned on the sheet; plate edge drawn as a line: white fill with a 2 mm keyline
TFW8-1,Sharp Deviation,Warning Signs,Warning Signs/SHARP_DEVIATION_TFW8-1.svg,1500x400 mm,SDRE14-17_TFW_1-9_March_2025.pdf p9,"drawn at 1:10; height 400 dimensioned on the sheet, the other side from the scale; plate edge drawn as a line: white fill with a 2 mm keyline"
TFW8-2,Expressway Ahead,Warning Signs,Warning Signs/EXPRESSWAY_AHEAD_TFW8-2.svg,600x600 mm,SDRE14-17_TFW_1-9_March_2025.pdf p9,drawn at 1:10; 600 x 600 dimensioned on the sheet; plate edge drawn as a line: white fill with a 2 mm keyline
TFW8-3,Restricted Zone Ahead,Warning Signs,Warning Signs/RESTRICTED_ZONE_AHEAD_TFW8-3.svg,600x600 mm,SDRE14-17_TFW_1-9_March_2025.pdf p9,drawn at 1:10; 600 x 600 dimensioned on the sheet; plate edge drawn as a line: white fill with a 2 mm keyline
TFW8-4,Barrier,Warning Signs,Warning Signs/BARRIER_TFW8-4.svg,1520x401 mm,SDRE14-17_TFW_1-9_March_2025.pdf p9,drawn at 1:10; 1520 x 400 dimensioned on the sheet; plate edge drawn as a line: white fill with a 2 mm keyline
TFW8-5,Slow,Warning Signs,Warning Signs/SLOW_TFW8-5.svg,600x450 mm,SDRE14-17_TFW_1-9_March_2025.pdf p9,drawn at 1:10; 600 x 450 dimensioned on the sheet; plate edge drawn as a line: white fill with a 2 mm keyline
TFW8-6,Pedestrian In Road Ahead,Warning Signs,Warning Signs/PEDESTRIAN_IN_ROAD_AHEAD_TFW8-6.svg,599x599 mm,SDRE14-17_TFW_1-9_March_2025.pdf p9,drawn at 1:10; 600 x 600 dimensioned on the sheet; plate edge drawn as a line: white fill with a 2 mm keyline
TFW8-7,Elderly Or Handicapped Pedestrians Ahead,Warning Signs,Warning Signs/ELDERLY_OR_HANDICAPPED_PEDESTRIANS_AHEAD_TFW8-7.svg,600x900 mm,SDRE14-17_TFW_1-9_March_2025.pdf p9,drawn at 1:10; 600 x 900 dimensioned on the sheet; plate edge drawn as a line: white fill with a 2 mm keyline
TFW9-1,Low Flying Aircraft Ahead,Warning Signs,Warning Signs/LOW_FLYING_AIRCRAFT_AHEAD_TFW9-1.svg,600x900 mm,SDRE14-17_TFW_1-9_March_2025.pdf p10,drawn at 1:10; 600 x 900 dimensioned on the sheet; plate edge drawn as a line: white fill with a 2 mm keyline
TFW9-2,Diversion To Another Carriageway To The Right Ahead,Warning Signs,Warning Signs/DIVERSION_TO_ANOTHER_CARRIAGEWAY_TO_THE_RIGHT_AHEAD_TFW9-2.svg,600x600 mm,SDRE14-17_TFW_1-9_March_2025.pdf p10,drawn at 1:10; 600 x 600 dimensioned on the sheet; plate edge drawn as a line: white fill with a 2 mm keyline
TFW9-3,Diversion To Another Carriageway To The Left Ahead,Warning Signs,Warning Signs/DIVERSION_TO_ANOTHER_CARRIAGEWAY_TO_THE_LEFT_AHEAD_TFW9-3.svg,600x600 mm,SDRE14-17_TFW_1-9_March_2025.pdf p10,drawn at 1:10; 600 x 600 dimensioned on the sheet; plate edge drawn as a line: white fill with a 2 mm keyline
TFW9-4,U-Turn Ahead,Warning Signs,Warning Signs/U_TURN_AHEAD_TFW9-4.svg,600x600 mm,SDRE14-17_TFW_1-9_March_2025.pdf p10,drawn at 1:10; 600 x 600 dimensioned on the sheet; plate edge drawn as a line: white fill with a 2 mm keyline
TFW9-5,U-Turn Ahead (From Opposite Direction),Warning Signs,Warning Signs/U_TURN_AHEAD_FROM_OPPOSITE_DIRECTION_TFW9-5.svg,600x600 mm,SDRE14-17_TFW_1-9_March_2025.pdf p10,drawn at 1:10; 600 x 600 dimensioned on the sheet; plate edge drawn as a line: white fill with a 2 mm keyline
TFW9-6,Merge Ahead,Warning Signs,Warning Signs/MERGE_AHEAD_TFW9-6.svg,600x900 mm,SDRE14-17_TFW_1-9_March_2025.pdf p10,drawn at 1:10; 600 x 900 dimensioned on the sheet; plate edge drawn as a line: white fill with a 2 mm keyline
TFI1-1,Bus Lane (Full Day),Informatory Signs,Informatory Signs/BUS_LANE_FULL_DAY_TFI1-1.svg,1029x1151 mm,SDRE14-18_TFI_1-19_March_2025.pdf p3,"marked 1:15 but not drawn to it: width 1029 from the sheet's figure, height follows the drawing (nominal); plate edge drawn as a line: white fill with a 2 mm keyline"
TFI1-2,Bus Lane (Normal),Informatory Signs,Informatory Signs/BUS_LANE_NORMAL_TFI1-2.svg,1368x1970 mm,SDRE14-18_TFI_1-19_March_2025.pdf p3,"marked 1:15 but not drawn to it: width 1368 from the sheet's figure, height follows the drawing (nominal); plate edge drawn as a line: white fill with a 2 mm keyline"
TFI1-3,One Way Street To Left,Informatory Signs,Informatory Signs/ONE_WAY_STREET_TO_LEFT_TFI1-3.svg,600x600 mm,SDRE14-18_TFI_1-19_March_2025.pdf p3,drawn at 1:10; overall size not dimensioned on the sheet: from the scale; plate edge drawn as a line: white fill with a 2 mm keyline
TFI1-4,One Way Street To Right,Informatory Signs,Informatory Signs/ONE_WAY_STREET_TO_RIGHT_TFI1-4.svg,600x600 mm,SDRE14-18_TFI_1-19_March_2025.pdf p3,drawn at 1:10; 600 x 600 dimensioned on the sheet; plate edge drawn as a line: white fill with a 2 mm keyline
TFI1-5,No Through Road,Informatory Signs,Informatory Signs/NO_THROUGH_ROAD_TFI1-5.svg,600x450 mm,SDRE14-18_TFI_1-19_March_2025.pdf p3,drawn at 1:10; 600 x 450 dimensioned on the sheet; plate edge drawn as a line: white fill with a 2 mm keyline
TFI1-6,No Through Road On Side Road To Right,Informatory Signs,Informatory Signs/NO_THROUGH_ROAD_ON_SIDE_ROAD_TO_RIGHT_TFI1-6.svg,600x450 mm,SDRE14-18_TFI_1-19_March_2025.pdf p3,drawn at 1:10; 600 x 450 dimensioned on the sheet; plate edge drawn as a line: white fill with a 2 mm keyline
TFI1-7,No Through Road On Side Road To Left,Informatory Signs,Informatory Signs/NO_THROUGH_ROAD_ON_SIDE_ROAD_TO_LEFT_TFI1-7.svg,600x450 mm,SDRE14-18_TFI_1-19_March_2025.pdf p3,drawn at 1:10; 600 x 450 dimensioned on the sheet; plate edge drawn as a line: white fill with a 2 mm keyline
TFI2-1,Pedestrian Crossing,Informatory Signs,Informatory Signs/PEDESTRIAN_CROSSING_TFI2-1.svg,600x600 mm,SDRE14-18_TFI_1-19_March_2025.pdf p4,drawn at 1:10; 600 x 600 dimensioned on the sheet; plate edge drawn as a line: white fill with a 2 mm keyline
TFI2-2,One Way Traffic,Informatory Signs,Informatory Signs/ONE_WAY_TRAFFIC_TFI2-2.svg,600x600 mm,SDRE14-18_TFI_1-19_March_2025.pdf p4,drawn at 1:10; 600 x 600 dimensioned on the sheet; plate edge drawn as a line: white fill with a 2 mm keyline
TFI2-3,U-Turn,Informatory Signs,Informatory Signs/U_TURN_TFI2-3.svg,600x600 mm,SDRE14-18_TFI_1-19_March_2025.pdf p4,drawn at 1:10; 600 x 600 dimensioned on the sheet; plate edge drawn as a line: white fill with a 2 mm keyline
TFI2-4,Passenger Pick-Up Point,Informatory Signs,Informatory Signs/PASSENGER_PICK_UP_POINT_TFI2-4.svg,600x600 mm,SDRE14-18_TFI_1-19_March_2025.pdf p4,drawn at 1:10; 600 x 600 dimensioned on the sheet; plate edge drawn as a line: white fill with a 2 mm keyline
TFI3-1,Start Of Expressway,Informatory Signs,Informatory Signs/START_OF_EXPRESSWAY_TFI3-1.svg,600x600 mm,SDRE14-18_TFI_1-19_March_2025.pdf p5,drawn at 1:10; 600 x 600 dimensioned on the sheet; plate edge drawn as a line: white fill with a 2 mm keyline
TFI3-2,End Of Expressway,Informatory Signs,Informatory Signs/END_OF_EXPRESSWAY_TFI3-2.svg,600x600 mm,SDRE14-18_TFI_1-19_March_2025.pdf p5,drawn at 1:10; 600 x 600 dimensioned on the sheet; plate edge drawn as a line: white fill with a 2 mm keyline
TFI4-1,End Of Expressway (Type I),Informatory Signs,Informatory Signs/END_OF_EXPRESSWAY_TYPE_I_TFI4-1.svg,2589x1469 mm,SDRE14-18_TFI_1-19_March_2025.pdf p6,"drawn at 1:20; 2590 x 1470 dimensioned on the sheet; plate edge drawn as a line: white fill with a 2 mm keyline; name assigned (the sheet's title is shared, or the sign has none)"
TFI4-2,End Of Expressway 500 M,Informatory Signs,Informatory Signs/END_OF_EXPRESSWAY_500_M_TFI4-2.svg,2589x2040 mm,SDRE14-18_TFI_1-19_March_2025.pdf p6,"drawn at 1:20; 2590 x 2040 dimensioned on the sheet; plate edge drawn as a line: white fill with a 2 mm keyline; name assigned (the sheet's title is shared, or the sign has none)"
TFI4-3,Dual Carriageway Ahead,Informatory Signs,Informatory Signs/DUAL_CARRIAGEWAY_AHEAD_TFI4-3.svg,1635x1223 mm,SDRE14-18_TFI_1-19_March_2025.pdf p6,drawn at 1:20; 1635 x 1224 dimensioned on the sheet; plate edge drawn as a line: white fill with a 2 mm keyline
TFI4-4,Red Light Camera Sign,Informatory Signs,Informatory Signs/RED_LIGHT_CAMERA_SIGN_TFI4-4.svg,1106x1220 mm,SDRE14-18_TFI_1-19_March_2025.pdf p6,drawn at 1:20; 1107 x 1220 dimensioned on the sheet; plate edge drawn as a line: white fill with a 2 mm keyline
TFI4-5,Keep Left Unless Overtaking,Informatory Signs,Informatory Signs/KEEP_LEFT_UNLESS_OVERTAKING_TFI4-5.svg,1449x1220 mm,SDRE14-18_TFI_1-19_March_2025.pdf p6,drawn at 1:20; 1449 x 1220 dimensioned on the sheet; plate edge drawn as a line: white fill with a 2 mm keyline
TFI5-1,Overpass,Informatory Signs,Informatory Signs/OVERPASS_TFI5-1.svg,600x600 mm,SDRE14-18_TFI_1-19_March_2025.pdf p7,drawn at 1:10; 600 x 600 dimensioned on the sheet; plate edge drawn as a line: white fill with a 2 mm keyline
TFI5-2,Underpass,Informatory Signs,Informatory Signs/UNDERPASS_TFI5-2.svg,600x600 mm,SDRE14-18_TFI_1-19_March_2025.pdf p7,drawn at 1:10; 600 x 600 dimensioned on the sheet; plate edge drawn as a line: white fill with a 2 mm keyline
TFI5-3,Taxis Drop-Off Point,Informatory Signs,Informatory Signs/TAXIS_DROP_OFF_POINT_TFI5-3.svg,600x450 mm,SDRE14-18_TFI_1-19_March_2025.pdf p7,drawn at 1:10; 600 x 450 dimensioned on the sheet; plate edge drawn as a line: white fill with a 2 mm keyline
TFI5-4,End Of Restricted Zone,Informatory Signs,Informatory Signs/END_OF_RESTRICTED_ZONE_TFI5-4.svg,600x450 mm,SDRE14-18_TFI_1-19_March_2025.pdf p7,drawn at 1:10; 600 x 450 dimensioned on the sheet; plate edge drawn as a line: white fill with a 2 mm keyline
TFI6-1,Concealed Exit Ahead,Informatory Signs,Informatory Signs/CONCEALED_EXIT_AHEAD_TFI6-1.svg,600x450 mm,SDRE14-18_TFI_1-19_March_2025.pdf p8,drawn at 1:10; 600 x 450 dimensioned on the sheet; plate edge drawn as a line: white fill with a 2 mm keyline
TFI6-2,Queue Here For Taxi,Informatory Signs,Informatory Signs/QUEUE_HERE_FOR_TAXI_TFI6-2.svg,600x600 mm,SDRE14-18_TFI_1-19_March_2025.pdf p8,drawn at 1:10; 600 x 600 dimensioned on the sheet; plate edge drawn as a line: white fill with a 2 mm keyline
TFI6-3,Speed Regulating Strips Ahead,Informatory Signs,Informatory Signs/SPEED_REGULATING_STRIPS_AHEAD_TFI6-3.svg,600x900 mm,SDRE14-18_TFI_1-19_March_2025.pdf p8,drawn at 1:10; 600 x 900 dimensioned on the sheet; plate edge drawn as a line: white fill with a 2 mm keyline
TFI6-4,Bicycles Stand,Informatory Signs,Informatory Signs/BICYCLES_STAND_TFI6-4.svg,600x450 mm,SDRE14-18_TFI_1-19_March_2025.pdf p8,drawn at 1:10; 600 x 450 dimensioned on the sheet; plate edge drawn as a line: white fill with a 2 mm keyline
TFI6-5,U-Turning Vehicles Keep Right,Informatory Signs,Informatory Signs/U_TURNING_VEHICLES_KEEP_RIGHT_TFI6-5.svg,600x450 mm,SDRE14-18_TFI_1-19_March_2025.pdf p8,drawn at 1:10; 600 x 450 dimensioned on the sheet; plate edge drawn as a line: white fill with a 2 mm keyline
TFI7-1,No Parking Of Bicycles,Informatory Signs,Informatory Signs/NO_PARKING_OF_BICYCLES_TFI7-1.svg,598x897 mm,SDRE14-18_TFI_1-19_March_2025.pdf p9,drawn at 1:10; 600 x 900 dimensioned on the sheet; plate edge drawn as a line: white fill with a 2 mm keyline
TFI7-2,Direction Of Temporary Pedestrian Route,Informatory Signs,Informatory Signs/DIRECTION_OF_TEMPORARY_PEDESTRIAN_ROUTE_TFI7-2.svg,600x450 mm,SDRE14-18_TFI_1-19_March_2025.pdf p9,drawn at 1:10; 600 x 450 dimensioned on the sheet; plate edge drawn as a line: white fill with a 2 mm keyline
TFI7-3,"Rochor Rd, Keep Left",Informatory Signs,,,SDRE14-18_TFI_1-19_March_2025.pdf p9,not built: site-specific example (a named road)
TFI7-4,Police Post,Informatory Signs,,,SDRE14-18_TFI_1-19_March_2025.pdf p9,"not built: site-specific example (a named place, with a placeholder where a logo goes)"
TFI7-5,Speed Check Area,Informatory Signs,Informatory Signs/SPEED_CHECK_AREA_TFI7-5.svg,600x600 mm,SDRE14-18_TFI_1-19_March_2025.pdf p9,drawn at 1:10; 600 x 600 dimensioned on the sheet; plate edge drawn as a line: white fill with a 2 mm keyline
TFI7-6,Rain Shelter,Informatory Signs,Informatory Signs/RAIN_SHELTER_TFI7-6.svg,600x600 mm,SDRE14-18_TFI_1-19_March_2025.pdf p9,drawn at 1:10; 600 x 600 dimensioned on the sheet; plate edge drawn as a line: white fill with a 2 mm keyline
TFI7-7,Community Centre,Informatory Signs,,,SDRE14-18_TFI_1-19_March_2025.pdf p9,"not built: site-specific example (a named place, with a placeholder where a logo goes)"
TFI8,,Informatory Signs,,,SDRE14-18_TFI_1-19_March_2025.pdf p10,"sheet skipped: directional (guide) sign layouts, not to scale, with example destinations: guide signs are outside the library's scope"
TFI9,,Informatory Signs,,,SDRE14-18_TFI_1-19_March_2025.pdf p11,"sheet skipped: directional (guide) sign layouts, not to scale, with example destinations: guide signs are outside the library's scope"
TFI10,,Informatory Signs,,,SDRE14-18_TFI_1-19_March_2025.pdf p12,"sheet skipped: directional (guide) sign layouts, not to scale, with example destinations: guide signs are outside the library's scope"
TFI11-1,Left Turn Green Arrow Ahead,Informatory Signs,Informatory Signs/LEFT_TURN_GREEN_ARROW_AHEAD_TFI11-1.svg,600x1200 mm,SDRE14-18_TFI_1-19_March_2025.pdf p13,"drawn at 1:10; 600 x 1200 dimensioned on the sheet; plate edge drawn as a line: white fill with a 2 mm keyline; name assigned (the sheet's title is shared, or the sign has none)"
TFI11-2,Left Turn On Red,Informatory Signs,Informatory Signs/LEFT_TURN_ON_RED_TFI11-2.svg,600x1200 mm,SDRE14-18_TFI_1-19_March_2025.pdf p13,"drawn at 1:10; 600 x 1200 dimensioned on the sheet; plate edge drawn as a line: white fill with a 2 mm keyline; name assigned (the sheet's title is shared, or the sign has none)"
TFI11-3,Give Way To Pedestrians And Main Road Traffic,Informatory Signs,Informatory Signs/GIVE_WAY_TO_PEDESTRIANS_AND_MAIN_ROAD_TRAFFIC_TFI11-3.svg,1272x1010 mm,SDRE14-18_TFI_1-19_March_2025.pdf p13,"drawn at 1:10; 1272 x 1010 dimensioned on the sheet; plate edge drawn as a line: white fill with a 2 mm keyline; name assigned (the sheet's title is shared, or the sign has none)"
TFI11-4,B-Signal For Buses On Bus Bay Only,Informatory Signs,Informatory Signs/B_SIGNAL_FOR_BUSES_ON_BUS_BAY_ONLY_TFI11-4.svg,1145x755 mm,SDRE14-18_TFI_1-19_March_2025.pdf p13,drawn at 1:10; 1145 x 755 dimensioned on the sheet; plate edge drawn as a line: white fill with a 2 mm keyline
TFI11-5,B-Signal For Buses On Left Most Lane Only,Informatory Signs,Informatory Signs/B_SIGNAL_FOR_BUSES_ON_LEFT_MOST_LANE_ONLY_TFI11-5.svg,970x940 mm,SDRE14-18_TFI_1-19_March_2025.pdf p13,drawn at 1:10; 970 x 940 dimensioned on the sheet; plate edge drawn as a line: white fill with a 2 mm keyline
TFI12-1,Beware Of Turning Vehicles,Informatory Signs,Informatory Signs/BEWARE_OF_TURNING_VEHICLES_TFI12-1.svg,600x600 mm,SDRE14-18_TFI_1-19_March_2025.pdf p14,"drawn at 1:10; 600 x 600 dimensioned on the sheet; plate edge drawn as a line: white fill with a 2 mm keyline; name assigned (the sheet's title is shared, or the sign has none)"
TFI12-2,Watch Out For Traffic From Side Road,Informatory Signs,Informatory Signs/WATCH_OUT_FOR_TRAFFIC_FROM_SIDE_ROAD_TFI12-2.svg,1336x790 mm,SDRE14-18_TFI_1-19_March_2025.pdf p14,"drawn at 1:10; 1336 x 790 dimensioned on the sheet; plate edge drawn as a line: white fill with a 2 mm keyline; name assigned (the sheet's title is shared, or the sign has none)"
TFI12-3,Motorcycles And Slower Traffic Keep Left,Informatory Signs,Informatory Signs/MOTORCYCLES_AND_SLOWER_TRAFFIC_KEEP_LEFT_TFI12-3.svg,1830x1220 mm,SDRE14-18_TFI_1-19_March_2025.pdf p14,"drawn at 1:10; 1830 x 1220 dimensioned on the sheet; plate edge drawn as a line: white fill with a 2 mm keyline; name assigned (the sheet's title is shared, or the sign has none)"
TFI13-1,Speed Camera Ahead,Informatory Signs,Informatory Signs/SPEED_CAMERA_AHEAD_TFI13-1.svg,1107x1887 mm,SDRE14-18_TFI_1-19_March_2025.pdf p15,"drawn at 1:10; 1107 x 1888 dimensioned on the sheet; plate edge drawn as a line: white fill with a 2 mm keyline; title block says 1:100, the sheet's figures (1107 x 1888) give 1:10; name assigned (the sheet's title is shared, or the sign has none)"
TFI14-1,To Stay Within Restricted Zone,Informatory Signs,Informatory Signs/TO_STAY_WITHIN_RESTRICTED_ZONE_TFI14-1.svg,600x450 mm,SDRE14-18_TFI_1-19_March_2025.pdf p16,drawn at 1:10; 600 x 450 dimensioned on the sheet; plate edge drawn as a line: white fill with a 2 mm keyline
TFI14-2,Right Turn Lane Ahead,Informatory Signs,Informatory Signs/RIGHT_TURN_LANE_AHEAD_TFI14-2.svg,600x900 mm,SDRE14-18_TFI_1-19_March_2025.pdf p16,"drawn at 1:10; 600 x 900 dimensioned on the sheet; plate edge drawn as a line: white fill with a 2 mm keyline; 'SCALE 1:10' is under the title shared with the sign beside it; name assigned (the sheet's title is shared, or the sign has none)"
TFI14-3,Right Turn Lanes Ahead,Informatory Signs,Informatory Signs/RIGHT_TURN_LANES_AHEAD_TFI14-3.svg,600x900 mm,SDRE14-18_TFI_1-19_March_2025.pdf p16,"drawn at 1:10; 600 x 900 dimensioned on the sheet; plate edge drawn as a line: white fill with a 2 mm keyline; 'SCALE 1:10' is under the title shared with the sign beside it; name assigned (the sheet's title is shared, or the sign has none)"
TFI14-4,Keep A Safe Distance From Vehicle In Front,Informatory Signs,Informatory Signs/KEEP_A_SAFE_DISTANCE_FROM_VEHICLE_IN_FRONT_TFI14-4.svg,1806x1098 mm,SDRE14-18_TFI_1-19_March_2025.pdf p16,drawn at 1:15; 1806 x 1098 dimensioned on the sheet; plate edge drawn as a line: white fill with a 2 mm keyline
TFI14-5,Do Not Drive On Road Shoulder,Informatory Signs,Informatory Signs/DO_NOT_DRIVE_ON_ROAD_SHOULDER_TFI14-5.svg,900x1012 mm,SDRE14-18_TFI_1-19_March_2025.pdf p16,drawn at 1:15; 900 x 1012 dimensioned on the sheet; plate edge drawn as a line: white fill with a 2 mm keyline
TFI15-1,Lane Indication Sign,Informatory Signs,Informatory Signs/LANE_INDICATION_SIGN_TFI15-1.svg,1385x520 mm,SDRE14-18_TFI_1-19_March_2025.pdf p17,"drawn at 1:10; height 520 dimensioned on the sheet, the other side from the scale; plate edge drawn as a line: white fill with a 2 mm keyline"
TFI15-2,425Mm X 100Mm,Informatory Signs,,,SDRE14-18_TFI_1-19_March_2025.pdf p17,not built: pedestrian push-button instruction plate carrying the LTA logo and a telephone number: not a traffic sign face
TFI15-3,525Mm X 100Mm,Informatory Signs,,,SDRE14-18_TFI_1-19_March_2025.pdf p17,not built: pedestrian push-button instruction plate carrying the LTA logo and a telephone number: not a traffic sign face
TFI15-4,Lane Indication Sign,Informatory Signs,Informatory Signs/LANE_INDICATION_SIGN_TFI15-4.svg,1385x650 mm,SDRE14-18_TFI_1-19_March_2025.pdf p17,drawn at 1:10; 1385 x 650 dimensioned on the sheet; plate edge drawn as a line: white fill with a 2 mm keyline
TFI16-1,Cyclist Crossing Ahead,Informatory Signs,Informatory Signs/CYCLIST_CROSSING_AHEAD_TFI16-1.svg,600x600 mm,SDRE14-18_TFI_1-19_March_2025.pdf p18,"drawn at 1:10; 600 x 600 dimensioned on the sheet; plate edge drawn as a line: white fill with a 2 mm keyline; symbol drawn on the sheet as a hatch of hairlines, not a fill: traced from them (potrace)"
TFI16-2,Congestion Expected Ahead,Informatory Signs,Informatory Signs/CONGESTION_EXPECTED_AHEAD_TFI16-2.svg,600x900 mm,SDRE14-18_TFI_1-19_March_2025.pdf p18,drawn at 1:10; 600 x 900 dimensioned on the sheet; plate edge drawn as a line: white fill with a 2 mm keyline
TFI16-3,Cyclist Crossing Ahead,Informatory Signs,Informatory Signs/CYCLIST_CROSSING_AHEAD_TFI16-3.svg,600x600 mm,SDRE14-18_TFI_1-19_March_2025.pdf p18,"drawn at 1:10; 600 x 600 dimensioned on the sheet; plate edge drawn as a line: white fill with a 2 mm keyline; symbol drawn on the sheet as a hatch of hairlines, not a fill: traced from them (potrace)"
TFI17-1,Lane Indication Sign,Informatory Signs,Informatory Signs/LANE_INDICATION_SIGN_TFI17-1.svg,2399x2000 mm,SDRE14-18_TFI_1-19_March_2025.pdf p19,"drawn at 1:10; height 2000 dimensioned on the sheet, the other side from the scale; plate edge drawn as a line: white fill with a 2 mm keyline"
TFI18,,Informatory Signs,,,SDRE14-18_TFI_1-19_March_2025.pdf p20,sheet skipped: gantry height-limit panels: the length varies with the number of lanes (table on the sheet) and the panel carries a placeholder for the height-limit sign
TFI19-1,Curve Alignment Marker (For Arterial Road),Informatory Signs,Informatory Signs/CURVE_ALIGNMENT_MARKER_FOR_ARTERIAL_ROAD_TFI19-1.svg,600x750 mm,SDRE14-18_TFI_1-19_March_2025.pdf p21,drawn at 1:10; 600 x 750 dimensioned on the sheet
TFI19-2,600Mm X 600Mm Object Marker,Informatory Signs,Informatory Signs/600MM_X_600MM_OBJECT_MARKER_TFI19-2.svg,600x600 mm,SDRE14-18_TFI_1-19_March_2025.pdf p21,drawn at 1:10; 600 x 600 dimensioned on the sheet
TFI19-3,340Mm X 990Mm Object Marker - Stripes Falling To Right,Informatory Signs,Informatory Signs/340MM_X_990MM_OBJECT_MARKER_STRIPES_FALLING_TO_RIGHT_TFI19-3.svg,340x990 mm,SDRE14-18_TFI_1-19_March_2025.pdf p21,"drawn at 1:10; overall size not dimensioned on the sheet: from the scale; 'SCALE 1:10' is under the title shared with the sign beside it; name assigned (the sheet's title is shared, or the sign has none)"
TFI19-4,340Mm X 990Mm Object Marker - Stripes Falling To Left,Informatory Signs,Informatory Signs/340MM_X_990MM_OBJECT_MARKER_STRIPES_FALLING_TO_LEFT_TFI19-4.svg,340x990 mm,SDRE14-18_TFI_1-19_March_2025.pdf p21,"drawn at 1:10; overall size not dimensioned on the sheet: from the scale; 'SCALE 1:10' is under the title shared with the sign beside it; name assigned (the sheet's title is shared, or the sign has none)"
TFI19-5,Curve Alignment Marker (For Expressway),Informatory Signs,Informatory Signs/CURVE_ALIGNMENT_MARKER_FOR_EXPRESSWAY_TFI19-5.svg,750x900 mm,SDRE14-18_TFI_1-19_March_2025.pdf p21,drawn at 1:15; 750 x 900 dimensioned on the sheet
TFI19-6,900Mm X 900Mm Object Marker,Informatory Signs,Informatory Signs/900MM_X_900MM_OBJECT_MARKER_TFI19-6.svg,900x900 mm,SDRE14-18_TFI_1-19_March_2025.pdf p21,drawn at 1:15; 900 x 900 dimensioned on the sheet
TFI19-7,Kerb Strip Marker,Informatory Signs,Informatory Signs/KERB_STRIP_MARKER_TFI19-7.svg,1374x150 mm,SDRE14-18_TFI_1-19_March_2025.pdf p21,"drawn at 1:15; height 150 dimensioned on the sheet, the other side from the scale; plate edge drawn as a line: white fill with a 2 mm keyline"
TFS1-1,School Zone For 400M,Supplementary Plates,Supplementary Plates/SCHOOL_ZONE_FOR_400M_TFS1-1.svg,600x600 mm,SDRE14-19_TFS_1-2_March_2025.pdf p2,"drawn at 1:10; 600 x 600 dimensioned on the sheet; name assigned (the sheet's title is shared, or the sign has none)"
TFS1-2,Except School Buses,Supplementary Plates,Supplementary Plates/EXCEPT_SCHOOL_BUSES_TFS1-2.svg,600x450 mm,SDRE14-19_TFS_1-2_March_2025.pdf p2,drawn at 1:10; 600 x 450 dimensioned on the sheet; plate edge drawn as a line: white fill with a 2 mm keyline
TFS1-3,Directional Arrow - Right,Supplementary Plates,Supplementary Plates/DIRECTIONAL_ARROW_RIGHT_TFS1-3.svg,600x150 mm,SDRE14-19_TFS_1-2_March_2025.pdf p2,"drawn at 1:10; 600 x 150 dimensioned on the sheet; plate edge drawn as a line: white fill with a 2 mm keyline; name assigned (the sheet's title is shared, or the sign has none)"
TFS1-4,Vehicles Not Exceeding 2500 Kg In Unladen Weight,Supplementary Plates,Supplementary Plates/VEHICLES_NOT_EXCEEDING_2500_KG_IN_UNLADEN_WEIGHT_TFS1-4.svg,600x900 mm,SDRE14-19_TFS_1-2_March_2025.pdf p2,"drawn at 1:10; 600 x 900 dimensioned on the sheet; plate edge drawn as a line: white fill with a 2 mm keyline; name assigned (the sheet's title is shared, or the sign has none)"
TFS1-5,Directional Arrow - Both Ways,Supplementary Plates,Supplementary Plates/DIRECTIONAL_ARROW_BOTH_WAYS_TFS1-5.svg,600x150 mm,SDRE14-19_TFS_1-2_March_2025.pdf p2,"drawn at 1:10; 600 x 150 dimensioned on the sheet; plate edge drawn as a line: white fill with a 2 mm keyline; name assigned (the sheet's title is shared, or the sign has none)"
TFS1-6,Exceeding 2500 Kg In Unladen Weight,Supplementary Plates,Supplementary Plates/EXCEEDING_2500_KG_IN_UNLADEN_WEIGHT_TFS1-6.svg,600x600 mm,SDRE14-19_TFS_1-2_March_2025.pdf p2,drawn at 1:10; 600 x 600 dimensioned on the sheet; plate edge drawn as a line: white fill with a 2 mm keyline
TFS1-7,Except Authorised Vehicles,Supplementary Plates,Supplementary Plates/EXCEPT_AUTHORISED_VEHICLES_TFS1-7.svg,600x450 mm,SDRE14-19_TFS_1-2_March_2025.pdf p2,"drawn at 1:10; 600 x 450 dimensioned on the sheet; plate edge drawn as a line: white fill with a 2 mm keyline; name assigned (the sheet's title is shared, or the sign has none)"
TFS2-1,Except Ambulance And Police Vehicles,Supplementary Plates,Supplementary Plates/EXCEPT_AMBULANCE_AND_POLICE_VEHICLES_TFS2-1.svg,603x602 mm,SDRE14-19_TFS_1-2_March_2025.pdf p3,"drawn at 1:10; 600 x 600 dimensioned on the sheet; plate edge drawn as a line: white fill with a 2 mm keyline; name assigned (the sheet's title is shared, or the sign has none)"
TFS2-2,Way Out - Right,Supplementary Plates,Supplementary Plates/WAY_OUT_RIGHT_TFS2-2.svg,600x450 mm,SDRE14-19_TFS_1-2_March_2025.pdf p3,"drawn at 1:10; 600 x 450 dimensioned on the sheet; plate edge drawn as a line: white fill with a 2 mm keyline; name assigned (the sheet's title is shared, or the sign has none)"
TFS2-3,Way Out - Ahead,Supplementary Plates,Supplementary Plates/WAY_OUT_AHEAD_TFS2-3.svg,603x452 mm,SDRE14-19_TFS_1-2_March_2025.pdf p3,"drawn at 1:10; 600 x 450 dimensioned on the sheet; plate edge drawn as a line: white fill with a 2 mm keyline; name assigned (the sheet's title is shared, or the sign has none)"
TFS2-4,Except Loading Unloading,Supplementary Plates,Supplementary Plates/EXCEPT_LOADING_UNLOADING_TFS2-4.svg,600x600 mm,SDRE14-19_TFS_1-2_March_2025.pdf p3,"drawn at 1:10; 600 x 600 dimensioned on the sheet; plate edge drawn as a line: white fill with a 2 mm keyline; name assigned (the sheet's title is shared, or the sign has none)"
CYC1,,Cycling Signs,,,SDRE17-21_CYC_1-12_March_2025.pdf p2,"sheet skipped: cycling-path layout, marking or construction sheet, not sign faces"
CYC2,,Cycling Signs,,,SDRE17-21_CYC_1-12_March_2025.pdf p3,"sheet skipped: cycling-path layout, marking or construction sheet, not sign faces"
CYC4,,Cycling Signs,,,SDRE17-21_CYC_1-12_March_2025.pdf p4,"sheet skipped: cycling-path layout, marking or construction sheet, not sign faces"
CYC5-5,Bicycle Crossing Sign,Cycling Signs,Cycling Signs/BICYCLE_CROSSING_SIGN_CYC5-5.svg,600x600 mm,SDRE17-21_CYC_1-12_March_2025.pdf p5,drawn at 1:10; 600 x 600 dimensioned on the sheet; plate edge drawn as a line: white fill with a 2 mm keyline
CYC6,,Cycling Signs,,,SDRE17-21_CYC_1-12_March_2025.pdf p6,"sheet skipped: cycling-path layout, marking or construction sheet, not sign faces"
CYC7,,Cycling Signs,,,SDRE17-21_CYC_1-12_March_2025.pdf p7,"sheet skipped: cycling-path layout, marking or construction sheet, not sign faces"
CYC8,,Cycling Signs,,,SDRE17-21_CYC_1-12_March_2025.pdf p8,"sheet skipped: cycling-path layout, marking or construction sheet, not sign faces"
CYC9,,Cycling Signs,,,SDRE17-21_CYC_1-12_March_2025.pdf p9,"sheet skipped: cycling-path layout, marking or construction sheet, not sign faces"
CYC10-1,Watch Out For Cyclists,Cycling Signs,Cycling Signs/WATCH_OUT_FOR_CYCLISTS_CYC10-1.svg,600x600 mm,SDRE17-21_CYC_1-12_March_2025.pdf p10,drawn at 1:10; 600 x 600 dimensioned on the sheet; plate edge drawn as a line: white fill with a 2 mm keyline
CYC10-2,Shared Track,Cycling Signs,Cycling Signs/SHARED_TRACK_CYC10-2.svg,600x600 mm,SDRE17-21_CYC_1-12_March_2025.pdf p10,drawn at 1:10; 600 x 600 dimensioned on the sheet; white edge: 2 mm keyline added
CYC10-3,Stay On Track - Cyclists On Left,Cycling Signs,Cycling Signs/STAY_ON_TRACK_CYCLISTS_ON_LEFT_CYC10-3.svg,600x600 mm,SDRE17-21_CYC_1-12_March_2025.pdf p10,"drawn at 1:10; 600 x 600 dimensioned on the sheet; plate edge drawn as a line: white fill with a 2 mm keyline; name assigned (the sheet's title is shared, or the sign has none)"
CYC10-4,Stay On Track - Pedestrians On Left,Cycling Signs,Cycling Signs/STAY_ON_TRACK_PEDESTRIANS_ON_LEFT_CYC10-4.svg,600x600 mm,SDRE17-21_CYC_1-12_March_2025.pdf p10,"drawn at 1:10; 600 x 600 dimensioned on the sheet; plate edge drawn as a line: white fill with a 2 mm keyline; name assigned (the sheet's title is shared, or the sign has none)"
CYC10-5,Give Way To Pedestrians,Cycling Signs,Cycling Signs/GIVE_WAY_TO_PEDESTRIANS_CYC10-5.svg,600x600 mm,SDRE17-21_CYC_1-12_March_2025.pdf p10,drawn at 1:10; 600 x 600 dimensioned on the sheet; white edge: 2 mm keyline added
CYC10-6,Watch Out For Vehicles,Cycling Signs,Cycling Signs/WATCH_OUT_FOR_VEHICLES_CYC10-6.svg,600x600 mm,SDRE17-21_CYC_1-12_March_2025.pdf p10,drawn at 1:10; 600 x 600 dimensioned on the sheet; plate edge drawn as a line: white fill with a 2 mm keyline
CYC10-7,Slow (Supplementary),Cycling Signs,Cycling Signs/SLOW_SUPPLEMENTARY_CYC10-7.svg,600x300 mm,SDRE17-21_CYC_1-12_March_2025.pdf p10,drawn at 1:10; 600 x 300 dimensioned on the sheet; white edge: 2 mm keyline added
CYC10-8,Caution Low Headroom,Cycling Signs,Cycling Signs/CAUTION_LOW_HEADROOM_CYC10-8.svg,645x180 mm,SDRE17-21_CYC_1-12_March_2025.pdf p10,drawn at 1:10; 645 x 180 dimensioned on the sheet; plate edge drawn as a line: white fill with a 2 mm keyline
CYC11-1,No Riding Plate - Ahead,Cycling Signs,Cycling Signs/NO_RIDING_PLATE_AHEAD_CYC11-1.svg,600x150 mm,SDRE17-21_CYC_1-12_March_2025.pdf p11,"drawn at 1:10; height 150 dimensioned on the sheet, the other side from the scale; name assigned (the sheet's title is shared, or the sign has none)"
CYC11-2,Slope Ahead,Cycling Signs,Cycling Signs/SLOPE_AHEAD_CYC11-2.svg,600x600 mm,SDRE17-21_CYC_1-12_March_2025.pdf p11,drawn at 1:10; 600 x 600 dimensioned on the sheet; plate edge drawn as a line: white fill with a 2 mm keyline
CYC11-3,No Riding,Cycling Signs,Cycling Signs/NO_RIDING_CYC11-3.svg,600x600 mm,SDRE17-21_CYC_1-12_March_2025.pdf p11,"drawn at 1:10; 600 x 600 dimensioned on the sheet; plate edge drawn as a line: white fill with a 2 mm keyline; name assigned (the sheet's title is shared, or the sign has none)"
CYC11-4,No Riding Plate - Right,Cycling Signs,Cycling Signs/NO_RIDING_PLATE_RIGHT_CYC11-4.svg,600x150 mm,SDRE17-21_CYC_1-12_March_2025.pdf p11,"drawn at 1:10; height 150 dimensioned on the sheet, the other side from the scale; plate edge drawn as a line: white fill with a 2 mm keyline; name assigned (the sheet's title is shared, or the sign has none)"
CYC11-5,No Riding Plate - Left,Cycling Signs,Cycling Signs/NO_RIDING_PLATE_LEFT_CYC11-5.svg,600x150 mm,SDRE17-21_CYC_1-12_March_2025.pdf p11,"drawn at 1:10; height 150 dimensioned on the sheet, the other side from the scale; plate edge drawn as a line: white fill with a 2 mm keyline; name assigned (the sheet's title is shared, or the sign has none)"
CYC11-6,End Of Shared Track,Cycling Signs,Cycling Signs/END_OF_SHARED_TRACK_CYC11-6.svg,600x150 mm,SDRE17-21_CYC_1-12_March_2025.pdf p11,drawn at 1:10; 600 x 150 dimensioned on the sheet; plate edge drawn as a line: white fill with a 2 mm keyline
CYC12,,Cycling Signs,,,SDRE17-21_CYC_1-12_March_2025.pdf p12,"sheet skipped: cycling-path layout, marking or construction sheet, not sign faces"
