figura,variant,articolo,gu_pdf_page
II 2,,,309
II 2,d,230,395
II 3,,125,278
II 4,,86,246
II 4,c,258,398
II 5,,125,277
II 6,,89,250
II 8,,87,247
II 9,,87,247
II 10,a,,247
II 10,d,87,248
II 11,,,248
II 11,a,87,248
II 13,,88,249
II 14,,,249
II 15,,89,249
II 17,,90,250
II 18,,90,250
II 19,,90,250
II 20,,91,251
II 21,,92,251
II 22,,93,251
II 23,,94,251
II 24,,95,252
II 25,,95,252
II 27,,96,252
II 28,,97,253
II 29,,98,253
II 30,b,98,253
II 34,,102,255
II 36,,106,255
II 38,,108,256
II 39,,108,256
II 40,,109,256
II 41,,,336
II 43,b,112,257
II 43,e,112,257
II 44,,113,258
II 50,,116,260
II 51,,116,260
II 54,,117,261
II 56,,117,261
II 57,,117,261
II 58,,117,262
II 60,a,,262
II 60,b,117,262
II 61,,117,263
II 62,,,263
II 63,,117,263
II 64,a,,263
II 66,,,265
II 73,,119,266
II 74,,120,266
II 75,,120,266
II 76,,120,267
II 78,,120,267
II 79,o,120,268
II 80,a,,269
II 80,b,122,269
II 80,e,122,270
II 82,a,,271
II 82,o,122,271
II 85,,122,272
II 86,,122,272
II 90,,,273
II 92,a,122,274
II 92,b,,274
II 93,a,,274
II 94,,122,275
II 95,,,275
II 96,,123,275
II 97,b,128,276
II 100,,125,277
II 103,,125,277
II 106,,125,277
II 108,,125,278
II 109,,125,278
II 112,,125,278
II 114,,125,278
II 115,,125,278
II 120,,125,279
II 121,,125,279
II 122,,125,279
II 123,,125,279
II 124,,125,279
II 125,,125,280
II 129,,125,280
II 130,,,370
II 131,,125,280
II 134,,125,281
II 135,,125,281
II 136,,125,281
II 137,,125,281
II 140,,125,281
II 145,,125,282
II 146,,125,282
II 147,,125,282
II 148,,125,282
II 149,,125,282
II 150,,125,282
II 152,,125,283
II 154,,125,283
II 156,,125,283
II 157,,125,283
II 158,,125,283
II 159,,125,283
II 161,,125,284
II 164,,125,284
II 165,,125,284
II 166,,125,284
II 167,,125,284
II 168,,125,284
II 169,,125,284
II 170,,125,285
II 172,,125,285
II 173,,125,285
II 174,,125,285
II 175,,125,285
II 176,,125,285
II 177,,125,285
II 178,,125,285
II 179,,125,286
II 180,,125,286
II 182,,125,286
II 183,,125,286
II 184,,125,286
II 185,,125,286
II 187,,125,286
II 188,,,287
II 189,,125,287
II 190,,125,287
II 194,,125,287
II 195,,125,287
II 196,,125,287
II 198,,125,288
II 199,,125,288
II 200,,125,288
II 202,,125,288
II 203,,,288
II 204,,134,309
II 205,,125,288
II 207,,125,289
II 209,,125,289
II 210,,125,289
II 212,,125,289
II 213,,125,289
II 214,,125,289
II 215,,125,290
II 216,,125,290
II 217,,125,290
II 221,,125,290
II 223,,125,290
II 225,,125,291
II 229,,125,291
II 232,,126,292
II 233,,,292
II 235,,,293
II 238,,127,293
II 239,,127,294
II 240,,127,294
II 242,,127,295
II 243,,127,295
II 244,,127,296
II 245,,127,296
II 246,,127,297
II 247,,127,297
II 248,,128,298
II 249,,128,298
II 253,,128,300
II 254,,128,300
II 255,,128,300
II 257,,129,301
II 258,,129,301
II 259,,129,301
II 260,,129,301
II 263,,129,302
II 267,,129,303
II 268,,129,303
II 270,,129,304
II 272,,130,304
II 280,,125,291
II 282,,131,306
II 283,,134,306
II 284,,131,306
II 287,,132,307
II 290,,133,308
II 291,,133,308
II 293,,,308
II 296,,134,309
II 299,,134,310
II 300,,134,310
II 301,,134,310
II 302,,135,311
II 303,,135,311
II 304,,135,311
II 306,,135,312
II 307,,135,312
II 308,,135,312
II 310,,135,313
II 314,,135,314
II 319,,135,315
II 323,,135,316
II 324,,135,316
II 325,,139,317
II 326,,135,317
II 327,,135,317
II 333,,,319
II 334,,,319
II 335,,135,319
II 337,,135,320
II 338,,135,320
II 339,,135,320
II 340,,135,320
II 341,,135,321
II 343,,135,321
II 344,,135,321
II 347,,135,322
II 348,,136,322
II 349,,135,322
II 351,,135,323
II 352,,135,323
II 353,,136,324
II 354,,136,324
II 358,,136,325
II 359,,136,325
II 360,,136,325
II 362,,136,326
II 365,,136,327
II 366,,136,327
II 367,,136,327
II 368,,136,328
II 369,,,332
II 370,,136,328
II 371,,136,328
II 372,,136,329
II 374,,136,329
II 375,,136,329
II 376,,,330
II 380,,,330
II 382,,30,331
II 384,,31,331
II 385,,,331
II 386,,31,332
II 387,,31,332
II 390,,31,333
II 392,,32,333
II 393,b,32,334
II 394,,33,334
II 397,,34,335
II 399,a,,336
II 399,b,39,337
II 400,,39,337
II 401,,39,337
II 404,,42,338
II 405,,,339
II 406,,43,339
II 409,a,,340
II 409,b,43,340
II 410,a,43,340
II 410,b,43,340
II 411,,,342
II 411,a,,337
II 412,b,43,342
II 413,b,43,343
II 415,,138,344
II 416,,139,345
II 417,,139,346
II 418,,139,347
II 420,,139,348
II 421,,139,349
II 422,,139,349
II 423,,,350
II 424,,139,350
II 426,,,351
II 427,a,140,351
II 427,b,140,351
II 429,,142,353
II 431,a,143,353
II 431,b,143,353
II 433,,,354
II 434,,145,355
II 435,,145,355
II 436,,145,356
II 437,,146,356
II 438,b,147,358
II 438,d,147,359
II 439,,147,360
II 440,,147,361
II 441,,,348
II 441,b,148,362
II 441,c,148,363
II 441,f,148,364
II 442,a,148,365
II 442,p,148,365
II 443,,148,366
II 444,d,43,342
II 445,a,149,368
II 445,c,149,370
II 446,,150,371
II 449,,159,373
II 450,,160,373
II 451,,,374
II 452,,161,375
II 453,,161,375
II 454,,162,375
II 455,,162,375
II 457,,163,376
II 459,,164,377
II 460,,165,377
II 461,,166,377
II 462,,168,377
II 465,,174,378
II 466,,174,379
II 472,,,381
II 473,,179,381
II 474,,179,381
II 475,a,183,382
II 475,b,,382
II 476,,183,382
II 477,,186,383
II 479,,,383
II 482,b,144,354
