code,name,family,file,size,notes,source
G1-4,G1-4(CA),Guide Signs,REDLANDS_2_STOCKTON_5_G1-4.svg,1143x457 mm,"size from the sheet's SIGN SIZE table (Var x 18 in; other table sizes: Var x 30, Var x 42); colours from the sheet's COLORS note: background GREEN, legend WHITE; MUTCD number D1-2A",Original PDFs/g/f0018776-g1-4-a11y.pdf
G1-10,G1-10(CA),Guide Signs,NS_AN_UP_A_RROW_FOLL_D_BY_A_TEXT_SALINAS_50_AND_ROSEVILLE_5__G1-10.svg,1476x762 mm,"size from the sheet's SIGN SIZE table (Var x 30 in; other table sizes: Var x 48, Var x 60); colours from the sheet's COLORS note: background GREEN, legend WHITE; MUTCD number Non",Original PDFs/g/g1-10-a11y.pdf
G1-13,G1-13(CA),Guide Signs,REDLANDS_2_STOCKTON_5_ORANGE_13_G1-13.svg,1191x762 mm,"size from the sheet's SIGN SIZE table (Var x 30 in; other table sizes: Var x 48, Var x 60); colours from the sheet's COLORS note: background GREEN, legend WHITE",Original PDFs/g/g1-13-a11y.pdf
G1-16,G1-16(CA),Guide Signs,NS_AN_UP_A_RROW_FOL_WED_BY_G1-16.svg,1543x914 mm,"size from the sheet's SIGN SIZE table (Var x 36 in; other table sizes: Var x 48, Var x 72); colours from the sheet's COLORS note: background GREEN, legend WHITE; MUTCD number Non",Original PDFs/g/g1-16-a11y.pdf
G1-19,G1-19(CA),Guide Signs,INS_THE_TE_XT_MA_POSA_20_FRESNO_25_AND_STOCKTON_35_FOLLOWED__G1-19.svg,1470x762 mm,"size from the sheet's SIGN SIZE table (Var x 30 in; other table sizes: Var x 42, Var x 54); colours from the sheet's COLORS note: background GREEN, legend WHITE; MUTCD number Non",Original PDFs/g/g1-19-a11y.pdf
G5,G5(CA),Guide Signs,ROSEVILLE_5_SACRAMENTO_23_OAKLAND_110_G5.svg,1470x762 mm,"size from the sheet's SIGN SIZE table (Var x 30 in; other table sizes: Var x 42, Var x 54, Var x 66, Var x 84); colours from the sheet's COLORS note: background GREEN, legend WHITE; MUTCD number D2-3 D2",Original PDFs/g/f0018831-g5-a11y.pdf
G8-4,G8-4(CA),Guide Signs,AINS_THE_TEXT_CHICO_OROVILLE_FOLLOWED_BY_A_RIGHT_ARROW_THE_D_G8-4.svg,960x457 mm,"size from the sheet's SIGN SIZE table (Var x 18 in; other table sizes: Var x 30, Var x 42); colours from the sheet's COLORS note: background GREEN, legend WHITE; MUTCD number D1-2",Original PDFs/g/g8-4-a11y.pdf
G8-10,G8-10(CA),Guide Signs,AINING_AN_UP_ARROW_FOLLOWED_BY_A_TEXT_SALINAS_AT_THE_TOP_POR_G8-10.svg,1238x762 mm,"size from the sheet's SIGN SIZE table (Var x 30 in; other table sizes: Var x 48, Var x 60); colours from the sheet's COLORS note: background GREEN, legend WHITE",Original PDFs/g/g8-10-a11y.pdf
G8-13,G8-13(CA),Guide Signs,REDLANDS_STOCKTON_ORANGE_G8-13.svg,1048x762 mm,"size from the sheet's SIGN SIZE table (Var x 30 in; other table sizes: Var x 48, Var x 60); colours from the sheet's COLORS note: background GREEN, legend WHITE",Original PDFs/g/f0018888-g8-13-a11y.pdf
G8-19,G8-19(CA),Guide Signs,MARIPOSA_FRESNO_STOCKTON_G8-19.svg,1197x762 mm,"size from the sheet's SIGN SIZE table (Var x 30 in; other table sizes: Var x 42, Var x 54); colours from the sheet's COLORS note: background GREEN, legend WHITE",Original PDFs/g/g8-19-a11y.pdf
G8-22,G8-22(CA),Guide Signs,FAIRVIEW_ROAD_G8-22.svg,784x457 mm,"size from the sheet's SIGN SIZE table (Var x 18 in; other table sizes: Var x 30, Var x 42); colours from the sheet's COLORS note: background GREEN, legend WHITE",Original PDFs/g/f0018899-g8-22-a11y.pdf
G9-1,G9-1(CA),Guide Signs,0_000_000_0_000_000_000_00_000_000_00_0_G9-1.svg,591x345 mm,no SIGN SIZE table read; drawn at 1:10 — check; sheet drawn in colour; colours kept as drawn,Original PDFs/g/g9-1-a11y.pdf
G9-1,G9-1(CA),Guide Signs,0_000_000_0_000_000_000_00_000_000_00_0_VAR2_G9-1.svg,281x226 mm,no SIGN SIZE table read; drawn at 1:10 — check; sheet drawn in colour; colours kept as drawn,Original PDFs/g/g9-1-a11y.pdf
G9-2,G9-2(CA),Guide Signs,SODA_SPRINGS_POP_487_ELEV_2_386_G9-2.svg,1372x457 mm,"size from the sheet's SIGN SIZE table (Var x 18 in; other table sizes: Var x 24, Var x 30, Var x 36); colours from the sheet's COLORS note: background GREEN, legend WHITE",Original PDFs/g/g9-2-a11y.pdf
G9-5,G9-5(CA),Guide Signs,CLOVERDALE_CITY_LIMIT_POP_874_ELEV_40_G9-5.svg,1219x610 mm,"size from the sheet's SIGN SIZE table (Var x 24 in; other table sizes: Var x 30, Var x 42, Var x 48); colours from the sheet's COLORS note: background GREEN, legend WHITE",Original PDFs/g/g9-5-a11y.pdf
G10-4P,G10-4P(CA),Guide Signs,N_WITH_TH_E_TEXT_WHERE_G10-4P.svg,1143x171 mm,no SIGN SIZE table read; drawn at 1:10 — check; sheet drawn in colour; colours kept as drawn,Original PDFs/g/g10-4-a11y.pdf
G10B(CA),,Guide Signs,,,scanned sheet (raster image); not drawn — needs a vector copy or tracing,Original PDFs/g/f0018754-g10b-a11y.pdf
G11-1(CA),,Guide Signs,,,scanned sheet (raster image); not drawn — needs a vector copy or tracing,Original PDFs/g/f0018757-g11-1-a11y.pdf
G11-2(CA),,Guide Signs,,,scanned sheet (raster image); not drawn — needs a vector copy or tracing,Original PDFs/g/f0018759-g11-2-a11y.pdf
G11-4.1(CA),,Guide Signs,,,scanned sheet (raster image); not drawn — needs a vector copy or tracing,Original PDFs/g/f0018761-g11-4-1-a11y.pdf
G11-4A(CA),,Guide Signs,,,scanned sheet (raster image); not drawn — needs a vector copy or tracing,Original PDFs/g/f0018762-g11-4a-a11y.pdf
G11-4B(CA),,Guide Signs,,,scanned sheet (raster image); not drawn — needs a vector copy or tracing,Original PDFs/g/f0018763-g11-4b-a11y.pdf
G11-5(CA),,Guide Signs,,,scanned sheet (raster image); not drawn — needs a vector copy or tracing,Original PDFs/g/f0018764-g11-5-a11y.pdf
G11-6(CA),,Guide Signs,,,scanned sheet (raster image); not drawn — needs a vector copy or tracing,Original PDFs/g/f0018765-g11-6-a11y.pdf
G11-7(CA),,Guide Signs,,,scanned sheet (raster image); not drawn — needs a vector copy or tracing,Original PDFs/g/f0018767-g11-7-a11y.pdf
G11-8(CA),,Guide Signs,,,scanned sheet (raster image); not drawn — needs a vector copy or tracing,Original PDFs/g/f0018768-g11-8-a11y.pdf
G11-9(CA),,Guide Signs,,,scanned sheet (raster image); not drawn — needs a vector copy or tracing,Original PDFs/g/f0018769-g11-9-slightly-moves-a11y.pdf
G11-10(CA),,Guide Signs,,,scanned sheet (raster image); not drawn — needs a vector copy or tracing,Original PDFs/g/f0018758-g11-10-a11y.pdf
G12-1,G12-1(CA),Guide Signs,GN_W_ITH_TH_E_TEXT_G12-1.svg,1147x182 mm,no SIGN SIZE table read; drawn at 1:10 — check; sheet drawn in colour; colours kept as drawn,Original PDFs/g/g12-1-a11y.pdf
G12-3,G12-3(CA),Guide Signs,JOE_SMITH_MEMORIAL_BIKEWAY_G12-3.svg,1016x506 mm,no SIGN SIZE table read; drawn at 1:10 — check; sheet drawn in colour; colours kept as drawn,Original PDFs/g/g12-30-ca-a11y.pdf
G16(CA),,Guide Signs,,,scanned sheet (raster image); not drawn — needs a vector copy or tracing,Original PDFs/g/g16-ca-a11y.pdf
G17(CA),,Guide Signs,,,scanned sheet (raster image); not drawn — needs a vector copy or tracing,Original PDFs/g/f0018779-g17-a11y.pdf
G20-1(CA),,Guide Signs,,,scanned sheet (raster image); not drawn — needs a vector copy or tracing,Original PDFs/g/f0018787-g20-1-a11y.pdf
G20-3(CA),,Guide Signs,,,scanned sheet (raster image); not drawn — needs a vector copy or tracing,Original PDFs/g/f0018788-g20-3-a11y.pdf
G20-5(CA),,Guide Signs,,,scanned sheet (raster image); not drawn — needs a vector copy or tracing,Original PDFs/g/f0018789-g20-5-a11y.pdf
G20-7(CA),,Guide Signs,,,scanned sheet (raster image); not drawn — needs a vector copy or tracing,Original PDFs/g/f0018790-g20-7-a11y.pdf
G21-1(CA),,Guide Signs,,,scanned sheet (raster image); not drawn — needs a vector copy or tracing,Original PDFs/g/f0018792-g21-1-a11y.pdf
G21-3(CA),,Guide Signs,,,scanned sheet (raster image); not drawn — needs a vector copy or tracing,Original PDFs/g/f0018793-g21-3-a11y.pdf
G22(CA),,Guide Signs,,,scanned sheet (raster image); not drawn — needs a vector copy or tracing,Original PDFs/g/f0018794-g22-a11y.pdf
G24-1,G24-1(CA),Guide Signs,SAN_BERNARDINO_INTERSTATE_15_G24-1.svg,1129x412 mm,no SIGN SIZE table read; drawn at 1:10 — check; sheet drawn in colour; colours kept as drawn,Original PDFs/g/g24-1-a11y.pdf
G24-3,G24-3(CA),Guide Signs,LOS_ANGELES_INTERSTATE_10_SAN_BERNARDINO_E_AST_G24-3.svg,1093x535 mm,no SIGN SIZE table read; drawn at 1:10 — check; sheet drawn in colour; colours kept as drawn,Original PDFs/g/g24-3-a11y.pdf
G24-3,G24-3(CA),Guide Signs,LOS_ANGELES_INTERSTATE_10_SAN_BERNARDINO_E_AST_VAR2_G24-3.svg,552x294 mm,"no SIGN SIZE table read; drawn at 1:10 — check; colours from the sheet's COLORS note: background GREEN, legend WHITE",Original PDFs/g/g24-3-a11y.pdf
G24-4,G24-4(CA),Guide Signs,INTERSTATE_395_15_S_OUTH_G24-4.svg,406x271 mm,"size from the sheet's SIGN SIZE table (16 x 14 in table row; proportions differ from the drawing, drawn proportions kept at width 16 in — check); colours from the sheet's COLORS note: background GREEN, legend WHITE",Original PDFs/g/g24-4-a11y.pdf
G24-4,G24-4(CA),Guide Signs,INTERSTATE_395_15_S_OUTH_VAR2_G24-4.svg,457x458 mm,size from the sheet's SIGN SIZE table (20 x 18 in; other table sizes: 16 x 14); sheet drawn in colour; colours kept as drawn,Original PDFs/g/g24-4-a11y.pdf
G24-4,G24-4(CA),Guide Signs,INTERSTATE_395_15_S_OUTH_INTERSTATE_G24-4.svg,406x94 mm,"size from the sheet's SIGN SIZE table (16 x 14 in table row; proportions differ from the drawing, drawn proportions kept at width 16 in — check); colours from the sheet's COLORS note: background GREEN, legend WHITE",Original PDFs/g/g24-4-a11y.pdf
G24-5,G24-5(CA),Guide Signs,RIVERSIDE_60_E_AST_G24-5.svg,813x532 mm,no SIGN SIZE table read; drawn at 1:10 — check; sheet drawn in colour; colours kept as drawn,Original PDFs/g/g24-5-a11y.pdf
G24-6,G24-6(CA),Guide Signs,1_S_OUTH_MONTEREY_SAN_DIEGO_G24-6.svg,1016x423 mm,no SIGN SIZE table read; drawn at 1:10 — check; sheet drawn in colour; colours kept as drawn,Original PDFs/g/g24-6-a11y.pdf
G28-1(CA),,Guide Signs,,,scanned sheet (raster image); not drawn — needs a vector copy or tracing,Original PDFs/g/f0018811-g28-1-a11y.pdf
G28-2(CA),,Guide Signs,,,scanned sheet (raster image); not drawn — needs a vector copy or tracing,Original PDFs/g/f0018812-g28-2-a11y.pdf
G30(CA),,Guide Signs,,,scanned sheet (raster image); not drawn — needs a vector copy or tracing,Original PDFs/g/f0018813-g30-a11y.pdf
G30AP(CA),,Guide Signs,,,scanned sheet (raster image); not drawn — needs a vector copy or tracing,Original PDFs/g/f0018814-g30a-a11y.pdf
G30BP(CA),,Guide Signs,,,scanned sheet (raster image); not drawn — needs a vector copy or tracing,Original PDFs/g/f0018815-g30b-a11y.pdf
G33-1P(CA),,Guide Signs,,,scanned sheet (raster image); not drawn — needs a vector copy or tracing,Original PDFs/g/f0018820-g33-1-a11y.pdf
G58P(CA),,Guide Signs,,,scanned sheet (raster image); not drawn — needs a vector copy or tracing,Original PDFs/g/f0018837-g58-a11y.pdf
G66-21AP(CA),,Guide Signs,,,scanned sheet (raster image); not drawn — needs a vector copy or tracing,Original PDFs/g/f0018843-g66-21a-a11y.pdf
G66-21CP,G66-21CP(CA),Guide Signs,PLAQUE_WITH_THE_TEXT_FAST_IN_BLUE_BACKGROUND_IS_SHOWN_THE_DI_G66-21CP.svg,1168x254 mm,no SIGN SIZE table read; drawn at 1:10 — check; sheet drawn in colour; colours kept as drawn,Original PDFs/g/g66-21c-a11y.pdf
G66-55(CA),,Guide Signs,,,scanned sheet (raster image); not drawn — needs a vector copy or tracing,Original PDFs/g/f0018855-g66-55-a11y.pdf
G66-56(CA),,Guide Signs,,,scanned sheet (raster image); not drawn — needs a vector copy or tracing,Original PDFs/g/f0018856-g66-56-a11y.pdf
G66-56AP(CA),,Guide Signs,,,scanned sheet (raster image); not drawn — needs a vector copy or tracing,Original PDFs/g/f0018857-g66-56a-a11y.pdf
G66-58(CA),,Guide Signs,,,scanned sheet (raster image); not drawn — needs a vector copy or tracing,Original PDFs/g/f0018859-g66-58-a11y.pdf
G68(CA),,Guide Signs,,,scanned sheet (raster image); not drawn — needs a vector copy or tracing,Original PDFs/g/f0018864-g68-a11y.pdf
G72(CA),,Guide Signs,,,scanned sheet (raster image); not drawn — needs a vector copy or tracing,Original PDFs/g/f0018871-g72-a11y.pdf
G76(CA),,Guide Signs,,,scanned sheet (raster image); not drawn — needs a vector copy or tracing,Original PDFs/g/f0018873-g76-a11y.pdf
G77-1(CA),,Guide Signs,,,scanned sheet (raster image); not drawn — needs a vector copy or tracing,Original PDFs/g/f0018874-g77-1-a11y.pdf
G77-4(CA),,Guide Signs,,,scanned sheet (raster image); not drawn — needs a vector copy or tracing,Original PDFs/g/f0018875-g77-4-a11y.pdf
G77-7(CA),,Guide Signs,,,scanned sheet (raster image); not drawn — needs a vector copy or tracing,Original PDFs/g/f0018876-g77-7-a11y.pdf
G77A(CA),,Guide Signs,,,scanned sheet (raster image); not drawn — needs a vector copy or tracing,Original PDFs/g/f0018877-g77a-a11y.pdf
G78-1(CA),,Guide Signs,,,scanned sheet (raster image); not drawn — needs a vector copy or tracing,Original PDFs/g/f0018878-g78-1-a11y.pdf
G78-4(CA),,Guide Signs,,,scanned sheet (raster image); not drawn — needs a vector copy or tracing,Original PDFs/g/f0018879-g78-4-a11y.pdf
G79AP,G79AP(CA),Guide Signs,PLAQ_UE_WI_TH_TH_G79AP.svg,1829x307 mm,"size from the sheet's SIGN SIZE table (72 x 12 in; other table sizes: 144 x 24); colours from the sheet's COLORS note: background BLUE, legend WHITE",Original PDFs/g/g79a-a11y.pdf
G80BP,G80BP(CA),Guide Signs,PLAQUE_WITH_THE_TEXT_PATROLLED_BY_HIGHWAY_PATROL_IN_BLACK_BA_G80BP.svg,1524x305 mm,"size from the sheet's SIGN SIZE table (60 x 12 in; other table sizes: 72 x 12, 144 x 24); colours from the sheet's COLORS note: background BLUE, legend WHITE; MUTCD number Non",Original PDFs/g/g80b-a11y.pdf
G81-21(CA),,Guide Signs,,,scanned sheet (raster image); not drawn — needs a vector copy or tracing,Original PDFs/g/f0018886-g81-21-a11y.pdf
G81-24(CA),,Guide Signs,,,scanned sheet (raster image); not drawn — needs a vector copy or tracing,Original PDFs/g/f0018887-g81-24-a11y.pdf
G81-61P(CA),,Guide Signs,,,scanned sheet (raster image); not drawn — needs a vector copy or tracing,Original PDFs/g/f0018891-g81-61-a11y.pdf
G81-63(CA),,Guide Signs,,,scanned sheet (raster image); not drawn — needs a vector copy or tracing,Original PDFs/g/f0018893-g81-63-a11y.pdf
G81-64AP,G81-64AP(CA),Guide Signs,SIGN_WITH_THE_G81-64AP.svg,3353x528 mm,"size from the sheet's SIGN SIZE table (132 x 24 in); colours from the sheet's COLORS note: background YELLOW, legend BLACK",Original PDFs/g/g81-64a-a11y.pdf
G81-65,G81-65(CA),Guide Signs,IGN_WITH_THE_TE_XT_RECREATIO_N_I_TUN_G81-65.svg,1371x836 mm,"no SIGN SIZE table read; drawn at 1:10 — check; colours from the sheet's COLORS note: background BROWN, legend WHITE; MUTCD number NON   E",Original PDFs/g/g81-65-a11y.pdf
G81-66,G81-66(CA),Guide Signs,H_THE_TEXT_REPORT_G81-66.svg,914x914 mm,no SIGN SIZE table read; drawn at 1:10 — check; sheet drawn in colour; colours kept as drawn,Original PDFs/g/g81-66-a11y.pdf
G81-67,G81-67(CA),Guide Signs,PEDESTRIANS_PROHIBITED_CALL_1_9_1_G81-67.svg,1286x968 mm,no SIGN SIZE table read; drawn at 1:10 — check; sheet drawn in colour; colours kept as drawn,Original PDFs/g/g81-67-ca-a11y.pdf
G82(CA),,Guide Signs,,,scanned sheet (raster image); not drawn — needs a vector copy or tracing,Original PDFs/g/f0018898-g82-a11y.pdf
G83-2,G83-2(CA),Guide Signs,LOS_ANGELES_INTERSTATE_5_M_IL_E_1_EX_IT_G83-2.svg,975x559 mm,no SIGN SIZE table read; drawn at 1:10 — check; sheet drawn in colour; colours kept as drawn,Original PDFs/g/g83-2-ca-a11y.pdf
G83-5,G83-5(CA),Guide Signs,M_ILE_1_MODESTO_ST_EX_IT_444_A_1_1_2_G83-5.svg,979x441 mm,no SIGN SIZE table read; drawn at 1:10 — check; sheet drawn in colour; colours kept as drawn,Original PDFs/g/g83-5-ca-v2-a11y.pdf
G83-6,G83-6(CA),Guide Signs,BARRANCA_PKWY_HOV_EXIT_BARRANCA_PKWY_G83-6.svg,1421x924 mm,no SIGN SIZE table read; drawn at 1:10 — check; sheet drawn in colour; colours kept as drawn; MUTCD number H,Original PDFs/g/g83-6-ca-a11y.pdf
G85-2,G85-2(CA),Guide Signs,MAIN_ST_G85-2.svg,1439x386 mm,no SIGN SIZE table read; drawn at 1:10 — check; sheet drawn in colour; colours kept as drawn,Original PDFs/g/g85-2-ca-a11y.pdf
G85-3,G85-3(CA),Guide Signs,299_REDDING_G85-3.svg,873x721 mm,no SIGN SIZE table read; drawn at 1:10 — check; sheet drawn in colour; colours kept as drawn,Original PDFs/g/g85-3-ca-a11y.pdf
G85-4,G85-4(CA),Guide Signs,80_SACRAMENTO_SAN_FRANCISCO_INTERSTATE_G85-4.svg,1130x700 mm,no SIGN SIZE table read; drawn at 1:10 — check; sheet drawn in colour; colours kept as drawn,Original PDFs/g/g85-4-ca-a11y.pdf
G85-5,G85-5(CA),Guide Signs,OAKLAND_RD_E_AST_G85-5.svg,1163x406 mm,no SIGN SIZE table read; drawn at 1:10 — check; sheet drawn in colour; colours kept as drawn,Original PDFs/g/g85-5-ca-a11y.pdf
G85-6,G85-6(CA),Guide Signs,EUREKA_N_ORTH_101_G85-6.svg,975x406 mm,no SIGN SIZE table read; drawn at 1:10 — check; sheet drawn in colour; colours kept as drawn; dashed placeholder outlines on the sheet (alternate panels / messages) partly kept as small marks — check,Original PDFs/g/g85-6-ca-a11y.pdf
G85-11,G85-11(CA),Guide Signs,EXIT_444A_MODESTO_ST_G85-11.svg,975x469 mm,no SIGN SIZE table read; drawn at 1:10 — check; sheet drawn in colour; colours kept as drawn,Original PDFs/g/g85-11-ca-a11y.pdf
G85-12,G85-12(CA),Guide Signs,BARRANCA_PKWY_HOV_EXIT_BARRANCA_PKWY_G85-12.svg,1421x924 mm,no SIGN SIZE table read; drawn at 1:10 — check; sheet drawn in colour; colours kept as drawn,Original PDFs/g/g85-12-ca-a11y.pdf
G86-1(CA),,Guide Signs,,,scanned sheet (raster image); not drawn — needs a vector copy or tracing,Original PDFs/g/f0018916-g86-1-a11y.pdf
G86-3,G86-3(CA),Guide Signs,LOS_ANGELES_NEXT_RIGHT_INTERSTATE_5_SOUTH_G86-3.svg,4256x2438 mm,"size from the sheet's SIGN SIZE table (Var x 96 in; other table sizes: Var x 110); colours from the sheet's COLORS note: background GREEN, legend WHITE",Original PDFs/g/g86-3-a11y.pdf
G86-5,G86-5(CA),Guide Signs,LOS_ANGELES_NEXT_RIGHT_SAN_DIEGO_G86-5.svg,4064x2286 mm,"size from the sheet's SIGN SIZE table (Var x 90 in; other table sizes: Var x 108, Var x 110); colours from the sheet's COLORS note: background GREEN, legend WHITE",Original PDFs/g/g86-5-a11y.pdf
G86-7,G86-7(CA),Guide Signs,STOCKTON_NEXT_RIGHT_FRESNO_NORTH_INTERSTATE_5_G86-7.svg,4688x2286 mm,"size from the sheet's SIGN SIZE table (Var x 90 in; other table sizes: Var x 96, Var x 100); colours from the sheet's COLORS note: background GREEN, legend WHITE",Original PDFs/g/g86-7-a11y.pdf
G86-11(CA),,Guide Signs,,,scanned sheet (raster image); not drawn — needs a vector copy or tracing,Original PDFs/g/f0018917-g86-11-a11y.pdf
G86-13,G86-13(CA),Guide Signs,NEXT_RIGHT_MODESTO_ST_EX_IT_444_A_G86-13.svg,979x441 mm,no SIGN SIZE table read; drawn at 1:10 — check; sheet drawn in colour; colours kept as drawn,Original PDFs/g/g86-13-ca-a11y.pdf
G86-14,G86-14(CA),Guide Signs,MURRIETA_VETERANS_MEMORIAL_NEXT_RIGHT_EXIT_444_G86-14.svg,1168x559 mm,no SIGN SIZE table read; drawn at 1:10 — check; sheet drawn in colour; colours kept as drawn,Original PDFs/g/g86-14-ca-a11y.pdf
G86-15,G86-15(CA),Guide Signs,BARRANCA_PKWY_HOV_EXIT_1_MILE_G86-15.svg,1421x930 mm,no SIGN SIZE table read; drawn at 1:10 — check; sheet drawn in colour; colours kept as drawn,Original PDFs/g/g86-15-a11y.pdf
G86-16,G86-16(CA),Guide Signs,WEST_LOS_ANGELES_VETERANS_HOME_NEXT_RIGHT_EXIT_444_G86-16.svg,1168x559 mm,no SIGN SIZE table read; drawn at 1:10 — check; sheet drawn in colour; colours kept as drawn,Original PDFs/g/g86-16-ca-a11y.pdf
G92-1,G92-1(CA),Guide Signs,N_PL_AQUE_WITH_A_G92-1.svg,874x874 mm,no SIGN SIZE table read; drawn at 1:10 — check; sheet drawn in colour; colours kept as drawn,Original PDFs/g/g92-1-a11y.pdf
G95DP(CA),,Guide Signs,,,scanned sheet (raster image); not drawn — needs a vector copy or tracing,Original PDFs/g/f0018937-g95d-a11y.pdf
G95EP,G95EP(CA),Guide Signs,A_SIG_N_PLAQ_G95EP.svg,2438x393 mm,size from the sheet's SIGN SIZE table (96 x 18 in; other table sizes: 120 x 24); sheet drawn in colour; colours kept as drawn,Original PDFs/g/g95e-a11y.pdf
G96AP(CA),,Guide Signs,,,scanned sheet (raster image); not drawn — needs a vector copy or tracing,Original PDFs/g/f0018942-g96a-a11y.pdf
G97A,G97A(CA),Guide Signs,PLAQUE_WITH_THE_TEXT_AMTRAK_IN_BLACK_BACKGROUND_IS_SHOWN_THE_G97A.svg,457x134 mm,"size from the sheet's SIGN SIZE table (18 x 5 in; other table sizes: 24 x 6, 30 x 8); no COLORS note read; drawn in the sheet's black and white — check",Original PDFs/g/g97a-a11y.pdf
G200-81AP(CA),,Guide Signs,,,scanned sheet (raster image); not drawn — needs a vector copy or tracing,Original PDFs/g/f0018783-g200-81a-a11y.pdf
G200-82,G200-82(CA),Guide Signs,G200_82_CA_G200-82.svg,1016x1016 mm,no SIGN SIZE table read; drawn at 1:10 — check; sheet drawn in colour; colours kept as drawn,Original PDFs/g/202405-g200-82ca-a11y.pdf
G200-82A(CA),,Guide Signs,,,scanned sheet (raster image); not drawn — needs a vector copy or tracing,Original PDFs/g/f0018786-g200-82a-a11y.pdf
SG1(CA),,Guide Signs,,,scanned sheet (raster image); not drawn — needs a vector copy or tracing,Original PDFs/sg/f0019315-sg1-a11y.pdf
SG2(CA),,Guide Signs,,,scanned sheet (raster image); not drawn — needs a vector copy or tracing,Original PDFs/g/f0019317-sg2-a11y.pdf
SG2A,SG2A(CA),Guide Signs,A_SIGNBOAR_D_D_ISPLAYS_A_ME_SG2A.svg,1067x364 mm,"size from the sheet's SIGN SIZE table (42 x 15 in); colours from the sheet's COLORS note: background BROWN, legend WHITE",Original PDFs/sg/f0019325-sg2a-a11y.pdf
SG19,SG19(CA),Guide Signs,RIDESHARING_511_INFO_CALL_SG19.svg,1829x1045 mm,size from the sheet's SIGN SIZE table (72 x 42 in; other table sizes: 90 x 54); sheet drawn in colour; colours kept as drawn,Original PDFs/sg/f0019316-sg19-a11y.pdf
SG20,SG20(CA),Guide Signs,A_HIG_H_WAY_S_OARD_WITH_T_HE_MESSAG_E_RIDES_ING_INF_O_CALL_5_SG20.svg,2438x1809 mm,size from the sheet's SIGN SIZE table (96 x 72 in; other table sizes: 66 x 54); sheet drawn in colour; colours kept as drawn,Original PDFs/sg/f0019318-sg20-a11y.pdf
SG25(CA),,Guide Signs,,,scanned sheet (raster image); not drawn — needs a vector copy or tracing,Original PDFs/sg/f0019319-sg25-a11y.pdf
SG26(CA),,Guide Signs,,,scanned sheet (raster image); not drawn — needs a vector copy or tracing,Original PDFs/sg/f0019321-sg26-a11y.pdf
SG30(CA),,Guide Signs,,,scanned sheet (raster image); not drawn — needs a vector copy or tracing,Original PDFs/sg/f0019326-sg30-a11y.pdf
SG31(CA),,Guide Signs,,,scanned sheet (raster image); not drawn — needs a vector copy or tracing,Original PDFs/sg/f0019327-sg31-a11y.pdf
SG32(CA),,Guide Signs,,,scanned sheet (raster image); not drawn — needs a vector copy or tracing,Original PDFs/sg/f0019328-sg32-a11y.pdf
SG33(CA),,Guide Signs,,,scanned sheet (raster image); not drawn — needs a vector copy or tracing,Original PDFs/sg/f0019329-sg33-a11y.pdf
SG34(CA),,Guide Signs,,,scanned sheet (raster image); not drawn — needs a vector copy or tracing,Original PDFs/sg/f0019330-sg34-a11y.pdf
SG35P(CA),,Guide Signs,,,scanned sheet (raster image); not drawn — needs a vector copy or tracing,Original PDFs/sg/f0019331-sg35-a11y.pdf
SG35-1P(CA),,Guide Signs,,,scanned sheet (raster image); not drawn — needs a vector copy or tracing,Original PDFs/sg/f0019332-sg35-1-a11y.pdf
SG41(CA),,Guide Signs,,,scanned sheet (raster image); not drawn — needs a vector copy or tracing,Original PDFs/sg/f0019334-sg41-a11y.pdf
SG42-1,SG42-1(CA),Guide Signs,FUEL_EXIT_44_SG42-1.svg,4572x3048 mm,"size from the sheet's SIGN SIZE table (180 x 120 in); colours from the sheet's COLORS note: background BLUE, legend WHITE; dashed placeholder outlines on the sheet (alternate panels / messages) partly kept as small marks — check",Original PDFs/sg/f0019335-sg42-1-a11y.pdf
SG42-2,SG42-2(CA),Guide Signs,FUEL_EXIT_44_SG42-2.svg,0x0 mm,"size from the sheet's SIGN SIZE table (0 x 72 in table row; proportions differ from the drawing, drawn proportions kept at width 0 in — check); colours from the sheet's COLORS note: background BLUE, legend WHITE; dashed placeholder outlines on the sheet (alternate panels / messages) partly kept as small marks — check",Original PDFs/sg/f0019339-sg42-2-a11y.pdf
SG42-3,SG42-3(CA),Guide Signs,FUEL_EXIT_44A_FUEL_EXIT_44B_SG42-3.svg,4572x3658 mm,"size from the sheet's SIGN SIZE table (180 x 144 in); colours from the sheet's COLORS note: background BLUE, legend WHITE; dashed placeholder outlines on the sheet (alternate panels / messages) partly kept as small marks — check",Original PDFs/sg/f0019340-sg42-3-a11y.pdf
SG42-4,SG42-4(CA),Guide Signs,FUEL_1_MI_SG42-4.svg,2134x1349 mm,"size from the sheet's SIGN SIZE table (84 x 54 in); colours from the sheet's COLORS note: background BLUE, legend WHITE; dashed placeholder outlines on the sheet (alternate panels / messages) partly kept as small marks — check",Original PDFs/sg/f0019341-sg42-4-a11y.pdf
SG42-4,SG42-4(CA),Guide Signs,FUEL_1_MI_VAR2_SG42-4.svg,2134x266 mm,"size from the sheet's SIGN SIZE table (84 x 54 in table row; proportions differ from the drawing, drawn proportions kept at width 84 in — check); colours from the sheet's COLORS note: background BLUE, legend WHITE",Original PDFs/sg/f0019341-sg42-4-a11y.pdf
SG42-5,SG42-5(CA),Guide Signs,FUEL_1_MI_SG42-5.svg,1676x927 mm,"size from the sheet's SIGN SIZE table (66 x 36 in); colours from the sheet's COLORS note: background BLUE, legend WHITE; dashed placeholder outlines on the sheet (alternate panels / messages) partly kept as small marks — check",Original PDFs/sg/f0019342-sg42-5-a11y.pdf
SG42-6,SG42-6(CA),Guide Signs,EXIT_44_CAMPING_FUEL_SG42-6.svg,3505x3505 mm,"size from the sheet's SIGN SIZE table (138 x 138 in); colours from the sheet's COLORS note: background BLUE, legend WHITE; dashed placeholder outlines on the sheet (alternate panels / messages) partly kept as small marks — check",Original PDFs/sg/f0019343-sg42-6-a11y.pdf
SG42-7,SG42-7(CA),Guide Signs,EXIT_44_CAMPING_FUEL_SG42-7.svg,876x572 mm,"no SIGN SIZE table read; drawn at 1:10 — check; colours from the sheet's COLORS note: background BLUE, legend WHITE; dashed placeholder outlines on the sheet (alternate panels / messages) partly kept as small marks — check",Original PDFs/sg/f0019344-sg42-7-a11y.pdf
SG42-8,SG42-8(CA),Guide Signs,CAMPING_1_MI_SG42-8.svg,716x716 mm,"no SIGN SIZE table read; drawn at 1:10 — check; colours from the sheet's COLORS note: background BLUE, legend WHITE; dashed placeholder outlines on the sheet (alternate panels / messages) partly kept as small marks — check",Original PDFs/sg/f0019345-sg42-8-a11y.pdf
SG42-9,SG42-9(CA),Guide Signs,FUEL_EXIT_44_A_SG42-9.svg,1829x2134 mm,size from the sheet's SIGN SIZE table (72 x 84 in); sheet drawn in colour; colours kept as drawn,Original PDFs/sg/f0019346-sg42-9-a11y.pdf
SG42-10,SG42-10(CA),Guide Signs,FUEL_EXIT_44_SG42-10.svg,3200x3048 mm,"size from the sheet's SIGN SIZE table (126 x 120 in); colours from the sheet's COLORS note: background BLUE, legend WHITE; dashed placeholder outlines on the sheet (alternate panels / messages) partly kept as small marks — check",Original PDFs/sg/f0019336-sg42-10-a11y.pdf
SG42-11,SG42-11(CA),Guide Signs,FUEL_EXIT_44A_FUEL_EXIT_44B_SG42-11.svg,3200x3658 mm,"size from the sheet's SIGN SIZE table (126 x 144 in); colours from the sheet's COLORS note: background BLUE, legend WHITE; dashed placeholder outlines on the sheet (alternate panels / messages) partly kept as small marks — check",Original PDFs/sg/f0019337-sg42-11-a11y.pdf
SG42-12,SG42-12(CA),Guide Signs,CAMPING_1_MI_SG42-12.svg,1219x920 mm,"size from the sheet's SIGN SIZE table (48 x 36 in); colours from the sheet's COLORS note: background BLUE, legend WHITE; dashed placeholder outlines on the sheet (alternate panels / messages) partly kept as small marks — check",Original PDFs/sg/f0019338-sg42-12-a11y.pdf
SG47A,SG47A(CA),Guide Signs,2_MILES_CALIFORNIA_WELCOME_CENTER_SG47A.svg,3353x2134 mm,"size from the sheet's SIGN SIZE table (132 x 84 in; other table sizes: 66 x 48, 108 x 66); sheet drawn in colour; colours kept as drawn",Original PDFs/sg/sg47a-a11y.pdf
SG47B,SG47B(CA),Guide Signs,NEXT_EXIT_CALIFORNIA_WELCOME_CENTER_SG47B.svg,1048x667 mm,no SIGN SIZE table read; drawn at 1:10 — check; sheet drawn in colour; colours kept as drawn,Original PDFs/sg/f0019360-sg47b-a11y.pdf
SG47C(CA),,Guide Signs,,,scanned sheet (raster image); not drawn — needs a vector copy or tracing,Original PDFs/sg/f0019361-sg47c-a11y.pdf
SG47D(CA),,Guide Signs,,,scanned sheet (raster image); not drawn — needs a vector copy or tracing,Original PDFs/sg/f0019362-sg47d-2-a11y.pdf
SG47E,SG47E(CA),Guide Signs,,,no drawing found on the sheet,Original PDFs/sg/f0019363-sg47e-a11y.pdf
S1-1,S1-1(CA),School Signs,,,same code as the base pack: use Federal (MUTCD 2023)/SVGs/SCHOOL_S1-1.svg (was: no SIGN SIZE table read; drawn at 1:10 — check; sheet drawn in colour; colours kept as drawn),Original PDFs/s/s1-1_ca-a11y.pdf
S2(CA),,School Signs,,,scanned sheet (raster image); not drawn — needs a vector copy or tracing,Original PDFs/s/f0019258-s2-a11y.pdf
S3-1(CA),,School Signs,,,scanned sheet (raster image); not drawn — needs a vector copy or tracing,Original PDFs/s/f0019277-s3-1-a11y.pdf
S8(CA),,School Signs,,,scanned sheet (raster image); not drawn — needs a vector copy or tracing,Original PDFs/s/f0019294-s8-a11y.pdf
S9(CA),,School Signs,,,scanned sheet (raster image); not drawn — needs a vector copy or tracing,Original PDFs/s/f0019295-s9-a11y.pdf
S10(CA),,School Signs,,,scanned sheet (raster image); not drawn — needs a vector copy or tracing,Original PDFs/s/f0019252-s10-a11y.pdf
S12(CA),,School Signs,,,scanned sheet (raster image); not drawn — needs a vector copy or tracing,Original PDFs/s/f0019254-s12-a11y.pdf
S18(CA),,School Signs,,,scanned sheet (raster image); not drawn — needs a vector copy or tracing,Original PDFs/s/f0019256-s18-a11y.pdf
S19(CA),,School Signs,,,scanned sheet (raster image); not drawn — needs a vector copy or tracing,Original PDFs/s/f0019257-s19-a11y.pdf
S20(CA),,School Signs,,,scanned sheet (raster image); not drawn — needs a vector copy or tracing,Original PDFs/s/f0019259-s20-a11y.pdf
S21P(CA),,School Signs,,,scanned sheet (raster image); not drawn — needs a vector copy or tracing,Original PDFs/s/f0019260-s21-a11y.pdf
S22(CA),,School Signs,,,scanned sheet (raster image); not drawn — needs a vector copy or tracing,Original PDFs/s/f0019261-s22-a11y.pdf
S22-1,S22-1(CA),School Signs,,,no drawing found on the sheet,Original PDFs/s/s22-1-a11y.pdf
S23(CA),,School Signs,,,scanned sheet (raster image); not drawn — needs a vector copy or tracing,Original PDFs/s/f0019263-s23-a11y.pdf
S24(CA),,School Signs,,,scanned sheet (raster image); not drawn — needs a vector copy or tracing,Original PDFs/s/f0019264-s24-a11y.pdf
S25(CA),,School Signs,,,scanned sheet (raster image); not drawn — needs a vector copy or tracing,Original PDFs/s/f0019265-s25-a11y.pdf
S26(CA),,School Signs,,,scanned sheet (raster image); not drawn — needs a vector copy or tracing,Original PDFs/s/f0019266-s26-a11y.pdf
S27(CA),,School Signs,,,scanned sheet (raster image); not drawn — needs a vector copy or tracing,Original PDFs/s/f0019267-s27-a11y.pdf
S28,S28(CA),School Signs,H_THE_TE_XT_U_SING_RECYCLED_WATER_THE_DIMENSIONS_OF_THE_PANE_S28.svg,457x301 mm,"size from the sheet's SIGN SIZE table (18 x 12 in; other table sizes: 36 x 24, 54 x 36); sheet drawn in colour; colours kept as drawn",Original PDFs/s/s28-a11y.pdf
S29,S29(CA),School Signs,N_BOARD_WITH_T_HE_TEXT_HISTORIC_S29.svg,952x572 mm,"no SIGN SIZE table read; drawn at 1:10 — check; colours from the sheet's COLORS note: background WHITE, legend BROWN; no BACKGROUND in the COLORS note, white assumed — check; MUTCD number Non",Original PDFs/s/s29-a11y.pdf
S29-1,S29-1(CA),School Signs,TH_T_HE_TEX_T_HISTORIC_BRID_GE_RANCHO_MURIETA_BRIDGE_1908_TH_S29-1.svg,952x762 mm,"no SIGN SIZE table read; drawn at 1:10 — check; colours from the sheet's COLORS note: background WHITE, legend BROWN; no BACKGROUND in the COLORS note, white assumed — check",Original PDFs/s/s29-1-a11y.pdf
S29-2,S29-2(CA),School Signs,TITLED_HIST_ORIC_BRIDGE_WIT_H_THE_TEXT_RAN_CHO_MURIETA_BRIDG_S29-2.svg,952x762 mm,"no SIGN SIZE table read; drawn at 1:10 — check; colours from the sheet's COLORS note: background WHITE, legend BROWN; no BACKGROUND in the COLORS note, white assumed — check; MUTCD number Non",Original PDFs/s/s29-2-a11y.pdf
S30-1(CA),,School Signs,,,scanned sheet (raster image); not drawn — needs a vector copy or tracing,Original PDFs/s/f0019272-s30-1-a11y.pdf
S32(CA) One Post,,School Signs,,,scanned sheet (raster image); not drawn — needs a vector copy or tracing,Original PDFs/s/s32-ca-single-post-a11y.pdf
S32TwoPosts,S32(CA) Two Posts,School Signs,,,no drawing found on the sheet,Original PDFs/s/s32-ca-2posts-v2-a11y.pdf
S32A,S32A(CA),School Signs,S32A_CA_S32A.svg,254x232 mm,"size from the sheet's SIGN SIZE table (10 x 12 in table row; proportions differ from the drawing, drawn proportions kept at width 10 in — check); sheet drawn in colour; colours kept as drawn",Original PDFs/s/s32a-ca-a11y.pdf
S32B,S32B(CA),School Signs,,,no drawing found on the sheet,Original PDFs/s/s32b-ca-a11y.pdf
S32-1,S32-1(CA),School Signs,S32_1_CA_S32-1.svg,1096x1221 mm,no SIGN SIZE table read; drawn at 1:10 — check; sheet drawn in colour; colours kept as drawn; dashed placeholder outlines on the sheet (alternate panels / messages) partly kept as small marks — check; MUTCD number Non,Original PDFs/s/s32-1-a11y.pdf
S32-2,S32-2(CA),School Signs,S32_2_CA_S32-2.svg,857x1048 mm,no SIGN SIZE table read; drawn at 1:10 — check; sheet drawn in colour; colours kept as drawn; dashed placeholder outlines on the sheet (alternate panels / messages) partly kept as small marks — check; MUTCD number Non,Original PDFs/s/s32-2-a11y.pdf
S32-3,S32-3(CA),School Signs,S32_3_CA_S32-3.svg,857x1048 mm,no SIGN SIZE table read; drawn at 1:10 — check; sheet drawn in colour; colours kept as drawn; MUTCD number Non,Original PDFs/s/s32-3-a11y.pdf
S32-4,S32-4(CA),School Signs,S32_4_CA_S32-4.svg,857x1048 mm,no SIGN SIZE table read; drawn at 1:10 — check; sheet drawn in colour; colours kept as drawn; MUTCD number Non,Original PDFs/s/s32-4-a11y.pdf
S32-5,S32-5(CA),School Signs,S32_5_CA_S32-5.svg,857x1048 mm,no SIGN SIZE table read; drawn at 1:10 — check; sheet drawn in colour; colours kept as drawn; MUTCD number Non,Original PDFs/s/s32-5-a11y.pdf
S34,S34(CA),School Signs,TEXT_A_ND_T_HE_SPAC_E_BETW_S34.svg,641x914 mm,no SIGN SIZE table read; drawn at 1:10 — check; sheet drawn in colour; colours kept as drawn; dashed placeholder outlines on the sheet (alternate panels / messages) partly kept as small marks — check,Original PDFs/s/s34-a11y.pdf
S34,S34(CA),School Signs,TEXT_A_ND_T_HE_SPAC_E_BETW_VAR2_S34.svg,691x580 mm,"no SIGN SIZE table read; drawn at 1:10 — check; colours from the sheet's COLORS note: background WHITE, legend GREEN; dashed placeholder outlines on the sheet (alternate panels / messages) partly kept as small marks — check",Original PDFs/s/s34-a11y.pdf
S35,S35(CA),School Signs,NEL_WI_TH_THE_TEXT_PLEASE_DON_T_DRINK_AND_DRIVE_THE_DIMENSIO_S35.svg,914x762 mm,"size from the sheet's SIGN SIZE table (36 x 30 in); colours from the sheet's COLORS note: background BLUE, legend WHITE",Original PDFs/s/s35-a11y.pdf
S35-1P,S35-1P(CA),School Signs,N_P_ANEL_WI_TH_THE_TEXT_IN_MEM_S35-1P.svg,914x305 mm,"size from the sheet's SIGN SIZE table (36 x 12 in); colours from the sheet's COLORS note: background BLUE, legend WHITE",Original PDFs/s/s35-1-a11y.pdf
S35-2P,S35-2P(CA),School Signs,NEL_WITH_T_HE_TEXT_IN_MEMORY_OF_XXXXXXXXXXXXXXXXXXXXXXXXX_TH_S35-2P.svg,914x382 mm,"size from the sheet's SIGN SIZE table (36 x 15 in); colours from the sheet's COLORS note: background BLUE, legend WHITE",Original PDFs/s/s35-2-a11y.pdf
S35-3P,S35-3P(CA),School Signs,L_W_ITH_THE_T_EXT_IN_MEMORY_OF_XXXXXXXXXXXXXXXX_XXXXXXXXXXXX_S35-3P.svg,914x457 mm,"size from the sheet's SIGN SIZE table (36 x 18 in); colours from the sheet's COLORS note: background BLUE, legend WHITE",Original PDFs/s/s35-3-a11y.pdf
S36,S36(CA),School Signs,A_SIG_N_P_ANEL_WITH_THE_TEXT_SAN_DEIG_S36.svg,1194x1086 mm,no SIGN SIZE table read; drawn at 1:10 — check; sheet drawn in colour; colours kept as drawn,Original PDFs/s/s36-a11y.pdf
S36A,S36A(CA),School Signs,ENTERING_LEAVING_S36A.svg,1181x267 mm,no SIGN SIZE table read; drawn at 1:10 — check; sheet drawn in colour; colours kept as drawn,Original PDFs/s/f0019293-s36a-s36b-a11y.pdf
S36A,S36A(CA),School Signs,ENTERING_LEAVING_VAR2_S36A.svg,1181x267 mm,no SIGN SIZE table read; drawn at 1:10 — check; sheet drawn in colour; colours kept as drawn,Original PDFs/s/f0019293-s36a-s36b-a11y.pdf
S36B,S36B(CA),School Signs,ENTERING_LEAVING_S36B.svg,1181x267 mm,no SIGN SIZE table read; drawn at 1:10 — check; sheet drawn in colour; colours kept as drawn,Original PDFs/s/f0019293-s36a-s36b-a11y.pdf
S36B,S36B(CA),School Signs,ENTERING_LEAVING_VAR2_S36B.svg,1181x267 mm,no SIGN SIZE table read; drawn at 1:10 — check; sheet drawn in colour; colours kept as drawn,Original PDFs/s/f0019293-s36a-s36b-a11y.pdf
RS-Series Grids [MUTCD],,Route Markers,,,scanned sheet (raster image); not drawn — needs a vector copy or tracing,Original PDFs/rs/rs-series-grids-a11y.pdf
R2-4,R2-4(CA),Regulatory Signs,,,"same code as the base pack: use Federal (MUTCD 2023)/SVGs/MINIMUM_SPEED_LIMIT_ENGLISH_R2-4.svg (was: no SIGN SIZE table read; drawn at 1:10 — check; colours from the sheet's COLORS note: background WHITE, legend BLACK)",Original PDFs/r/r2-4-a11y.pdf
R3,R3(CA),Regulatory Signs,TRATE_HE_VARIOUS_DIMENSIONS_OF_A_SIGN_BOARD_END_35_SPEED_LIM_R3.svg,914x1143 mm,"no SIGN SIZE table read; drawn at 1:10 — check; colours from the sheet's COLORS note: background WHITE, legend BLACK",Original PDFs/r/r3-a11y.pdf
R3-1ABO,R3-1 ABO,Regulatory Signs,R3_1_ABO_R3-1ABO.svg,1080x1079 mm,no SIGN SIZE table read; drawn at 1:10 — check; sheet drawn in colour; colours kept as drawn,Original PDFs/r/r3-1-abo-a11y.pdf
R3-2ABO,R3-2 ABO,Regulatory Signs,R3_2_ABO_R3-2ABO.svg,1080x1079 mm,no SIGN SIZE table read; drawn at 1:10 — check; sheet drawn in colour; colours kept as drawn,Original PDFs/r/r3-2-abo-a11y.pdf
R3-4ABO,R3-4 ABO,Regulatory Signs,R3_4_ABO_R3-4ABO.svg,1080x1078 mm,no SIGN SIZE table read; drawn at 1:10 — check; sheet drawn in colour; colours kept as drawn,Original PDFs/r/f0019050-r3-4-abo-a11y.pdf
R3-18ABO,R3-18 ABO,Regulatory Signs,R3_18_ABO_R3-18ABO.svg,1081x1081 mm,no SIGN SIZE table read; drawn at 1:10 — check; sheet drawn in colour; colours kept as drawn,Original PDFs/r/r3-18-abo-a11y.pdf
R3-27ABO,R3-27 ABO,Regulatory Signs,R3_27_ABO_R3-27ABO.svg,1076x1076 mm,no SIGN SIZE table read; drawn at 1:10 — check; sheet drawn in colour; colours kept as drawn,Original PDFs/r/r3-27-abo-a11y.pdf
R5-1ABO,R5-1 ABO,Regulatory Signs,DO_NOT_ENTER_R5-1ABO.svg,1079x1079 mm,no SIGN SIZE table read; drawn at 1:10 — check; sheet drawn in colour; colours kept as drawn,Original PDFs/r/f0019070-r5-1-abo-a11y.pdf
R5-1aABO,R5-1a ABO,Regulatory Signs,WRONG_WAY_R5-1aABO.svg,1167x705 mm,no SIGN SIZE table read; drawn at 1:10 — check; sheet drawn in colour; colours kept as drawn,Original PDFs/r/f0019069-r5-1a-abo-a11y.pdf
R6-3A,R6-3A(CA),Regulatory Signs,,,"same code as the base pack: use Federal (MUTCD 2023)/SVGs/DIVIDED_HIGHWAY_CROSSING_R6-3a.svg (was: no SIGN SIZE table read; drawn at 1:10 — check; colours from the sheet's COLORS note: background WHITE, legend BLACK)",Original PDFs/r/f0019105-r6-3a-a11y.pdf
R6-4A,R6-4A(CA),Regulatory Signs,,,"same code as the base pack: use Federal (MUTCD 2023)/SVGs/ROUNDABOUT_DIRECTIONAL_3_CHEVRONS_R6-4a.svg (was: no SIGN SIZE table read; drawn at 1:10 — check; colours from the sheet's COLORS note: background WHITE, legend BLACK)",Original PDFs/r/f0019107-r6-4a-a11y.pdf
R10-3e,R10-3e(CA),Regulatory Signs,,,"same code as the base pack: use Federal (MUTCD 2023)/SVGs/PUSH_BUTTON_EDUCATIONAL_COUNTDOWN_SIGNAL_R10-3e.svg (was: no SIGN SIZE table read; drawn at 1:10 — check; sheet drawn in colour; colours kept as drawn; MUTCD number .375"")",Original PDFs/r/r10-3e_ca-a11y.pdf
R10-3e,R10-3e(CA),Regulatory Signs,,,"same code as the base pack: use Federal (MUTCD 2023)/SVGs/PUSH_BUTTON_EDUCATIONAL_COUNTDOWN_SIGNAL_R10-3e.svg (was: no SIGN SIZE table read; drawn at 1:10 — check; colours from the sheet's COLORS note: background WHITE, legend BLACK; no BACKGROUND in the COLORS note, white assumed — check; dashed placeholder outlines on the sheet (alternate panels / messages) partly kept as small marks — check; MUTCD number .375"")",Original PDFs/r/r10-3e_ca-a11y.pdf
R10-3e,R10-3e(CA),Regulatory Signs,,,"same code as the base pack: use Federal (MUTCD 2023)/SVGs/PUSH_BUTTON_EDUCATIONAL_COUNTDOWN_SIGNAL_R10-3e.svg (was: no SIGN SIZE table read; drawn at 1:10 — check; colours from the sheet's COLORS note: background WHITE, legend BLACK; no BACKGROUND in the COLORS note, white assumed — check; MUTCD number .375"")",Original PDFs/r/r10-3e_ca-a11y.pdf
R10-3e,R10-3e(CA),Regulatory Signs,,,"same code as the base pack: use Federal (MUTCD 2023)/SVGs/PUSH_BUTTON_EDUCATIONAL_COUNTDOWN_SIGNAL_R10-3e.svg (was: no SIGN SIZE table read; drawn at 1:10 — check; sheet drawn in colour; colours kept as drawn; MUTCD number .375"")",Original PDFs/r/r10-3e_ca-a11y.pdf
R10-3e,R10-3e(CA),Regulatory Signs,,,"same code as the base pack: use Federal (MUTCD 2023)/SVGs/PUSH_BUTTON_EDUCATIONAL_COUNTDOWN_SIGNAL_R10-3e.svg (was: no SIGN SIZE table read; drawn at 1:10 — check; colours from the sheet's COLORS note: background WHITE, legend BLACK; no BACKGROUND in the COLORS note, white assumed — check; MUTCD number .375"")",Original PDFs/r/r10-3e_ca-a11y.pdf
R10-3i,R10-3i(CA),Regulatory Signs,,,"same code as the base pack: use Federal (MUTCD 2023)/SVGs/PUSH_BUTTON_EDUCATIONAL_COUNTDOWN_SIGNAL_STREET_NAME_R10-3i.svg (was: no SIGN SIZE table read; drawn at 1:10 — check; sheet drawn in colour; colours kept as drawn; dashed placeholder outlines on the sheet (alternate panels / messages) partly kept as small marks — check; MUTCD number .375"")",Original PDFs/r/r10-3i_ca-a11y.pdf
R10-3i,R10-3i(CA),Regulatory Signs,,,"same code as the base pack: use Federal (MUTCD 2023)/SVGs/PUSH_BUTTON_EDUCATIONAL_COUNTDOWN_SIGNAL_STREET_NAME_R10-3i.svg (was: no SIGN SIZE table read; drawn at 1:10 — check; colours from the sheet's COLORS note: background WHITE, legend BLACK; no BACKGROUND in the COLORS note, white assumed — check; dashed placeholder outlines on the sheet (alternate panels / messages) partly kept as small marks — check; MUTCD number .375"")",Original PDFs/r/r10-3i_ca-a11y.pdf
R10-3i,R10-3i(CA),Regulatory Signs,,,"same code as the base pack: use Federal (MUTCD 2023)/SVGs/PUSH_BUTTON_EDUCATIONAL_COUNTDOWN_SIGNAL_STREET_NAME_R10-3i.svg (was: no SIGN SIZE table read; drawn at 1:10 — check; colours from the sheet's COLORS note: background WHITE, legend BLACK; no BACKGROUND in the COLORS note, white assumed — check; MUTCD number .375"")",Original PDFs/r/r10-3i_ca-a11y.pdf
R10-3i,R10-3i(CA),Regulatory Signs,,,"same code as the base pack: use Federal (MUTCD 2023)/SVGs/PUSH_BUTTON_EDUCATIONAL_COUNTDOWN_SIGNAL_STREET_NAME_R10-3i.svg (was: no SIGN SIZE table read; drawn at 1:10 — check; sheet drawn in colour; colours kept as drawn; MUTCD number .375"")",Original PDFs/r/r10-3i_ca-a11y.pdf
R10-3i,R10-3i(CA),Regulatory Signs,,,"same code as the base pack: use Federal (MUTCD 2023)/SVGs/PUSH_BUTTON_EDUCATIONAL_COUNTDOWN_SIGNAL_STREET_NAME_R10-3i.svg (was: no SIGN SIZE table read; drawn at 1:10 — check; colours from the sheet's COLORS note: background WHITE, legend BLACK; no BACKGROUND in the COLORS note, white assumed — check; MUTCD number .375"")",Original PDFs/r/r10-3i_ca-a11y.pdf
R10-3j,R10-3j(CA),Regulatory Signs,R10_3J_CA_R10-3j.svg,1157x1580 mm,"no SIGN SIZE table read; drawn at 1:10 — check; colours from the sheet's COLORS note: background WHITE, legend BLACK",Original PDFs/r/r10-3j-ca-a11y.pdf
R10-3k,R10-3k(CA),Regulatory Signs,R10_3K_CA_R10-3k.svg,857x1143 mm,"no SIGN SIZE table read; drawn at 1:10 — check; colours from the sheet's COLORS note: background WHITE, legend BLACK",Original PDFs/r/202505-r10-3k-ca-a11y.pdf
R18B(CA),,Regulatory Signs,,,scanned sheet (raster image); not drawn — needs a vector copy or tracing,Original PDFs/r/f0018982-r18b-a11y.pdf
R20-1,R20-1(CA),Regulatory Signs,T0_REAR_AXLE_KINGPIN_38_FEET_SEMI_0VER_R20-1.svg,1295x610 mm,no SIGN SIZE table read; drawn at 1:10 — check; sheet drawn in colour; colours kept as drawn,Original PDFs/r/f0018983-r20-1-a11y.pdf
R20H(CA),,Regulatory Signs,,,scanned sheet (raster image); not drawn — needs a vector copy or tracing,Original PDFs/r/f0018987-r20h-a11y.pdf
R20-1AP,R20-1AP(CA),Regulatory Signs,NEXT_EXIT_R20-1AP.svg,1295x232 mm,"no SIGN SIZE table read; drawn at 1:10 — check; colours from the sheet's COLORS note: background WHITE, legend BLACK",Original PDFs/r/f0018984-r20-1a-a11y.pdf
R21(CA),,Regulatory Signs,,,scanned sheet (raster image); not drawn — needs a vector copy or tracing,Original PDFs/r/f0018988-r21-a11y.pdf
R22(CA),,Regulatory Signs,,,scanned sheet (raster image); not drawn — needs a vector copy or tracing,Original PDFs/r/f0018989-r22-a11y.pdf
R23(CA),,Regulatory Signs,,,scanned sheet (raster image); not drawn — needs a vector copy or tracing,Original PDFs/r/f0018990-r23-a11y.pdf
R24(CA),,Regulatory Signs,,,scanned sheet (raster image); not drawn — needs a vector copy or tracing,Original PDFs/r/f0018991-r24-a11y.pdf
R24A,R24A (CA),Regulatory Signs,HOOL_B_ONLY_R24A.svg,610x914 mm,"no SIGN SIZE table read; drawn at 1:10 — check; colours from the sheet's COLORS note: background WHITE, legend BLACK",Original PDFs/r/r24a-a11y.pdf
R24B,R24B(CA),Regulatory Signs,TAXICAB_R24B.svg,610x914 mm,"no SIGN SIZE table read; drawn at 1:10 — check; colours from the sheet's COLORS note: background WHITE, legend BLACK",Original PDFs/r/r24b-a11y.pdf
R24C,R24C(CA),Regulatory Signs,A_SI_R24C.svg,610x914 mm,"no SIGN SIZE table read; drawn at 1:10 — check; colours from the sheet's COLORS note: background WHITE, legend BLACK",Original PDFs/r/r24c-a11y.pdf
R24D,R24D(CA),Regulatory Signs,LABE_LED_WIT_H_VA_R24D.svg,610x914 mm,"no SIGN SIZE table read; drawn at 1:10 — check; colours from the sheet's COLORS note: background WHITE, legend BLACK",Original PDFs/r/r24d-a11y.pdf
R24E,R24E(CA),Regulatory Signs,BL0CK_WHEELS_T0_CURB_R24E.svg,610x914 mm,"no SIGN SIZE table read; drawn at 1:10 — check; colours from the sheet's COLORS note: background WHITE, legend BLACK; no BACKGROUND in the COLORS note, white assumed — check",Original PDFs/r/f0018997-r24e-a11y.pdf
R24F,R24F(CA),Regulatory Signs,BACK_IN_ANGLE_PARKING_ONLY_R24F.svg,610x914 mm,"no SIGN SIZE table read; drawn at 1:10 — check; colours from the sheet's COLORS note: background WHITE, legend BLACK",Original PDFs/r/r24f-ca-a11y.pdf
R25(CA),,Regulatory Signs,,,scanned sheet (raster image); not drawn — needs a vector copy or tracing,Original PDFs/r/f0018998-r25-a11y.pdf
R25C,R25C(CA),Regulatory Signs,PASSENGER_L0ADING_5_MINUTE_LIMIT_0NLY_R25C.svg,914x914 mm,"no SIGN SIZE table read; drawn at 1:10 — check; colours from the sheet's COLORS note: background WHITE, legend BLACK",Original PDFs/r/f0019001-r25c-a11y.pdf
R25E,R25E(CA),Regulatory Signs,R_L0ADING_0NLY_7_AM_T0_4_PM_SCH00L_DAYS_5_MINUTE_LIMIT_PASSE_R25E.svg,914x1067 mm,"no SIGN SIZE table read; drawn at 1:10 — check; colours from the sheet's COLORS note: background WHITE, legend BLACK",Original PDFs/r/f0019003-r25e-a11y.pdf
R25F,R25F(CA),Regulatory Signs,FOR_SCHOO_L_BUS_ONLY_IS_SHOWN_VARIOUS_DIMENSIONS_OF_THE_SIGN_R25F.svg,914x914 mm,"no SIGN SIZE table read; drawn at 1:10 — check; colours from the sheet's COLORS note: background WHITE, legend BLACK",Original PDFs/r/r25f-a11y.pdf
R25J,R25J(CA),Regulatory Signs,CAR_SHARE_PARKING_ONLY_PERMIT_REQUIRED_R25J.svg,914x914 mm,"no SIGN SIZE table read; drawn at 1:10 — check; colours from the sheet's COLORS note: background WHITE, legend BLACK",Original PDFs/r/r25j-a11y.pdf
R26(CA),,Regulatory Signs,,,scanned sheet (raster image); not drawn — needs a vector copy or tracing,Original PDFs/r/f0019008-r26-a11y.pdf
R26(S)(CA),,Regulatory Signs,,,scanned sheet (raster image); not drawn — needs a vector copy or tracing,Original PDFs/r/f0019007-r26-s-a11y.pdf
R26A(CA),,Regulatory Signs,,,scanned sheet (raster image); not drawn — needs a vector copy or tracing,Original PDFs/r/f0019010-r26a-a11y.pdf
R26A(S)(CA),,Regulatory Signs,,,scanned sheet (raster image); not drawn — needs a vector copy or tracing,Original PDFs/r/f0019009-r26a-s-a11y.pdf
R26F(CA),,Regulatory Signs,,,scanned sheet (raster image); not drawn — needs a vector copy or tracing,Original PDFs/r/f0019011-r26f-a11y.pdf
R26K,R26K(CA),Regulatory Signs,P_R26K.svg,610x914 mm,no SIGN SIZE table read; drawn at 1:10 — check; sheet drawn in colour; colours kept as drawn,Original PDFs/r/r26k-a11y.pdf
R26L,R26L(CA),Regulatory Signs,NO_STOPPING_ANY_TIME_R26L.svg,610x914 mm,no SIGN SIZE table read; drawn at 1:10 — check; sheet drawn in colour; colours kept as drawn,Original PDFs/r/r26l-a11y.pdf
R27(CA),,Regulatory Signs,,,scanned sheet (raster image); not drawn — needs a vector copy or tracing,Original PDFs/r/f0019014-r27-a11y.pdf
R27A(CA),,Regulatory Signs,,,scanned sheet (raster image); not drawn — needs a vector copy or tracing,Original PDFs/r/f0019015-r27a-a11y.pdf
R28(CA),,Regulatory Signs,,,scanned sheet (raster image); not drawn — needs a vector copy or tracing,Original PDFs/r/f0019017-r28-a11y.pdf
R28(S)(CA),,Regulatory Signs,,,scanned sheet (raster image); not drawn — needs a vector copy or tracing,Original PDFs/r/f0019016-r28-s-a11y.pdf
R28A(CA),,Regulatory Signs,,,scanned sheet (raster image); not drawn — needs a vector copy or tracing,Original PDFs/r/f0019019-r28a-a11y.pdf
R28A(S)(CA),,Regulatory Signs,,,scanned sheet (raster image); not drawn — needs a vector copy or tracing,Original PDFs/r/f0019018-r28a-s-a11y.pdf
R28C,R28C(CA),Regulatory Signs,NO_STOPPING_BUS_ONLY_R28C.svg,610x914 mm,no SIGN SIZE table read; drawn at 1:10 — check; sheet drawn in colour; colours kept as drawn,Original PDFs/r/r28c-a11y.pdf
R28D,R28D(CA),Regulatory Signs,NO_VEHICLES_OVER_6_HIGH_PARKING_R28D.svg,914x914 mm,no SIGN SIZE table read; drawn at 1:10 — check; sheet drawn in colour; colours kept as drawn,Original PDFs/r/r28d-a11y.pdf
R28D(S),R28D(S)(CA),Regulatory Signs,N_0_VEHICLES_0VER_6_HIGH_ST0PPING_R28DS.svg,914x914 mm,no SIGN SIZE table read; drawn at 1:10 — check; sheet drawn in colour; colours kept as drawn,Original PDFs/r/f0019021-r28d-s-a11y.pdf
R28E,R28E(CA),Regulatory Signs,R28E_CA_R28E.svg,914x1219 mm,no SIGN SIZE table read; drawn at 1:10 — check; sheet drawn in colour; colours kept as drawn,Original PDFs/r/r28e-a11y.pdf
R28F,R28F(CA),Regulatory Signs,R28F_CA_R28F.svg,610x914 mm,no SIGN SIZE table read; drawn at 1:10 — check; sheet drawn in colour; colours kept as drawn,Original PDFs/r/r28f-a11y.pdf
R29(CA),,Regulatory Signs,,,scanned sheet (raster image); not drawn — needs a vector copy or tracing,Original PDFs/r/f0019025-r29-a11y.pdf
R30(CA),,Regulatory Signs,,,scanned sheet (raster image); not drawn — needs a vector copy or tracing,Original PDFs/r/f0019027-r30-a11y.pdf
R30A(CA),,Regulatory Signs,,,scanned sheet (raster image); not drawn — needs a vector copy or tracing,Original PDFs/r/f0019028-r30a-a11y.pdf
R30B,R30B(CA),Regulatory Signs,R30B_CA_R30B.svg,686x914 mm,no SIGN SIZE table read; drawn at 1:10 — check; sheet drawn in colour; colours kept as drawn,Original PDFs/r/r30b-ca-a11y.pdf
R30C,R30C(CA),Regulatory Signs,P_2_AM_TO_6_AM_EXCEPT_BY_PERMIT_R30C.svg,610x914 mm,no SIGN SIZE table read; drawn at 1:10 — check; sheet drawn in colour; colours kept as drawn,Original PDFs/r/r30c-a11y.pdf
R30D,R30D(CA),Regulatory Signs,P_6_2_AM_TO_AM_EXCEPT_BY_PERMIT_CITYWIDE_R30D.svg,914x1524 mm,no SIGN SIZE table read; drawn at 1:10 — check; sheet drawn in colour; colours kept as drawn,Original PDFs/r/r30d-a11y.pdf
R30E,R30E(CA),Regulatory Signs,R30E_CA_R30E.svg,610x914 mm,no SIGN SIZE table read; drawn at 1:10 — check; sheet drawn in colour; colours kept as drawn,Original PDFs/r/f0019032-r30e-a11y.pdf
R30F,R30F(CA),Regulatory Signs,NO_STOPPING_PM_2_T0_3_AM_7_T0_8_SCHOOL_DAYS_R30F.svg,610x914 mm,no SIGN SIZE table read; drawn at 1:10 — check; sheet drawn in colour; colours kept as drawn,Original PDFs/r/r30f-a11y.pdf
R31(CA),,Regulatory Signs,,,scanned sheet (raster image); not drawn — needs a vector copy or tracing,Original PDFs/r/f0019035-r31-a11y.pdf
R31(S)(CA),,Regulatory Signs,,,scanned sheet (raster image); not drawn — needs a vector copy or tracing,Original PDFs/r/f0019034-r31-s-a11y.pdf
R32(CA),,Regulatory Signs,,,scanned sheet (raster image); not drawn — needs a vector copy or tracing,Original PDFs/r/f0019038-r32-a11y.pdf
R32B(CA),,Regulatory Signs,,,scanned sheet (raster image); not drawn — needs a vector copy or tracing,Original PDFs/r/f0019041-r32b-a11y.pdf
R32C,R32C(CA),Regulatory Signs,8_A_M_TO_6_P_M_DISTRICT_7_PERMITS_EXEMPT_IS_SHOWN_VARIOUS_DI_R32C.svg,610x914 mm,no SIGN SIZE table read; drawn at 1:10 — check; sheet drawn in colour; colours kept as drawn,Original PDFs/r/r32c-a11y.pdf
R32D,R32D(CA),Regulatory Signs,G_2_A_M_TO_6_A_M_DIST_RICT_3_P_ERMITS_EXEMPT_IS_SHOWN_VARIOU_R32D.svg,610x914 mm,no SIGN SIZE table read; drawn at 1:10 — check; sheet drawn in colour; colours kept as drawn,Original PDFs/r/r32d-a11y.pdf
R32E,R32E(CA),Regulatory Signs,S_DIMENSI_ONS_OF_THE_S_IGN_BOARD_ARE_LABELED_R32E.svg,914x1524 mm,no SIGN SIZE table read; drawn at 1:10 — check; sheet drawn in colour; colours kept as drawn,Original PDFs/r/r32e-a11y.pdf
R32F,R32F(CA),Regulatory Signs,8_A_M_6_P_M_ORCYCLE_PA_RKING_ON_LY_IS_SHOWN_VARIOUS_DIMENSIO_R32F.svg,610x914 mm,no SIGN SIZE table read; drawn at 1:10 — check; sheet drawn in colour; colours kept as drawn,Original PDFs/r/r32f-a11y.pdf
R33B,R33B(CA),Regulatory Signs,T_TURN_BL_ANK_OU_T_SIGN_RE_ADS_6_9_AM_MO_R33B.svg,610x1524 mm,no SIGN SIZE table read; drawn at 1:10 — check; sheet drawn in colour; colours kept as drawn,Original PDFs/r/r33b-a11y.pdf
R33C,R33C(CA),Regulatory Signs,T_TURN_BLANK_OU_T_SIGN_RE_ADS_D_EXCE_PT_BUSES_AND_HOV_2_PLUS_R33C.svg,610x1524 mm,no SIGN SIZE table read; drawn at 1:10 — check; sheet drawn in colour; colours kept as drawn,Original PDFs/r/r33c-a11y.pdf
R36(CA),,Regulatory Signs,,,scanned sheet (raster image); not drawn — needs a vector copy or tracing,Original PDFs/r/f0019051-r36-a11y.pdf
R37(CA),,Regulatory Signs,,,scanned sheet (raster image); not drawn — needs a vector copy or tracing,Original PDFs/r/f0019052-r37-a11y.pdf
R38(CA),,Regulatory Signs,,,scanned sheet (raster image); not drawn — needs a vector copy or tracing,Original PDFs/r/f0019054-r38-a11y.pdf
R38(S)(CA),,Regulatory Signs,,,scanned sheet (raster image); not drawn — needs a vector copy or tracing,Original PDFs/r/f0019053-r38-s-a11y.pdf
R38A,R38A(CA),Regulatory Signs,PASSENGER_LOADING_ONLY_5_MINUTE_LIMIT_ALL_OTHER_TIMES_TOW_AW_R38A.svg,914x1524 mm,no SIGN SIZE table read; drawn at 1:10 — check; sheet drawn in colour; colours kept as drawn,Original PDFs/r/f0019055-r38a-a11y.pdf
R39,R39(CA),Regulatory Signs,,,no drawing found on the sheet,Original PDFs/r/r39-a11y.pdf
R39-1,R39-1(CA),Regulatory Signs,INCLUDED_NO_ANYTIME_COMMERCIAL_VEHICLES_DOUBLE_PARKING_R39-1.svg,610x914 mm,no SIGN SIZE table read; drawn at 1:10 — check; sheet drawn in colour; colours kept as drawn,Original PDFs/r/f0019057-r39-1-a11y.pdf
R39-2,R39-2(CA),Regulatory Signs,INCLUDED_NO_ANYTIME_COMMERCIAL_VEHICLES_DOUBLE_PARKING_R39-2.svg,914x914 mm,no SIGN SIZE table read; drawn at 1:10 — check; sheet drawn in colour; colours kept as drawn,Original PDFs/r/f0019058-r39-2-a11y.pdf
R39-3,R39-3(CA),Regulatory Signs,PARKING_COMMERCIAL_MOTOR_HOUR_VEHICLES_CVC_22651_S_2_10_R39-3.svg,1219x914 mm,no SIGN SIZE table read; drawn at 1:10 — check; sheet drawn in colour; colours kept as drawn,Original PDFs/r/r39-3_ca-a11y.pdf
R44B(CA),,Regulatory Signs,,,scanned sheet (raster image); not drawn — needs a vector copy or tracing,Original PDFs/r/f0019061-r44b-a11y.pdf
R47,R47(CA),Regulatory Signs,1000_FINE_FOR_LITTERING_R47.svg,1372x914 mm,"no SIGN SIZE table read; drawn at 1:10 — check; colours from the sheet's COLORS note: background WHITE, legend BLACK",Original PDFs/r/f0019063-r47-a11y.pdf
R47A,R47A(CA),Regulatory Signs,1000_FINE_FOR_ANIMAL_ABANDONMENT_R47A.svg,1372x914 mm,"no SIGN SIZE table read; drawn at 1:10 — check; colours from the sheet's COLORS note: background WHITE, legend BLACK",Original PDFs/r/f0019064-r47a-a11y.pdf
R48,R48(CA),Regulatory Signs,SPEED_ENFORCED_BY_RADAR_R48.svg,457x610 mm,"size from the sheet's SIGN SIZE table (18 x 24 in; other table sizes: 24 x 30, 36 x 48, 48 x 60); no COLORS note read; drawn in the sheet's black and white — check",Original PDFs/r/r48-a11y.pdf
R48-1P(CA),,Regulatory Signs,,,scanned sheet (raster image); not drawn — needs a vector copy or tracing,Original PDFs/r/f0019066-r48-1-a11y.pdf
R48-2,R48-2(CA),Regulatory Signs,D_REA_DS_SPE_ENFORCE_R48-2.svg,914x1219 mm,"no SIGN SIZE table read; drawn at 1:10 — check; colours from the sheet's COLORS note: background WHITE, legend BLACK; MUTCD number A",Original PDFs/r/r48-2-a11y.pdf
R49,R49(CA),Regulatory Signs,DS_NO_PED_CRO_SSING_RIGHT_A_48_BY_18_INCH_ES_SIGN_BOARD_READ_R49.svg,1067x459 mm,"no SIGN SIZE table read; drawn at 1:10 — check; colours from the sheet's COLORS note: background WHITE, legend BLACK",Original PDFs/r/r49-ca-a11y.pdf
R49,R49(CA),Regulatory Signs,DS_NO_PED_CRO_SSING_RIGHT_A_48_BY_18_INCH_ES_SIGN_BOARD_READ_VAR2_R49.svg,607x229 mm,"no SIGN SIZE table read; drawn at 1:10 — check; colours from the sheet's COLORS note: background WHITE, legend BLACK",Original PDFs/r/r49-ca-a11y.pdf
R53D(CA),,Regulatory Signs,,,scanned sheet (raster image); not drawn — needs a vector copy or tracing,Original PDFs/r/f0019073-r53d-a11y.pdf
R53E(CA),,Regulatory Signs,,,scanned sheet (raster image); not drawn — needs a vector copy or tracing,Original PDFs/r/f0019074-r53e-a11y.pdf
R55(CA),,Regulatory Signs,,,scanned sheet (raster image); not drawn — needs a vector copy or tracing,Original PDFs/r/f0019075-r55-a11y.pdf
R57(CA),,Regulatory Signs,,,scanned sheet (raster image); not drawn — needs a vector copy or tracing,Original PDFs/r/f0019076-r57-a11y.pdf
R58(CA),,Regulatory Signs,,,scanned sheet (raster image); not drawn — needs a vector copy or tracing,Original PDFs/r/f0019077-r58-a11y.pdf
R60B(CA),,Regulatory Signs,,,scanned sheet (raster image); not drawn — needs a vector copy or tracing,Original PDFs/r/f0019080-r60b-a11y.pdf
R61-1(CA),,Regulatory Signs,,,scanned sheet (raster image); not drawn — needs a vector copy or tracing,Original PDFs/r/f0019081-r61-1-a11y.pdf
R61-3(CA),,Regulatory Signs,,,scanned sheet (raster image); not drawn — needs a vector copy or tracing,Original PDFs/r/f0019091-r61-3-a11y.pdf
R61-5(CA),,Regulatory Signs,,,scanned sheet (raster image); not drawn — needs a vector copy or tracing,Original PDFs/r/f0019096-r61-5-a11y.pdf
R61-7(CA),,Regulatory Signs,,,scanned sheet (raster image); not drawn — needs a vector copy or tracing,Original PDFs/r/f0019097-r61-7-a11y.pdf
R61-9(CA),,Regulatory Signs,,,scanned sheet (raster image); not drawn — needs a vector copy or tracing,Original PDFs/r/f0019098-r61-9-a11y.pdf
R61-11(CA),,Regulatory Signs,,,scanned sheet (raster image); not drawn — needs a vector copy or tracing,Original PDFs/r/f0019082-r61-11-a11y.pdf
R61-13(CA),,Regulatory Signs,,,scanned sheet (raster image); not drawn — needs a vector copy or tracing,Original PDFs/r/f0019083-r61-13-a11y.pdf
R61-15(CA),,Regulatory Signs,,,scanned sheet (raster image); not drawn — needs a vector copy or tracing,Original PDFs/r/f0019084-r61-15-a11y.pdf
R61-17(CA),,Regulatory Signs,,,scanned sheet (raster image); not drawn — needs a vector copy or tracing,Original PDFs/r/f0019085-r61-17-a11y.pdf
R61-19(CA),,Regulatory Signs,,,scanned sheet (raster image); not drawn — needs a vector copy or tracing,Original PDFs/r/f0019086-r61-19-a11y.pdf
R61-22(CA),,Regulatory Signs,,,scanned sheet (raster image); not drawn — needs a vector copy or tracing,Original PDFs/r/f0019087-r61-22-a11y.pdf
R61-24(CA),,Regulatory Signs,,,scanned sheet (raster image); not drawn — needs a vector copy or tracing,Original PDFs/r/f0019088-r61-24-a11y.pdf
R61-26(CA),,Regulatory Signs,,,scanned sheet (raster image); not drawn — needs a vector copy or tracing,Original PDFs/r/f0019089-r61-26-a11y.pdf
R61-28(CA),,Regulatory Signs,,,scanned sheet (raster image); not drawn — needs a vector copy or tracing,Original PDFs/r/f0019090-r61-28-a11y.pdf
R61-30(CA),,Regulatory Signs,,,scanned sheet (raster image); not drawn — needs a vector copy or tracing,Original PDFs/r/f0019092-r61-30-a11y.pdf
R61-32(CA),,Regulatory Signs,,,scanned sheet (raster image); not drawn — needs a vector copy or tracing,Original PDFs/r/f0019093-r61-32-a11y.pdf
R61-34(CA),,Regulatory Signs,,,scanned sheet (raster image); not drawn — needs a vector copy or tracing,Original PDFs/r/f0019094-r61-34-a11y.pdf
R61-36(CA),,Regulatory Signs,,,scanned sheet (raster image); not drawn — needs a vector copy or tracing,Original PDFs/r/f0019095-r61-36-a11y.pdf
R70(CA),,Regulatory Signs,,,scanned sheet (raster image); not drawn — needs a vector copy or tracing,Original PDFs/r/f0019108-r70-a11y.pdf
R70A&R70B,R70A(CA) & R70B(CA),Regulatory Signs,TRUCKS_OK_R70AR70B.svg,1030x437 mm,"no SIGN SIZE table read; drawn at 1:10 — check; colours from the sheet's COLORS note: background WHITE, legend BLACK",Original PDFs/r/r70a-b-ca-a11y.pdf
R70A&R70B,R70A(CA) & R70B(CA),Regulatory Signs,TRUCKS_OK_VAR2_R70AR70B.svg,1030x437 mm,"no SIGN SIZE table read; drawn at 1:10 — check; colours from the sheet's COLORS note: background WHITE, legend BLACK",Original PDFs/r/r70a-b-ca-a11y.pdf
R73-1(CA),,Regulatory Signs,,,scanned sheet (raster image); not drawn — needs a vector copy or tracing,Original PDFs/r/f0019109-r73-1-a11y.pdf
R73-2(CA),,Regulatory Signs,,,scanned sheet (raster image); not drawn — needs a vector copy or tracing,Original PDFs/r/f0019110-r73-2-a11y.pdf
R73-3(CA),,Regulatory Signs,,,scanned sheet (raster image); not drawn — needs a vector copy or tracing,Original PDFs/r/f0019111-r73-3-a11y.pdf
R73-4(CA),,Regulatory Signs,,,scanned sheet (raster image); not drawn — needs a vector copy or tracing,Original PDFs/r/f0019112-r73-4-a11y.pdf
R73-5(CA),,Regulatory Signs,,,scanned sheet (raster image); not drawn — needs a vector copy or tracing,Original PDFs/r/f0019113-r73-5-a11y.pdf
R73-6(CA),,Regulatory Signs,,,scanned sheet (raster image); not drawn — needs a vector copy or tracing,Original PDFs/r/f0019114-r73-6-a11y.pdf
R73-8,R73-8(CA),Regulatory Signs,SIGN_BOARD_R73-8.svg,610x761 mm,"size from the sheet's SIGN SIZE table (24 x 30 in; other table sizes: 36 x 45); colours from the sheet's COLORS note: background WHITE, legend BLACK",Original PDFs/r/r73-8-a11y.pdf
R74,R74(CA),Regulatory Signs,CHAIN_INSTALLATION_ONLY_R74.svg,1143x1143 mm,"no SIGN SIZE table read; drawn at 1:10 — check; colours from the sheet's COLORS note: background BLACK, legend WHITE",Original PDFs/r/r74-ca-a11y.pdf
R75,R75(CA),Regulatory Signs,CHAINS_REQUIRED_1_MILE_AHEAD_R75.svg,1187x1033 mm,"no SIGN SIZE table read; drawn at 1:10 — check; colours from the sheet's COLORS note: background BLACK, legend WHITE",Original PDFs/r/r75-ca-a11y.pdf
R76,R76(CA),Regulatory Signs,CHAINS_REQUIRED_R76.svg,1187x578 mm,"no SIGN SIZE table read; drawn at 1:10 — check; colours from the sheet's COLORS note: background BLACK, legend WHITE",Original PDFs/r/r76-ca-a11y.pdf
R76-1,R76-1(CA),Regulatory Signs,ON_SINGLE_AXLE_DRIVE_VEHICLE_WITH_TRAILER_R76-1.svg,1187x578 mm,"no SIGN SIZE table read; drawn at 1:10 — check; colours from the sheet's COLORS note: background BLACK, legend WHITE",Original PDFs/r/r76-1-ca-a11y.pdf
R77,R77(CA),Regulatory Signs,NO_EXCEPTIONS_R77.svg,1194x279 mm,"no SIGN SIZE table read; drawn at 1:10 — check; colours from the sheet's COLORS note: background BLACK, legend WHITE",Original PDFs/r/r77-ca-a11y.pdf
R78,R78(CA),Regulatory Signs,END_CHAIN_CONTROL_R78.svg,1181x826 mm,"no SIGN SIZE table read; drawn at 1:10 — check; colours from the sheet's COLORS note: background BLACK, legend WHITE",Original PDFs/r/r78-ca-a11y.pdf
R79,R79(CA),Regulatory Signs,AUTOS_PICKUPS_SNOW_TIRES_OK_CARRY_CHAINS_R79.svg,1194x737 mm,"no SIGN SIZE table read; drawn at 1:10 — check; colours from the sheet's COLORS note: background BLACK, legend WHITE",Original PDFs/r/r79-ca-a11y.pdf
R80-1,R80-1(CA),Regulatory Signs,4_W_DRIVE_WITH_SNOW_TIRES_OK_CARRY_CHAINS_R80-1.svg,1194x737 mm,"no SIGN SIZE table read; drawn at 1:10 — check; colours from the sheet's COLORS note: background BLACK, legend WHITE",Original PDFs/r/r80-1-ca-a11y.pdf
R82AP(CA),,Regulatory Signs,,,scanned sheet (raster image); not drawn — needs a vector copy or tracing,Original PDFs/r/f0019130-r82a-a11y.pdf
R82BP,R82BP(CA),Regulatory Signs,,,no drawing found on the sheet,Original PDFs/r/r82b-a11y.pdf
R88(CA),,Regulatory Signs,,,scanned sheet (raster image); not drawn — needs a vector copy or tracing,Original PDFs/r/f0019137-r88-a11y.pdf
R90-1,R90-1(CA),Regulatory Signs,ADS_AL_L_VE_HICLES_R90-1.svg,610x762 mm,"size from the sheet's SIGN SIZE table (24 x 30 in); colours from the sheet's COLORS note: background WHITE, legend BLACK; dashed placeholder outlines on the sheet (alternate panels / messages) partly kept as small marks — check",Original PDFs/r/r90-1-a11y.pdf
R91-1,R91-1(CA),Regulatory Signs,BOAR_READ_FT_PANE_H_OV_2_PL_2_MORE_ONLY_W_R91-1.svg,571x857 mm,"no SIGN SIZE table read; drawn at 1:10 — check; colours from the sheet's COLORS note: background BLACK, legend WHITE",Original PDFs/r/r91-1-a11y.pdf
R91-4,R91-4(CA),Regulatory Signs,N_O_TRU_CKS_3_A_XLES_O_R_MOR_E_NO_VEHI_CLES_ITH_TRAILE_RS_VA_R91-4.svg,602x1099 mm,"no SIGN SIZE table read; drawn at 1:10 — check; colours from the sheet's COLORS note: background BLACK, legend WHITE",Original PDFs/r/r91-4-a11y.pdf
R91BP(CA),,Regulatory Signs,,,scanned sheet (raster image); not drawn — needs a vector copy or tracing,Original PDFs/r/f0019145-r91b-a11y.pdf
R94LT,R94 LT(CA),Regulatory Signs,A_SIGN_R94LT.svg,1143x800 mm,"no SIGN SIZE table read; drawn at 1:10 — check; colours from the sheet's COLORS note: background WHITE, legend BLACK",Original PDFs/r/r94-lt-a11y.pdf
R94RT,R94 RT(CA),Regulatory Signs,A_SIGN_R94RT.svg,1143x800 mm,"no SIGN SIZE table read; drawn at 1:10 — check; colours from the sheet's COLORS note: background WHITE, legend BLACK",Original PDFs/r/r94-rt-a11y.pdf
R99,R99(CA),Regulatory Signs,A_SIGN_BOARD_OF_PHYSICALLY_IMPAIRED_PARKING_ONLY_IS_SHOWN_VA_R99.svg,610x914 mm,no SIGN SIZE table read; drawn at 1:10 — check; sheet drawn in colour; colours kept as drawn,Original PDFs/r/r99-r99b-a11y.pdf
R99B,R99B(CA),Regulatory Signs,A_SIGN_BOARD_OF_PHYSICALLY_IMPAIRED_PARKING_ONLY_IS_SHOWN_VA_R99B.svg,610x914 mm,no SIGN SIZE table read; drawn at 1:10 — check; sheet drawn in colour; colours kept as drawn,Original PDFs/r/r99-r99b-a11y.pdf
R99C,R99C(CA),Regulatory Signs,R99C_CA_R99C.svg,610x1219 mm,no SIGN SIZE table read; drawn at 1:10 — check; sheet drawn in colour; colours kept as drawn (no COLORS note read),Original PDFs/r/r99c-a11y.pdf
R100A(CA),,Regulatory Signs,,,scanned sheet (raster image); not drawn — needs a vector copy or tracing,Original PDFs/r/f0018951-r100a-a11y.pdf
R100B,R100B(CA),Regulatory Signs,T0WED_VEHLCLES_MAY_BE_RECLALMED_AT_0R_BY_TELEPH0NLNG_UNAUTH0_R100B.svg,1219x1219 mm,no SIGN SIZE table read; drawn at 1:10 — check; sheet drawn in colour; colours kept as drawn,Original PDFs/r/f0018952-r100b-a11y.pdf
R101(CA),,Regulatory Signs,,,scanned sheet (raster image); not drawn — needs a vector copy or tracing,Original PDFs/r/f0018953-r101-a11y.pdf
R102AP(CA),,Regulatory Signs,,,scanned sheet (raster image); not drawn — needs a vector copy or tracing,Original PDFs/r/f0018955-r102a-a11y.pdf
R103AP(CA),,Regulatory Signs,,,scanned sheet (raster image); not drawn — needs a vector copy or tracing,Original PDFs/r/f0018957-r103a-a11y.pdf
R104AP(CA),,Regulatory Signs,,,scanned sheet (raster image); not drawn — needs a vector copy or tracing,Original PDFs/r/f0018959-r104a-a11y.pdf
R105AP(CA),,Regulatory Signs,,,scanned sheet (raster image); not drawn — needs a vector copy or tracing,Original PDFs/r/f0018961-r105a-a11y.pdf
R107,R107(CA),Regulatory Signs,OW_AWAY_SIGN_READS_NO_STOPPING_4_6_PM_EXCEPT_SATURDAY_AND_SU_R107.svg,914x914 mm,no SIGN SIZE table read; drawn at 1:10 — check; sheet drawn in colour; colours kept as drawn,Original PDFs/r/r107-a11y.pdf
R107GRID,R107 GRID(CA),Regulatory Signs,R107_GRID_CA_R107GRID.svg,430x2300 mm,no SIGN SIZE table read; drawn at 1:10 — check; no COLORS note read; drawn in the sheet's black and white — check,Original PDFs/r/r107grid-a11y.pdf
R108,R108(CA),Regulatory Signs,OW_AWAY_AND_NO_P_R108.svg,610x914 mm,no SIGN SIZE table read; drawn at 1:10 — check; sheet drawn in colour; colours kept as drawn,Original PDFs/r/r108-a11y.pdf
R109P,R109P(CA),Regulatory Signs,AQUE_READS_PAY_AT_STATION_VARIOUS_DIMENSIONS_OF_THE_PLAQUE_A_R109P.svg,1016x508 mm,no SIGN SIZE table read; drawn at 1:10 — check; sheet drawn in colour; colours kept as drawn,Original PDFs/r/r109-a11y.pdf
R111,R111(CA),Regulatory Signs,READS_MOVE_OVER_O_R_SLO_WHEN_A_MBER_LI_HTS_FLASHING_VARIOUS__R111.svg,1372x457 mm,"no SIGN SIZE table read; drawn at 1:10 — check; colours from the sheet's COLORS note: background WHITE, legend BLACK",Original PDFs/r/r111-a11y.pdf
R112,R112(CA),Regulatory Signs,DS_UNA_UTHORI_ZED_VEHIC_LE_S_N_OT_CONNECTED_F_OR_ELECTRIC_C__R112.svg,1219x1219 mm,no SIGN SIZE table read; drawn at 1:10 — check; sheet drawn in colour; colours kept as drawn,Original PDFs/r/r112-a11y.pdf
R113,R113(CA),Regulatory Signs,ITH_NO_PAR_KING_SIGN_R_R113.svg,608x912 mm,no SIGN SIZE table read; drawn at 1:10 — check; sheet drawn in colour; colours kept as drawn,Original PDFs/r/r113-a11y.pdf
R113A,R113A(CA),Regulatory Signs,O_PARKI_NG_SIGN_REA_DS_EX_CEPT_FOR_R113A.svg,608x912 mm,no SIGN SIZE table read; drawn at 1:10 — check; sheet drawn in colour; colours kept as drawn,Original PDFs/r/r113a-a11y.pdf
R114,R114(CA),Regulatory Signs,4_HOUR_EV_R114.svg,610x914 mm,no SIGN SIZE table read; drawn at 1:10 — check; sheet drawn in colour; colours kept as drawn,Original PDFs/r/r114-a11y.pdf
R114A,R114A(CA),Regulatory Signs,4_HOUR_E_LECTRIC_VEHICLE_R114A.svg,610x1067 mm,no SIGN SIZE table read; drawn at 1:10 — check; sheet drawn in colour; colours kept as drawn,Original PDFs/r/r114a-a11y.pdf
R115,R115(CA),Regulatory Signs,RD_READS_P_ILOT_CAR_DO_NOT_PASS_VARIOUS_DIMENSIONS_OF_THE_SI_R115.svg,914x457 mm,"no SIGN SIZE table read; drawn at 1:10 — check; colours from the sheet's COLORS note: background WHITE, legend BLACK",Original PDFs/r/r115-a11y.pdf
R116,R116(CA),Regulatory Signs,ALT_FUEL_PARKING_ONLY_VEHICLE_R116.svg,638x977 mm,no SIGN SIZE table read; drawn at 1:10 — check; sheet drawn in colour; colours kept as drawn,Original PDFs/r/f0018975-r116-a11y.pdf
R119,R119(CA),Regulatory Signs,NO_CAMPING_OR_SLEEPING_IN_VEHICLE_MON_CO_ORD_XXXXXX_R119.svg,1058x847 mm,"no SIGN SIZE table read; drawn at 1:10 — check; colours from the sheet's COLORS note: background WHITE, legend BLACK",Original PDFs/r/r119-ca2-a11y.pdf
SR2(CA),,Regulatory Signs,,,scanned sheet (raster image); not drawn — needs a vector copy or tracing,Original PDFs/sr/f0019385-sr2-a11y.pdf
SR4-1,SR4-1(CA),Regulatory Signs,25_ARE_PRESENT_CHILDREN_WHEN_SR4-1.svg,663x1349 mm,no SIGN SIZE table read; drawn at 1:10 — check; sheet drawn in colour; colours kept as drawn,Original PDFs/sr/f0019396-sr4-1-a11y.pdf
SR6-1(CA),,Regulatory Signs,,,scanned sheet (raster image); not drawn — needs a vector copy or tracing,Original PDFs/sr/f0019422-sr6-1-a11y.pdf
SR7-1(CA),,Regulatory Signs,,,scanned sheet (raster image); not drawn — needs a vector copy or tracing,Original PDFs/sr/f0019426-sr7-1-a11y.pdf
SR8-1(CA),,Regulatory Signs,,,scanned sheet (raster image); not drawn — needs a vector copy or tracing,Original PDFs/sr/f0019427-sr8-1-a11y.pdf
SR9-1(CA),,Regulatory Signs,,,scanned sheet (raster image); not drawn — needs a vector copy or tracing,Original PDFs/sr/f0019428-sr9-1-a11y.pdf
SR10-1(CA),,Regulatory Signs,,,scanned sheet (raster image); not drawn — needs a vector copy or tracing,Original PDFs/sr/f0019376-sr10-1-a11y.pdf
SR11-1(CA),,Regulatory Signs,,,scanned sheet (raster image); not drawn — needs a vector copy or tracing,Original PDFs/sr/f0019377-sr11-1-a11y.pdf
SR12-1(CA),,Regulatory Signs,,,scanned sheet (raster image); not drawn — needs a vector copy or tracing,Original PDFs/sr/f0019378-sr12-1-a11y.pdf
SR13-1P(CA),,Regulatory Signs,,,scanned sheet (raster image); not drawn — needs a vector copy or tracing,Original PDFs/sr/f0019379-sr13-1-a11y.pdf
SR15,SR15(CA),Regulatory Signs,SR15_CA_SR15.svg,1202x1627 mm,"no SIGN SIZE table read; drawn at 1:10 — check; colours from the sheet's COLORS note: background WHITE, legend BLACK; MUTCD number .375",Original PDFs/sr/f0019380-sr15-a11y.pdf
SR15AP,SR15AP(CA),Regulatory Signs,SAFETY_BELT_LAW_ENFORCED_SR15AP.svg,914x914 mm,"no SIGN SIZE table read; drawn at 1:10 — check; colours from the sheet's COLORS note: background WHITE, legend BLACK",Original PDFs/sr/f0019381-sr15a-a11y.pdf
SR17(CA),,Regulatory Signs,,,scanned sheet (raster image); not drawn — needs a vector copy or tracing,Original PDFs/sr/f0019382-sr17-a11y.pdf
SR18(CA),,Regulatory Signs,,,scanned sheet (raster image); not drawn — needs a vector copy or tracing,Original PDFs/sr/f0019383-sr18-a11y.pdf
SR19-1(CA),,Regulatory Signs,,,scanned sheet (raster image); not drawn — needs a vector copy or tracing,Original PDFs/sr/f0019384-sr19-1-a11y.pdf
SR20-1(CA),,Regulatory Signs,,,scanned sheet (raster image); not drawn — needs a vector copy or tracing,Original PDFs/sr/f0019386-sr20-1-a11y.pdf
SR22-1(CA),,Regulatory Signs,,,scanned sheet (raster image); not drawn — needs a vector copy or tracing,Original PDFs/sr/f0019387-sr22-1-a11y.pdf
SR23-1(CA),,Regulatory Signs,,,scanned sheet (raster image); not drawn — needs a vector copy or tracing,Original PDFs/sr/f0019388-sr23-1-a11y.pdf
SR25,SR25(CA),Regulatory Signs,,,no drawing found on the sheet,Original PDFs/sr/f0019389-sr25-a11y.pdf
SR26,SR26(CA),Regulatory Signs,,,no drawing found on the sheet,Original PDFs/sr/f0019390-sr26-a11y.pdf
SR39A(U)(CA),,Regulatory Signs,,,scanned sheet (raster image); not drawn — needs a vector copy or tracing,Original PDFs/sr/f0019392-sr39a-u-a11y.pdf
SR40(CA),,Regulatory Signs,,,scanned sheet (raster image); not drawn — needs a vector copy or tracing,Original PDFs/sr/f0019394-sr40-a11y.pdf
SR41(CA),,Regulatory Signs,,,scanned sheet (raster image); not drawn — needs a vector copy or tracing,Original PDFs/sr/f0019392-sr39a-u-a11y.pdf
SR42(CA),,Regulatory Signs,,,scanned sheet (raster image); not drawn — needs a vector copy or tracing,Original PDFs/sr/f0019397-sr42-a11y.pdf
SR43(CA),,Regulatory Signs,,,scanned sheet (raster image); not drawn — needs a vector copy or tracing,Original PDFs/sr/f0019398-sr43-a11y.pdf
SR44(CA),,Regulatory Signs,,,scanned sheet (raster image); not drawn — needs a vector copy or tracing,Original PDFs/sr/f0019399-sr44-a11y.pdf
SR46(CA),,Regulatory Signs,,,scanned sheet (raster image); not drawn — needs a vector copy or tracing,Original PDFs/sr/f0019400-sr46-a11y.pdf
SR47(CA),,Regulatory Signs,,,scanned sheet (raster image); not drawn — needs a vector copy or tracing,Original PDFs/sr/f0019401-sr47-a11y.pdf
SR48(CA),,Regulatory Signs,,,scanned sheet (raster image); not drawn — needs a vector copy or tracing,Original PDFs/sr/f0019402-sr48-a11y.pdf
SR49(CA),,Regulatory Signs,,,scanned sheet (raster image); not drawn — needs a vector copy or tracing,Original PDFs/sr/f0019403-sr49-a11y.pdf
SR50-1,SR50-1(CA),Regulatory Signs,HOV_VIOLATION_481_MINIMUM_FINE_SR50-1.svg,4877x1778 mm,"size from the sheet's SIGN SIZE table (192 x 70 in); colours from the sheet's COLORS note: background BLACK, legend WHITE",Original PDFs/sr/f0019404-sr50-1-a11y.pdf
SR50-2,SR50-2(CA),Regulatory Signs,EXHIBITS_HE_M_SSAGE_HOV_SR50-2.svg,602x1302 mm,"no SIGN SIZE table read; drawn at 1:10 — check; colours from the sheet's COLORS note: background BLACK, legend WHITE",Original PDFs/sr/f0019405-sr50-2-a11y.pdf
SR53(CA),,Regulatory Signs,,,scanned sheet (raster image); not drawn — needs a vector copy or tracing,Original PDFs/sr/f0019406-sr53-a11y.pdf
SR54(CA),,Regulatory Signs,,,scanned sheet (raster image); not drawn — needs a vector copy or tracing,Original PDFs/sr/f0019407-sr54-a11y.pdf
SR55(CA),,Regulatory Signs,,,scanned sheet (raster image); not drawn — needs a vector copy or tracing,Original PDFs/sr/f0019408-sr55-a11y.pdf
SR58(CA),,Regulatory Signs,,,scanned sheet (raster image); not drawn — needs a vector copy or tracing,Original PDFs/sr/f0019411-sr58-a11y.pdf
SR60-1,SR60-1(CA),Regulatory Signs,BUS_LANE_AHEAD_RIGHT_LANE_SR60-1.svg,718x1022 mm,"no SIGN SIZE table read; drawn at 1:10 — check; colours from the sheet's COLORS note: background BLACK, legend WHITE",Original PDFs/sr/f0019412-sr60-1-a11y.pdf
SR60-2,SR60-2(CA),Regulatory Signs,ON_4TH_ST_BUS_LANE_AHEAD_RIGHT_LANE_SR60-2.svg,718x1022 mm,"no SIGN SIZE table read; drawn at 1:10 — check; colours from the sheet's COLORS note: background BLACK, legend WHITE",Original PDFs/sr/f0019413-sr60-2-a11y.pdf
SR60-4,SR60-4(CA),Regulatory Signs,24_HOURS_BUSES_TAXIS_ONLY_RIGHT_LANE_SR60-4.svg,718x1022 mm,"no SIGN SIZE table read; drawn at 1:10 — check; colours from the sheet's COLORS note: background WHITE, legend BLACK",Original PDFs/sr/f0019415-sr60-4-a11y.pdf
SR60-6,SR60-6(CA),Regulatory Signs,24_HOURS_TRAINS_RIGHT_TURNS_ONLY_RIGHT_LANE_SR60-6.svg,718x1022 mm,"no SIGN SIZE table read; drawn at 1:10 — check; colours from the sheet's COLORS note: background BLACK, legend WHITE",Original PDFs/sr/f0019417-sr60-6-a11y.pdf
SR60-8,SR60-8(CA),Regulatory Signs,MON_FRI_6AM_9PM_BUSES_TAXIS_ONLY_RIGHT_LANE_SR60-8.svg,718x1022 mm,"no SIGN SIZE table read; drawn at 1:10 — check; colours from the sheet's COLORS note: background BLACK, legend WHITE",Original PDFs/sr/f0019419-sr60-8-a11y.pdf
SR62,SR62(CA),Regulatory Signs,NO_IDLING_COMMERCIA_L_VEHICLES_AND_ALL_BUSES_13_CCR_2480_248_N_SR62.svg,914x1219 mm,"no SIGN SIZE table read; drawn at 1:10 — check; colours from the sheet's COLORS note: background WHITE, legend BLACK",Original PDFs/sr/f0019423-sr62-a11y.pdf
SR63,SR63(CA),Regulatory Signs,NO_IDLING_13_CCR_2480_2485_PENALTIES_APPLY_SR63.svg,914x1219 mm,no SIGN SIZE table read; drawn at 1:10 — check; sheet drawn in colour; colours kept as drawn,Original PDFs/sr/f0019424-sr63-a11y.pdf
SR63A,SR63A(CA),Regulatory Signs,13_CCR_2480_2485_SR63A.svg,914x1527 mm,no SIGN SIZE table read; drawn at 1:10 — check; sheet drawn in colour; colours kept as drawn; MUTCD number C,Original PDFs/sr/sr63a-ca-a11y.pdf
SR63GRID,SR63 GRID(CA),Regulatory Signs,SR63_GRID_CA_SR63GRID.svg,1663x2030 mm,no SIGN SIZE table read; drawn at 1:10 — check; no COLORS note read; drawn in the sheet's black and white — check,Original PDFs/sr/f0019425-sr63grid-a11y.pdf
SR64A,SR64A(CA),Regulatory Signs,BIKE_TURN_OUT_500_FT_SR64A.svg,1016x1016 mm,"no SIGN SIZE table read; drawn at 1:10 — check; colours from the sheet's COLORS note: background WHITE, legend BLACK",Original PDFs/sr/sr64a-ca-a11y.pdf
SR64B,SR64B(CA),Regulatory Signs,BIKE_TURN_OUT_SR64B.svg,1016x1016 mm,"no SIGN SIZE table read; drawn at 1:10 — check; colours from the sheet's COLORS note: background WHITE, legend BLACK",Original PDFs/sr/sr64b-ca-a11y.pdf
C2(CA),,Temporary Traffic Control Signs,,,scanned sheet (raster image); not drawn — needs a vector copy or tracing,Original PDFs/c/f0018717-c2-a11y.pdf
C12,C12(CA),Temporary Traffic Control Signs,NARROW_LANE_C12.svg,914x914 mm,"size from the sheet's SIGN SIZE table (36 x 36 in; other table sizes: 48 x 48); colours from the sheet's COLORS note: background YELLOW, legend BLACK",Original PDFs/c/f0018714-c12-a11y.pdf
C19(CA),,Temporary Traffic Control Signs,,,scanned sheet (raster image); not drawn — needs a vector copy or tracing,Original PDFs/c/f0018716-c19-a11y.pdf
C20,C20(CA),Temporary Traffic Control Signs,RIGHT_CLOSED_LANE_AHEAD_2_C20.svg,1257x1257 mm,no SIGN SIZE table read; drawn at 1:10 — check; sheet drawn in colour; colours kept as drawn,Original PDFs/c/f0018718-c20-a11y.pdf
C20A,C20A(CA),Temporary Traffic Control Signs,LEFT_C20A.svg,432x203 mm,"size from the sheet's SIGN SIZE table (17 x 8 in; other table sizes: 10 x 12, 8 x 10); sheet drawn in colour; colours kept as drawn",Original PDFs/c/f0018719-c20a-c20b-a11y.pdf
C20B,C20B(CA),Temporary Traffic Control Signs,LEFT_C20B.svg,432x203 mm,"size from the sheet's SIGN SIZE table (17 x 8 in; other table sizes: 10 x 12, 8 x 10); sheet drawn in colour; colours kept as drawn",Original PDFs/c/f0018719-c20a-c20b-a11y.pdf
C23(CA),,Temporary Traffic Control Signs,,,scanned sheet (raster image); not drawn — needs a vector copy or tracing,Original PDFs/c/f0018720-c23-a11y.pdf
C23BP,C23BP(CA),Temporary Traffic Control Signs,HIGHWAY_WIDENING_C23BP.svg,1222x915 mm,"no SIGN SIZE table read; drawn at 1:10 — check; colours from the sheet's COLORS note: background ORANGE, legend BLACK",Original PDFs/c/f0018721-c23b-a11y.pdf
C24(CA),,Temporary Traffic Control Signs,,,scanned sheet (raster image); not drawn — needs a vector copy or tracing,Original PDFs/c/f0018722-c24-a11y.pdf
C27(CA),,Temporary Traffic Control Signs,,,scanned sheet (raster image); not drawn — needs a vector copy or tracing,Original PDFs/c/f0018724-c27-a11y.pdf
C28C,C28C(CA),Temporary Traffic Control Signs,,,no drawing found on the sheet,Original PDFs/c/f0018725-c28c-ca-a11y.pdf
C30(CA),,Temporary Traffic Control Signs,,,scanned sheet (raster image); not drawn — needs a vector copy or tracing,Original PDFs/c/f0018727-c30-a11y.pdf
C30A(CA),,Temporary Traffic Control Signs,,,scanned sheet (raster image); not drawn — needs a vector copy or tracing,Original PDFs/c/f0018728-c30a-a11y.pdf
C37,C37(CA),Temporary Traffic Control Signs,,,no drawing found on the sheet,Original PDFs/c/f0018730-c37-a11y.pdf
C38(CA),,Temporary Traffic Control Signs,,,scanned sheet (raster image); not drawn — needs a vector copy or tracing,Original PDFs/c/f0018731-c38-a11y.pdf
C40,C40(CA),Temporary Traffic Control Signs,TRAFFIC_FINES_DOUBLED_IN_CONSTRUCTION_ZONES_C40.svg,1829x914 mm,"size from the sheet's SIGN SIZE table (72 x 36 in; other table sizes: 108 x 42, 144 x 60); colours from the sheet's COLORS note: background WHITE, legend BLACK",Original PDFs/c/f0018732-c40-a11y.pdf
C40A,C40A(CA),Temporary Traffic Control Signs,TRAFFIC_IN_WORK_FINES_DOUBLED_ZONES_C40A.svg,914x914 mm,"size from the sheet's SIGN SIZE table (36 x 36 in; other table sizes: 48 x 48); colours from the sheet's COLORS note: background ORANGE, legend BLACK",Original PDFs/c/f0018733-c40a-a11y.pdf
C43,C43(CA),Temporary Traffic Control Signs,FRESH_CONCRETE_C43.svg,1173x1173 mm,no SIGN SIZE table read; drawn at 1:10 — check; sheet drawn in colour; colours kept as drawn,Original PDFs/c/f0018734-c43-a11y.pdf
C44,C44(CA),Temporary Traffic Control Signs,TRUCKS_EXITING_ENTERING_C44.svg,1254x1254 mm,no SIGN SIZE table read; drawn at 1:10 — check; sheet drawn in colour; colours kept as drawn,Original PDFs/c/f0018735-c44-a11y.pdf
C45,C45(CA),Temporary Traffic Control Signs,RUMBLE_STRIPS_C45.svg,1173x1173 mm,no SIGN SIZE table read; drawn at 1:10 — check; sheet drawn in colour; colours kept as drawn,Original PDFs/c/f0018736-c45-a11y.pdf
C46,C46(CA),Temporary Traffic Control Signs,UNE_V_EN_PA_V_EMEN_T_C46.svg,1173x1173 mm,no SIGN SIZE table read; drawn at 1:10 — check; sheet drawn in colour; colours kept as drawn,Original PDFs/c/f0018737-c46-a11y.pdf
C46P,C46P(CA),Temporary Traffic Control Signs,UNEVEN_PAVEMENT_C46P.svg,914x610 mm,no SIGN SIZE table read; drawn at 1:10 — check; sheet drawn in colour; colours kept as drawn,Original PDFs/c/f0018738-c46p-a11y.pdf
C48B,C48B(CA),Guide Signs,C48B_CA_C48B.svg,1526x901 mm,no SIGN SIZE table read; drawn at 1:10 — check; sheet drawn in colour; colours kept as drawn; dashed placeholder outlines on the sheet (alternate panels / messages) partly kept as small marks — check,Original PDFs/cfi/202506-c48b-ca-specification-a11y.pdf
C49D,C49D(CA),Guide Signs,C49D_CA_C49D_CA_C49D.svg,1523x1011 mm,no SIGN SIZE table read; drawn at 1:10 — check; sheet drawn in colour; colours kept as drawn,Original PDFs/cfi/202506-c49d-ca-specification-a11y.pdf
C50C,C50C(CA),Guide Signs,C50C_CA_C50C.svg,1526x900 mm,no SIGN SIZE table read; drawn at 1:10 — check; sheet drawn in colour; colours kept as drawn,Original PDFs/cfi/202506-c50c-ca-specification-a11y.pdf
C50D,C50D(CA),Guide Signs,YOUR_TAX_DOLLARS_AT_WORK_C50D.svg,1526x901 mm,no SIGN SIZE table read; drawn at 1:10 — check; sheet drawn in colour; colours kept as drawn; dashed placeholder outlines on the sheet (alternate panels / messages) partly kept as small marks — check,Original PDFs/cfi/202506-c50d-ca-specification-a11y.pdf
C51,C51(CA),Temporary Traffic Control Signs,C51_CA_C51.svg,1522x899 mm,no SIGN SIZE table read; drawn at 1:10 — check; sheet drawn in colour; colours kept as drawn; dashed placeholder outlines on the sheet (alternate panels / messages) partly kept as small marks — check,Original PDFs/c/c51-ca-a11y.pdf
SC3(CA),,Temporary Traffic Control Signs,,,scanned sheet (raster image); not drawn — needs a vector copy or tracing,Original PDFs/sc/f0019306-sc3-a11y.pdf
SC5(CA),,Temporary Traffic Control Signs,,,scanned sheet (raster image); not drawn — needs a vector copy or tracing,Original PDFs/sc/f0019307-sc5-a11y.pdf
SC7(CA),,Temporary Traffic Control Signs,,,scanned sheet (raster image); not drawn — needs a vector copy or tracing,Original PDFs/sc/f0019312-sc7-a11y.pdf
SC8(CA),,Temporary Traffic Control Signs,,,scanned sheet (raster image); not drawn — needs a vector copy or tracing,Original PDFs/sc/f0019313-sc8-a11y.pdf
SC9,SC9(CA),Temporary Traffic Control Signs,DETOUR_FWY_SC9.svg,1254x1254 mm,no SIGN SIZE table read; drawn at 1:10 — check; sheet drawn in colour; colours kept as drawn,Original PDFs/sc/f0019314-sc9-a11y.pdf
SC10(CA),,Temporary Traffic Control Signs,,,scanned sheet (raster image); not drawn — needs a vector copy or tracing,Original PDFs/sc/f0019297-sc10-a11y.pdf
SC11(CA),,Temporary Traffic Control Signs,,,scanned sheet (raster image); not drawn — needs a vector copy or tracing,Original PDFs/sc/f0019298-sc11-a11y.pdf
SC13(CA),,Temporary Traffic Control Signs,,,scanned sheet (raster image); not drawn — needs a vector copy or tracing,Original PDFs/sc/f0019300-sc13-a11y.pdf
SC15(CA),,Temporary Traffic Control Signs,,,scanned sheet (raster image); not drawn — needs a vector copy or tracing,Original PDFs/sc/f0019301-sc15-a11y.pdf
SC18,SC18(CA),Temporary Traffic Control Signs,EXIT_SC18.svg,1254x1254 mm,no SIGN SIZE table read; drawn at 1:10 — check; sheet drawn in colour; colours kept as drawn,Original PDFs/sc/f0019302-sc18-a11y.pdf
SC19,SC19(CA),Temporary Traffic Control Signs,SC19_CA_SC19.svg,2896x1905 mm,size from the sheet's SIGN SIZE table (114 x 78 in); sheet drawn in colour; colours kept as drawn,Original PDFs/sc/f0019303-sc19-a11y.pdf
SC20,SC20(CA),Temporary Traffic Control Signs,SLOW_FOR_ZONE_THE_CONE_SC20.svg,1067x914 mm,no SIGN SIZE table read; drawn at 1:10 — check; sheet drawn in colour; colours kept as drawn,Original PDFs/sc/f0019304-sc20-a11y.pdf
SC21,SC21(CA),Temporary Traffic Control Signs,CAUTION_FREQUENT_STOPPING_AND_BACKING_STAY_BACK_100_FEET_SC21.svg,1143x1600 mm,no SIGN SIZE table read; drawn at 1:10 — check; sheet drawn in colour; colours kept as drawn,Original PDFs/sc/f0019305-sc21-a11y.pdf
W11-1,W11-1(CA),Warning Signs,,,"same code as the base pack: use Federal (MUTCD 2023)/SVGs/BICYCLE_W11-1.svg (was: size from the sheet's SIGN SIZE table (36 x 60 in; other table sizes: 30 x 60, 48 x 72); colours from the sheet's COLORS note: background YELLOW, legend BLACK; dashed placeholder outlines on the sheet (alternate panels / messages) partly kept as small marks — check)",Original PDFs/w/f0019464-w11-1-a11y.pdf
W11-23,W11-23(CA),Warning Signs,WILDLIFE_CROSSING_W11-23.svg,1164x1164 mm,no SIGN SIZE table read; drawn at 1:10 — check; sheet drawn in colour; colours kept as drawn,Original PDFs/w/w11-23-ca-a11y.pdf
W20(CA),,Object Markers,,,scanned sheet (raster image); not drawn — needs a vector copy or tracing,Original PDFs/markers/f0019462-type-r-marker-a11y.pdf
W20A(CA),,Warning Signs,,,scanned sheet (raster image); not drawn — needs a vector copy or tracing,Original PDFs/w/f0019466-w20a-a11y.pdf
W20-8,W20-8,Warning Signs,,,same code as the base pack: use Federal (MUTCD 2023)/SVGs/SLOW_ON_STOP_SLOW_PADDLE_W20-8.svg (was: no SIGN SIZE table read; drawn at 1:10 — check; sheet drawn in colour; colours kept as drawn),Original PDFs/w/w20-8-a11y.pdf
W30B(CA),,Warning Signs,,,scanned sheet (raster image); not drawn — needs a vector copy or tracing,Original PDFs/w/f0019472-w30b-a11y.pdf
W30CP(CA),,Warning Signs,,,scanned sheet (raster image); not drawn — needs a vector copy or tracing,Original PDFs/w/f0019473-w30c-a11y.pdf
W31(CA),,Warning Signs,,,scanned sheet (raster image); not drawn — needs a vector copy or tracing,Original PDFs/w/f0019474-w31-a11y.pdf
W34C,W34C(CA),Warning Signs,CAUTION_VERTICAL_CLEARANCE_13_10_W34C.svg,914x1375 mm,"size from the sheet's SIGN SIZE table (36 x 54 in; other table sizes: 48 x 72); colours from the sheet's COLORS note: background YELLOW, legend BLACK; MUTCD number Non",Original PDFs/w/f0019477-w34c-a11y.pdf
W38(CA),,Warning Signs,,,scanned sheet (raster image); not drawn — needs a vector copy or tracing,Original PDFs/w/f0019478-w38-a11y.pdf
W44AP(CA),,Warning Signs,,,scanned sheet (raster image); not drawn — needs a vector copy or tracing,Original PDFs/w/f0019485-w44a-a11y.pdf
W46AP(CA),,Warning Signs,,,scanned sheet (raster image); not drawn — needs a vector copy or tracing,Original PDFs/w/f0019487-w46a-a11y.pdf
W48P(CA),,Warning Signs,,,scanned sheet (raster image); not drawn — needs a vector copy or tracing,Original PDFs/w/w48-ca-a11y.pdf
W51(CA),,Warning Signs,,,scanned sheet (raster image); not drawn — needs a vector copy or tracing,Original PDFs/w/f0019492-w51-a11y.pdf
W55(CA),,Warning Signs,,,scanned sheet (raster image); not drawn — needs a vector copy or tracing,Original PDFs/w/f0019493-w55-a11y.pdf
W59-1,W59-1(CA),Warning Signs,W59_1_CA_W59-1.svg,914x1523 mm,"size from the sheet's SIGN SIZE table (36 x 60 in; other table sizes: 30 x 60, 48 x 72); colours from the sheet's COLORS note: background YELLOW, legend BLACK; dashed placeholder outlines on the sheet (alternate panels / messages) partly kept as small marks — check",Original PDFs/w/f0019494-w59-1-a11y.pdf
W70(CA),,Warning Signs,,,scanned sheet (raster image); not drawn — needs a vector copy or tracing,Original PDFs/w/f0019497-w70-a11y.pdf
W72B,W72B(CA),Warning Signs,EXIT_W72B.svg,914x1677 mm,"size from the sheet's SIGN SIZE table (36 x 66 in; other table sizes: 48 x 78, 60 x 102); colours from the sheet's COLORS note: background YELLOW, legend BLACK",Original PDFs/w/f0019499-w72b-a11y.pdf
W73(CA),,Warning Signs,,,scanned sheet (raster image); not drawn — needs a vector copy or tracing,Original PDFs/w/f0019500-w73-a11y.pdf
W73A(CA),,Warning Signs,,,scanned sheet (raster image); not drawn — needs a vector copy or tracing,Original PDFs/w/f0019501-w73a-a11y.pdf
W74(CA),,Warning Signs,,,scanned sheet (raster image); not drawn — needs a vector copy or tracing,Original PDFs/w/f0019502-w74-a11y.pdf
W74-1,W74-1(CA),Warning Signs,THRU_TRAFFIC_MERGE_RIGHT_W74-1.svg,914x1523 mm,"size from the sheet's SIGN SIZE table (36 x 60 in; other table sizes: 30 x 60, 48 x 72); colours from the sheet's COLORS note: background YELLOW, legend BLACK",Original PDFs/w/w74-1-ca-a11y.pdf
W83P(CA),,Warning Signs,,,scanned sheet (raster image); not drawn — needs a vector copy or tracing,Original PDFs/w/f0019507-w83-a11y.pdf
W84,W84(CA),Warning Signs,SPEED_AHEAD_HUMPS_W84.svg,1174x1174 mm,no SIGN SIZE table read; drawn at 1:10 — check; sheet drawn in colour; colours kept as drawn,Original PDFs/w/f0019508-w84-a11y.pdf
W85,W85(CA),Warning Signs,SPEED_AREA_HUMP_W85.svg,1174x1174 mm,no SIGN SIZE table read; drawn at 1:10 — check; sheet drawn in colour; colours kept as drawn,Original PDFs/w/f0019509-w85-a11y.pdf
W86,W86(CA),Warning Signs,FLOODING_AHEAD_TURN_AROUND_DON_T_DROWN_W86.svg,1067x762 mm,no SIGN SIZE table read; drawn at 1:10 — check; sheet drawn in colour; colours kept as drawn,Original PDFs/w/f0019510-w86-a11y.pdf
W88-2,W88-2(CA),Warning Signs,W88_2_CA_W88-2.svg,2438x1219 mm,size from the sheet's SIGN SIZE table (96 x 48 in); sheet drawn in colour; colours kept as drawn,Original PDFs/w/f0019512-w88-2-ca-a11y.pdf
W88-3,W88-3(CA),Warning Signs,W88_3_CA_W88-3.svg,2438x1219 mm,size from the sheet's SIGN SIZE table (96 x 48 in); sheet drawn in colour; colours kept as drawn,Original PDFs/w/f0019513-w88-3-ca-a11y.pdf
W89,W89(CA),Warning Signs,W89_CA_W89.svg,2438x1219 mm,size from the sheet's SIGN SIZE table (96 x 48 in); sheet drawn in colour; colours kept as drawn,Original PDFs/w/f0019514-w89-ca-a11y.pdf
W90,W90(CA),Warning Signs,SCENE_EMERGENCY_AHEAD_W90.svg,1592x1592 mm,no SIGN SIZE table read; drawn at 1:10 — check; sheet drawn in colour; colours kept as drawn,Original PDFs/w/f0019515-w90-ca-a11y.pdf
SW4-1(CA),,Warning Signs,,,scanned sheet (raster image); not drawn — needs a vector copy or tracing,Original PDFs/sw/f0019443-sw4-1-a11y.pdf
SW24-1,SW24-1(CA),Warning Signs,SCHOOL_SW24-1.svg,762x1066 mm,no SIGN SIZE table read; drawn at 1:10 — check; sheet drawn in colour; colours kept as drawn,Original PDFs/sw/f0019433-sw24-1-a11y.pdf
SW24-2,SW24-2(CA),Warning Signs,SW24_2_CA_SW24-2.svg,762x1066 mm,no SIGN SIZE table read; drawn at 1:10 — check; sheet drawn in colour; colours kept as drawn,Original PDFs/sw/f0019434-sw24-2-a11y.pdf
SW24-3,SW24-3(CA),Warning Signs,AHEAD_SW24-3.svg,762x1066 mm,no SIGN SIZE table read; drawn at 1:10 — check; sheet drawn in colour; colours kept as drawn,Original PDFs/sw/f0019435-sw24-3-a11y.pdf
SW32(CA),,Warning Signs,,,scanned sheet (raster image); not drawn — needs a vector copy or tracing,Original PDFs/sw/f0019437-sw32-a11y.pdf
SW35(CA),,Warning Signs,,,scanned sheet (raster image); not drawn — needs a vector copy or tracing,Original PDFs/sw/f0019438-sw35-a11y.pdf
SW37(CA),,Warning Signs,,,scanned sheet (raster image); not drawn — needs a vector copy or tracing,Original PDFs/sw/f0019440-sw37-a11y.pdf
SW38(CA),,Warning Signs,,,scanned sheet (raster image); not drawn — needs a vector copy or tracing,Original PDFs/sw/f0019441-sw38-a11y.pdf
SW41(CA),,Warning Signs,,,scanned sheet (raster image); not drawn — needs a vector copy or tracing,Original PDFs/sw/f0019442-sw41-a11y.pdf
SW48(CA),,Warning Signs,,,scanned sheet (raster image); not drawn — needs a vector copy or tracing,Original PDFs/sw/f0019447-sw48-a11y.pdf
SW48-1P(CA),,Warning Signs,,,scanned sheet (raster image); not drawn — needs a vector copy or tracing,Original PDFs/sw/f0019448-sw48-1-a11y.pdf
SW49P(CA),,Warning Signs,,,scanned sheet (raster image); not drawn — needs a vector copy or tracing,Original PDFs/sw/f0019449-sw49-a11y.pdf
SW58,SW58(CA),Warning Signs,,,no drawing found on the sheet,Original PDFs/sw/f0019455-sw58-a11y.pdf
SW100(CA),,Warning Signs,,,scanned sheet (raster image); not drawn — needs a vector copy or tracing,Original PDFs/sw/f0019429-sw100-a11y.pdf
